Workbook

Sheet Read Me
A1: 🎯 Project 54.7 — Daily Wager Workbook
A2: 52.4% pays the house. 54.7% pays you.
A5: Built | B5: 2026-06-27 17:03
A7: HOW IT WORKS
A8: 1. | B8: The model's win probability for every market is locked. It does not change when odds move.
A9: 2. | B9: Type the price YOUR sportsbook is showing into the yellow “✏ Your Odds” cells (American odds, e.g. -110 or +135).
A10: 3. | B10: Implied %, Your Edge (EV), the ¼-Kelly stake and the Verdict recompute instantly — in Excel or Google Sheets, offline.
A11: 4. | B11: Set your Bankroll and Kelly fraction once on the Settings tab; every stake on every tab follows it.
A12: 5. | B12: After a game, type the closing line into the ✏ Closing column on the Games tab — CLV % shows whether you beat the close (the earliest honest sign an edge is real).
A14: READING THE VERDICT
A15: Pass | B15: Model says there's no edge at your price — skip it.
A16: Thin | B16: Positive but below your min-edge threshold.
A17: ✅ Sharp band | B17: 2–6% EV — where the model's edge has actually held up (good closing-line value). The sweet spot.
A18: Strong | B18: 6–8% EV — bigger, rarer.
A19: ⚠ Verify | B19: 8%+ EV usually means a stale or oddball price, not free money. Double-check the line before trusting it.
A21: WHY EDIT YOUR OWN ODDS?
B22: Every other tool de-vigs a sharp book for you and locks the math in an app whose lines go stale. Here the number is yours, so nothing can be out of date — and the math is in front of you.
A24: THE DEAL | B24: Personal research. Not financial advice. No bankroll promises. If gambling stops being fun, stop — call 1-800-GAMBLER.
B25: We publish our losses too — see the Track Record tab. We tell you when to pass. The trigger is always yours.

Sheet Settings
A1: ⚙ Settings
A2: Bankroll ($) | B2: 1000
A3: Kelly fraction | B3: 0.25
A4: Min edge to flag (EV) | B4: 0.02
A5: Max stake (% of bankroll) | B5: 0.05
A7: Default ¼-Kelly is deliberate: full Kelly is mathematically optimal but brutal on variance, and edges are always overestimated. Quarter-Kelly keeps ~most of the growth at a fraction of the risk.

Sheet Top Plays
A1: ⭐ Top Plays — biggest model edges today
A2: Ranked at the posted price. Swap in your book's number and watch the edge update. Nothing here is a lock.
A4: Date | B4: Matchup | C4: Start | D4: Market | E4: Selection | F4: Model Win% | G4: Model Fair | H4: ✏ Your Odds | I4: Implied% | J4: Your Edge (EV) | K4: ¼-Kelly % | L4: Stake $ | M4: Verdict | N4: Model read | O4: ✏ Closing | P4: CLV %
A5: 2026-06-27 | B5: Los Angeles Sparks @ Indiana Fever | C5: 00:00 | D5: Total | E5: Over 179.5 | F5: 0.715 | G5: -251 | H5: -104 | I5: =IF($H$5="","",IF($H$5<0,-$H$5/(-$H$5+100),100/($H$5+100))) | J5: =IF($H$5="","",$F$5*IF($H$5<0,-100/$H$5,$H$5/100)-(1-$F$5)) | K5: =IF($H$5="","",MAX(0,($F$5*IF($H$5<0,-100/$H$5,$H$5/100)-(1-$F$5))/IF($H$5<0,-100/$H$5,$H$5/100))*'Settings'!$B$3) | L5: =IF($H$5="","",ROUND(MIN($K$5,'Settings'!$B$5)*'Settings'!$B$2,2)) | M5: =IF($J$5="","",IF($J$5<0,"Pass",IF($J$5<'Settings'!$B$4,"Thin",IF($J$5<0.06,"✅ Sharp band",IF($J$5<0.08,"Strong","⚠ Verify (stale?)"))))) | N5: Model 71.5% (fair -251). Your call. | P5: =IF(OR($H$5="",$O$5=""),"",(1+IF($H$5<0,-100/$H$5,$H$5/100))/(1+IF($O$5<0,-100/$O$5,$O$5/100))-1)
A6: 2026-06-28 | B6: Cincinnati Reds @ Pittsburgh Pirates | C6: 17:35 | D6: Spread | E6: Pittsburgh Pirates -1.5 | F6: 0.49665441 | G6: 101 | H6: 172 | I6: =IF($H$6="","",IF($H$6<0,-$H$6/(-$H$6+100),100/($H$6+100))) | J6: =IF($H$6="","",$F$6*IF($H$6<0,-100/$H$6,$H$6/100)-(1-$F$6)) | K6: =IF($H$6="","",MAX(0,($F$6*IF($H$6<0,-100/$H$6,$H$6/100)-(1-$F$6))/IF($H$6<0,-100/$H$6,$H$6/100))*'Settings'!$B$3) | L6: =IF($H$6="","",ROUND(MIN($K$6,'Settings'!$B$5)*'Settings'!$B$2,2)) | M6: =IF($J$6="","",IF($J$6<0,"Pass",IF($J$6<'Settings'!$B$4,"Thin",IF($J$6<0.06,"✅ Sharp band",IF($J$6<0.08,"Strong","⚠ Verify (stale?)"))))) | N6: Model 49.7% (fair +101). Your call. | P6: =IF(OR($H$6="",$O$6=""),"",(1+IF($H$6<0,-100/$H$6,$H$6/100))/(1+IF($O$6<0,-100/$O$6,$O$6/100))-1)
A7: 2026-06-28 | B7: Cincinnati Reds @ Pittsburgh Pirates | C7: 17:35 | D7: Moneyline | E7: Pittsburgh Pirates | F7: 0.67143964 | G7: -204 | H7: -122 | I7: =IF($H$7="","",IF($H$7<0,-$H$7/(-$H$7+100),100/($H$7+100))) | J7: =IF($H$7="","",$F$7*IF($H$7<0,-100/$H$7,$H$7/100)-(1-$F$7)) | K7: =IF($H$7="","",MAX(0,($F$7*IF($H$7<0,-100/$H$7,$H$7/100)-(1-$F$7))/IF($H$7<0,-100/$H$7,$H$7/100))*'Settings'!$B$3) | L7: =IF($H$7="","",ROUND(MIN($K$7,'Settings'!$B$5)*'Settings'!$B$2,2)) | M7: =IF($J$7="","",IF($J$7<0,"Pass",IF($J$7<'Settings'!$B$4,"Thin",IF($J$7<0.06,"✅ Sharp band",IF($J$7<0.08,"Strong","⚠ Verify (stale?)"))))) | N7: Model 67.1% (fair -204). Your call. | P7: =IF(OR($H$7="",$O$7=""),"",(1+IF($H$7<0,-100/$H$7,$H$7/100))/(1+IF($O$7<0,-100/$O$7,$O$7/100))-1)
A8: 2026-06-28 | B8: Washington Nationals @ Baltimore Orioles | C8: 17:35 | D8: Total | E8: Over 9.5 | F8: 0.5857561 | G8: -141 | H8: 105 | I8: =IF($H$8="","",IF($H$8<0,-$H$8/(-$H$8+100),100/($H$8+100))) | J8: =IF($H$8="","",$F$8*IF($H$8<0,-100/$H$8,$H$8/100)-(1-$F$8)) | K8: =IF($H$8="","",MAX(0,($F$8*IF($H$8<0,-100/$H$8,$H$8/100)-(1-$F$8))/IF($H$8<0,-100/$H$8,$H$8/100))*'Settings'!$B$3) | L8: =IF($H$8="","",ROUND(MIN($K$8,'Settings'!$B$5)*'Settings'!$B$2,2)) | M8: =IF($J$8="","",IF($J$8<0,"Pass",IF($J$8<'Settings'!$B$4,"Thin",IF($J$8<0.06,"✅ Sharp band",IF($J$8<0.08,"Strong","⚠ Verify (stale?)"))))) | N8: Model 58.6% (fair -141). Your call. | P8: =IF(OR($H$8="",$O$8=""),"",(1+IF($H$8<0,-100/$H$8,$H$8/100))/(1+IF($O$8<0,-100/$O$8,$O$8/100))-1)
A9: 2026-06-28 | B9: Portland Fire @ Washington Mystics | C9: 19:00 | D9: Total | E9: Over 166.5 | F9: 0.57745098 | G9: -137 | H9: 104 | I9: =IF($H$9="","",IF($H$9<0,-$H$9/(-$H$9+100),100/($H$9+100))) | J9: =IF($H$9="","",$F$9*IF($H$9<0,-100/$H$9,$H$9/100)-(1-$F$9)) | K9: =IF($H$9="","",MAX(0,($F$9*IF($H$9<0,-100/$H$9,$H$9/100)-(1-$F$9))/IF($H$9<0,-100/$H$9,$H$9/100))*'Settings'!$B$3) | L9: =IF($H$9="","",ROUND(MIN($K$9,'Settings'!$B$5)*'Settings'!$B$2,2)) | M9: =IF($J$9="","",IF($J$9<0,"Pass",IF($J$9<'Settings'!$B$4,"Thin",IF($J$9<0.06,"✅ Sharp band",IF($J$9<0.08,"Strong","⚠ Verify (stale?)"))))) | N9: Model 57.7% (fair -137). Your call. | P9: =IF(OR($H$9="",$O$9=""),"",(1+IF($H$9<0,-100/$H$9,$H$9/100))/(1+IF($O$9<0,-100/$O$9,$O$9/100))-1)
A10: 2026-06-28 | B10: Houston Astros @ Detroit Tigers | C10: 17:40 | D10: Total | E10: Over 8.5 | F10: 0.5746 | G10: -135 | H10: 100 | I10: =IF($H$10="","",IF($H$10<0,-$H$10/(-$H$10+100),100/($H$10+100))) | J10: =IF($H$10="","",$F$10*IF($H$10<0,-100/$H$10,$H$10/100)-(1-$F$10)) | K10: =IF($H$10="","",MAX(0,($F$10*IF($H$10<0,-100/$H$10,$H$10/100)-(1-$F$10))/IF($H$10<0,-100/$H$10,$H$10/100))*'Settings'!$B$3) | L10: =IF($H$10="","",ROUND(MIN($K$10,'Settings'!$B$5)*'Settings'!$B$2,2)) | M10: =IF($J$10="","",IF($J$10<0,"Pass",IF($J$10<'Settings'!$B$4,"Thin",IF($J$10<0.06,"✅ Sharp band",IF($J$10<0.08,"Strong","⚠ Verify (stale?)"))))) | N10: Model 57.5% (fair -135). Your call. | P10: =IF(OR($H$10="",$O$10=""),"",(1+IF($H$10<0,-100/$H$10,$H$10/100))/(1+IF($O$10<0,-100/$O$10,$O$10/100))-1)
A11: 2026-06-28 | B11: Kansas City Royals @ Chicago White Sox | C11: 18:10 | D11: Total | E11: Over 9 | F11: 0.58666829 | G11: -142 | H11: -105 | I11: =IF($H$11="","",IF($H$11<0,-$H$11/(-$H$11+100),100/($H$11+100))) | J11: =IF($H$11="","",$F$11*IF($H$11<0,-100/$H$11,$H$11/100)-(1-$F$11)) | K11: =IF($H$11="","",MAX(0,($F$11*IF($H$11<0,-100/$H$11,$H$11/100)-(1-$F$11))/IF($H$11<0,-100/$H$11,$H$11/100))*'Settings'!$B$3) | L11: =IF($H$11="","",ROUND(MIN($K$11,'Settings'!$B$5)*'Settings'!$B$2,2)) | M11: =IF($J$11="","",IF($J$11<0,"Pass",IF($J$11<'Settings'!$B$4,"Thin",IF($J$11<0.06,"✅ Sharp band",IF($J$11<0.08,"Strong","⚠ Verify (stale?)"))))) | N11: Model 58.7% (fair -142). Your call. | P11: =IF(OR($H$11="",$O$11=""),"",(1+IF($H$11<0,-100/$H$11,$H$11/100))/(1+IF($O$11<0,-100/$O$11,$O$11/100))-1)
A12: 2026-06-27 | B12: Cincinnati Reds @ Pittsburgh Pirates | C12: 20:05 | D12: Moneyline | E12: Pittsburgh Pirates | F12: 0.55601942 | G12: -125 | H12: 106 | I12: =IF($H$12="","",IF($H$12<0,-$H$12/(-$H$12+100),100/($H$12+100))) | J12: =IF($H$12="","",$F$12*IF($H$12<0,-100/$H$12,$H$12/100)-(1-$F$12)) | K12: =IF($H$12="","",MAX(0,($F$12*IF($H$12<0,-100/$H$12,$H$12/100)-(1-$F$12))/IF($H$12<0,-100/$H$12,$H$12/100))*'Settings'!$B$3) | L12: =IF($H$12="","",ROUND(MIN($K$12,'Settings'!$B$5)*'Settings'!$B$2,2)) | M12: =IF($J$12="","",IF($J$12<0,"Pass",IF($J$12<'Settings'!$B$4,"Thin",IF($J$12<0.06,"✅ Sharp band",IF($J$12<0.08,"Strong","⚠ Verify (stale?)"))))) | N12: Model 55.6% (fair -125). Your call. | P12: =IF(OR($H$12="",$O$12=""),"",(1+IF($H$12<0,-100/$H$12,$H$12/100))/(1+IF($O$12<0,-100/$O$12,$O$12/100))-1)
A13: 2026-06-28 | B13: New York Liberty @ Golden State Valkyries | C13: 23:00 | D13: Spread | E13: Golden State Valkyries +1.5 | F13: 0.5795451 | G13: -138 | H13: -104 | I13: =IF($H$13="","",IF($H$13<0,-$H$13/(-$H$13+100),100/($H$13+100))) | J13: =IF($H$13="","",$F$13*IF($H$13<0,-100/$H$13,$H$13/100)-(1-$F$13)) | K13: =IF($H$13="","",MAX(0,($F$13*IF($H$13<0,-100/$H$13,$H$13/100)-(1-$F$13))/IF($H$13<0,-100/$H$13,$H$13/100))*'Settings'!$B$3) | L13: =IF($H$13="","",ROUND(MIN($K$13,'Settings'!$B$5)*'Settings'!$B$2,2)) | M13: =IF($J$13="","",IF($J$13<0,"Pass",IF($J$13<'Settings'!$B$4,"Thin",IF($J$13<0.06,"✅ Sharp band",IF($J$13<0.08,"Strong","⚠ Verify (stale?)"))))) | N13: Model 58.0% (fair -138). Your call. | P13: =IF(OR($H$13="",$O$13=""),"",(1+IF($H$13<0,-100/$H$13,$H$13/100))/(1+IF($O$13<0,-100/$O$13,$O$13/100))-1)
A14: 2026-06-28 | B14: New York Liberty @ Golden State Valkyries | C14: 23:00 | D14: Moneyline | E14: Golden State Valkyries | F14: 0.57832157 | G14: -137 | H14: -104 | I14: =IF($H$14="","",IF($H$14<0,-$H$14/(-$H$14+100),100/($H$14+100))) | J14: =IF($H$14="","",$F$14*IF($H$14<0,-100/$H$14,$H$14/100)-(1-$F$14)) | K14: =IF($H$14="","",MAX(0,($F$14*IF($H$14<0,-100/$H$14,$H$14/100)-(1-$F$14))/IF($H$14<0,-100/$H$14,$H$14/100))*'Settings'!$B$3) | L14: =IF($H$14="","",ROUND(MIN($K$14,'Settings'!$B$5)*'Settings'!$B$2,2)) | M14: =IF($J$14="","",IF($J$14<0,"Pass",IF($J$14<'Settings'!$B$4,"Thin",IF($J$14<0.06,"✅ Sharp band",IF($J$14<0.08,"Strong","⚠ Verify (stale?)"))))) | N14: Model 57.8% (fair -137). Your call. | P14: =IF(OR($H$14="",$O$14=""),"",(1+IF($H$14<0,-100/$H$14,$H$14/100))/(1+IF($O$14<0,-100/$O$14,$O$14/100))-1)
A15: 2026-06-28 | B15: Seattle Mariners @ Cleveland Guardians | C15: 17:40 | D15: Moneyline | E15: Seattle Mariners | F15: 0.54375 | G15: -119 | H15: 108 | I15: =IF($H$15="","",IF($H$15<0,-$H$15/(-$H$15+100),100/($H$15+100))) | J15: =IF($H$15="","",$F$15*IF($H$15<0,-100/$H$15,$H$15/100)-(1-$F$15)) | K15: =IF($H$15="","",MAX(0,($F$15*IF($H$15<0,-100/$H$15,$H$15/100)-(1-$F$15))/IF($H$15<0,-100/$H$15,$H$15/100))*'Settings'!$B$3) | L15: =IF($H$15="","",ROUND(MIN($K$15,'Settings'!$B$5)*'Settings'!$B$2,2)) | M15: =IF($J$15="","",IF($J$15<0,"Pass",IF($J$15<'Settings'!$B$4,"Thin",IF($J$15<0.06,"✅ Sharp band",IF($J$15<0.08,"Strong","⚠ Verify (stale?)"))))) | N15: Model 54.4% (fair -119). Your call. | P15: =IF(OR($H$15="",$O$15=""),"",(1+IF($H$15<0,-100/$H$15,$H$15/100))/(1+IF($O$15<0,-100/$O$15,$O$15/100))-1)
A16: 2026-06-28 | B16: Arizona Diamondbacks @ Tampa Bay Rays | C16: 17:40 | D16: Total | E16: Over 7.5 | F16: 0.59580698 | G16: -147 | H16: -115 | I16: =IF($H$16="","",IF($H$16<0,-$H$16/(-$H$16+100),100/($H$16+100))) | J16: =IF($H$16="","",$F$16*IF($H$16<0,-100/$H$16,$H$16/100)-(1-$F$16)) | K16: =IF($H$16="","",MAX(0,($F$16*IF($H$16<0,-100/$H$16,$H$16/100)-(1-$F$16))/IF($H$16<0,-100/$H$16,$H$16/100))*'Settings'!$B$3) | L16: =IF($H$16="","",ROUND(MIN($K$16,'Settings'!$B$5)*'Settings'!$B$2,2)) | M16: =IF($J$16="","",IF($J$16<0,"Pass",IF($J$16<'Settings'!$B$4,"Thin",IF($J$16<0.06,"✅ Sharp band",IF($J$16<0.08,"Strong","⚠ Verify (stale?)"))))) | N16: Model 59.6% (fair -147). Your call. | P16: =IF(OR($H$16="",$O$16=""),"",(1+IF($H$16<0,-100/$H$16,$H$16/100))/(1+IF($O$16<0,-100/$O$16,$O$16/100))-1)
A17: 2026-06-28 | B17: Las Vegas Aces @ Chicago Sky | C17: 20:00 | D17: Spread | E17: Chicago Sky +7.5 | F17: 0.57676154 | G17: -136 | H17: -108 | I17: =IF($H$17="","",IF($H$17<0,-$H$17/(-$H$17+100),100/($H$17+100))) | J17: =IF($H$17="","",$F$17*IF($H$17<0,-100/$H$17,$H$17/100)-(1-$F$17)) | K17: =IF($H$17="","",MAX(0,($F$17*IF($H$17<0,-100/$H$17,$H$17/100)-(1-$F$17))/IF($H$17<0,-100/$H$17,$H$17/100))*'Settings'!$B$3) | L17: =IF($H$17="","",ROUND(MIN($K$17,'Settings'!$B$5)*'Settings'!$B$2,2)) | M17: =IF($J$17="","",IF($J$17<0,"Pass",IF($J$17<'Settings'!$B$4,"Thin",IF($J$17<0.06,"✅ Sharp band",IF($J$17<0.08,"Strong","⚠ Verify (stale?)"))))) | N17: Model 57.7% (fair -136). Your call. | P17: =IF(OR($H$17="",$O$17=""),"",(1+IF($H$17<0,-100/$H$17,$H$17/100))/(1+IF($O$17<0,-100/$O$17,$O$17/100))-1)
A18: 2026-06-28 | B18: Washington Nationals @ Baltimore Orioles | C18: 17:35 | D18: Spread | E18: Baltimore Orioles -1.5 | F18: 0.52738095 | G18: -112 | H18: 110 | I18: =IF($H$18="","",IF($H$18<0,-$H$18/(-$H$18+100),100/($H$18+100))) | J18: =IF($H$18="","",$F$18*IF($H$18<0,-100/$H$18,$H$18/100)-(1-$F$18)) | K18: =IF($H$18="","",MAX(0,($F$18*IF($H$18<0,-100/$H$18,$H$18/100)-(1-$F$18))/IF($H$18<0,-100/$H$18,$H$18/100))*'Settings'!$B$3) | L18: =IF($H$18="","",ROUND(MIN($K$18,'Settings'!$B$5)*'Settings'!$B$2,2)) | M18: =IF($J$18="","",IF($J$18<0,"Pass",IF($J$18<'Settings'!$B$4,"Thin",IF($J$18<0.06,"✅ Sharp band",IF($J$18<0.08,"Strong","⚠ Verify (stale?)"))))) | N18: Model 52.7% (fair -112). Your call. | P18: =IF(OR($H$18="",$O$18=""),"",(1+IF($H$18<0,-100/$H$18,$H$18/100))/(1+IF($O$18<0,-100/$O$18,$O$18/100))-1)
A19: 2026-06-28 | B19: Washington Nationals @ Baltimore Orioles | C19: 17:35 | D19: Moneyline | E19: Baltimore Orioles | F19: 0.6854057 | G19: -218 | H19: -163 | I19: =IF($H$19="","",IF($H$19<0,-$H$19/(-$H$19+100),100/($H$19+100))) | J19: =IF($H$19="","",$F$19*IF($H$19<0,-100/$H$19,$H$19/100)-(1-$F$19)) | K19: =IF($H$19="","",MAX(0,($F$19*IF($H$19<0,-100/$H$19,$H$19/100)-(1-$F$19))/IF($H$19<0,-100/$H$19,$H$19/100))*'Settings'!$B$3) | L19: =IF($H$19="","",ROUND(MIN($K$19,'Settings'!$B$5)*'Settings'!$B$2,2)) | M19: =IF($J$19="","",IF($J$19<0,"Pass",IF($J$19<'Settings'!$B$4,"Thin",IF($J$19<0.06,"✅ Sharp band",IF($J$19<0.08,"Strong","⚠ Verify (stale?)"))))) | N19: Model 68.5% (fair -218). Your call. | P19: =IF(OR($H$19="",$O$19=""),"",(1+IF($H$19<0,-100/$H$19,$H$19/100))/(1+IF($O$19<0,-100/$O$19,$O$19/100))-1)
A20: 2026-06-28 | B20: Las Vegas Aces @ Chicago Sky | C20: 20:00 | D20: Total | E20: Over 178.5 | F20: 0.55275 | G20: -124 | H20: 100 | I20: =IF($H$20="","",IF($H$20<0,-$H$20/(-$H$20+100),100/($H$20+100))) | J20: =IF($H$20="","",$F$20*IF($H$20<0,-100/$H$20,$H$20/100)-(1-$F$20)) | K20: =IF($H$20="","",MAX(0,($F$20*IF($H$20<0,-100/$H$20,$H$20/100)-(1-$F$20))/IF($H$20<0,-100/$H$20,$H$20/100))*'Settings'!$B$3) | L20: =IF($H$20="","",ROUND(MIN($K$20,'Settings'!$B$5)*'Settings'!$B$2,2)) | M20: =IF($J$20="","",IF($J$20<0,"Pass",IF($J$20<'Settings'!$B$4,"Thin",IF($J$20<0.06,"✅ Sharp band",IF($J$20<0.08,"Strong","⚠ Verify (stale?)"))))) | N20: Model 55.3% (fair -124). Your call. | P20: =IF(OR($H$20="",$O$20=""),"",(1+IF($H$20<0,-100/$H$20,$H$20/100))/(1+IF($O$20<0,-100/$O$20,$O$20/100))-1)
A21: 2026-06-28 | B21: Texas Rangers @ Toronto Blue Jays | C21: 17:37 | D21: Total | E21: Over 8.5 | F21: 0.55175 | G21: -123 | H21: 100 | I21: =IF($H$21="","",IF($H$21<0,-$H$21/(-$H$21+100),100/($H$21+100))) | J21: =IF($H$21="","",$F$21*IF($H$21<0,-100/$H$21,$H$21/100)-(1-$F$21)) | K21: =IF($H$21="","",MAX(0,($F$21*IF($H$21<0,-100/$H$21,$H$21/100)-(1-$F$21))/IF($H$21<0,-100/$H$21,$H$21/100))*'Settings'!$B$3) | L21: =IF($H$21="","",ROUND(MIN($K$21,'Settings'!$B$5)*'Settings'!$B$2,2)) | M21: =IF($J$21="","",IF($J$21<0,"Pass",IF($J$21<'Settings'!$B$4,"Thin",IF($J$21<0.06,"✅ Sharp band",IF($J$21<0.08,"Strong","⚠ Verify (stale?)"))))) | N21: Model 55.2% (fair -123). Your call. | P21: =IF(OR($H$21="",$O$21=""),"",(1+IF($H$21<0,-100/$H$21,$H$21/100))/(1+IF($O$21<0,-100/$O$21,$O$21/100))-1)
A22: 2026-06-28 | B22: New York Liberty @ Golden State Valkyries | C22: 23:00 | D22: Total | E22: Over 163.5 | F22: 0.57692381 | G22: -136 | H22: -110 | I22: =IF($H$22="","",IF($H$22<0,-$H$22/(-$H$22+100),100/($H$22+100))) | J22: =IF($H$22="","",$F$22*IF($H$22<0,-100/$H$22,$H$22/100)-(1-$F$22)) | K22: =IF($H$22="","",MAX(0,($F$22*IF($H$22<0,-100/$H$22,$H$22/100)-(1-$F$22))/IF($H$22<0,-100/$H$22,$H$22/100))*'Settings'!$B$3) | L22: =IF($H$22="","",ROUND(MIN($K$22,'Settings'!$B$5)*'Settings'!$B$2,2)) | M22: =IF($J$22="","",IF($J$22<0,"Pass",IF($J$22<'Settings'!$B$4,"Thin",IF($J$22<0.06,"✅ Sharp band",IF($J$22<0.08,"Strong","⚠ Verify (stale?)"))))) | N22: Model 57.7% (fair -136). Your call. | P22: =IF(OR($H$22="",$O$22=""),"",(1+IF($H$22<0,-100/$H$22,$H$22/100))/(1+IF($O$22<0,-100/$O$22,$O$22/100))-1)
A23: 2026-06-28 | B23: Atlanta Braves @ San Francisco Giants | C23: 20:05 | D23: Total | E23: Over 7.5 | F23: 0.56367073 | G23: -129 | H23: -105 | I23: =IF($H$23="","",IF($H$23<0,-$H$23/(-$H$23+100),100/($H$23+100))) | J23: =IF($H$23="","",$F$23*IF($H$23<0,-100/$H$23,$H$23/100)-(1-$F$23)) | K23: =IF($H$23="","",MAX(0,($F$23*IF($H$23<0,-100/$H$23,$H$23/100)-(1-$F$23))/IF($H$23<0,-100/$H$23,$H$23/100))*'Settings'!$B$3) | L23: =IF($H$23="","",ROUND(MIN($K$23,'Settings'!$B$5)*'Settings'!$B$2,2)) | M23: =IF($J$23="","",IF($J$23<0,"Pass",IF($J$23<'Settings'!$B$4,"Thin",IF($J$23<0.06,"✅ Sharp band",IF($J$23<0.08,"Strong","⚠ Verify (stale?)"))))) | N23: Model 56.4% (fair -129). Your call. | P23: =IF(OR($H$23="",$O$23=""),"",(1+IF($H$23<0,-100/$H$23,$H$23/100))/(1+IF($O$23<0,-100/$O$23,$O$23/100))-1)
A24: 2026-06-27 | B24: Washington Nationals @ Baltimore Orioles | C24: 23:05 | D24: Moneyline | E24: Baltimore Orioles | F24: 0.55104706 | G24: -123 | H24: -104 | I24: =IF($H$24="","",IF($H$24<0,-$H$24/(-$H$24+100),100/($H$24+100))) | J24: =IF($H$24="","",$F$24*IF($H$24<0,-100/$H$24,$H$24/100)-(1-$F$24)) | K24: =IF($H$24="","",MAX(0,($F$24*IF($H$24<0,-100/$H$24,$H$24/100)-(1-$F$24))/IF($H$24<0,-100/$H$24,$H$24/100))*'Settings'!$B$3) | L24: =IF($H$24="","",ROUND(MIN($K$24,'Settings'!$B$5)*'Settings'!$B$2,2)) | M24: =IF($J$24="","",IF($J$24<0,"Pass",IF($J$24<'Settings'!$B$4,"Thin",IF($J$24<0.06,"✅ Sharp band",IF($J$24<0.08,"Strong","⚠ Verify (stale?)"))))) | N24: Model 55.1% (fair -123). Your call. | P24: =IF(OR($H$24="",$O$24=""),"",(1+IF($H$24<0,-100/$H$24,$H$24/100))/(1+IF($O$24<0,-100/$O$24,$O$24/100))-1)
A25: 2026-06-27 | B25: Arizona Diamondbacks @ Tampa Bay Rays | C25: 22:10 | D25: Moneyline | E25: Arizona Diamondbacks | F25: 0.47528634 | G25: 110 | H25: 127 | I25: =IF($H$25="","",IF($H$25<0,-$H$25/(-$H$25+100),100/($H$25+100))) | J25: =IF($H$25="","",$F$25*IF($H$25<0,-100/$H$25,$H$25/100)-(1-$F$25)) | K25: =IF($H$25="","",MAX(0,($F$25*IF($H$25<0,-100/$H$25,$H$25/100)-(1-$F$25))/IF($H$25<0,-100/$H$25,$H$25/100))*'Settings'!$B$3) | L25: =IF($H$25="","",ROUND(MIN($K$25,'Settings'!$B$5)*'Settings'!$B$2,2)) | M25: =IF($J$25="","",IF($J$25<0,"Pass",IF($J$25<'Settings'!$B$4,"Thin",IF($J$25<0.06,"✅ Sharp band",IF($J$25<0.08,"Strong","⚠ Verify (stale?)"))))) | N25: Model 47.5% (fair +110). Your call. | P25: =IF(OR($H$25="",$O$25=""),"",(1+IF($H$25<0,-100/$H$25,$H$25/100))/(1+IF($O$25<0,-100/$O$25,$O$25/100))-1)
A26: 2026-06-28 | B26: Kansas City Royals @ Chicago White Sox | C26: 18:10 | D26: Spread | E26: Chicago White Sox -1.5 | F26: 0.42235294 | G26: 137 | H26: 155 | I26: =IF($H$26="","",IF($H$26<0,-$H$26/(-$H$26+100),100/($H$26+100))) | J26: =IF($H$26="","",$F$26*IF($H$26<0,-100/$H$26,$H$26/100)-(1-$F$26)) | K26: =IF($H$26="","",MAX(0,($F$26*IF($H$26<0,-100/$H$26,$H$26/100)-(1-$F$26))/IF($H$26<0,-100/$H$26,$H$26/100))*'Settings'!$B$3) | L26: =IF($H$26="","",ROUND(MIN($K$26,'Settings'!$B$5)*'Settings'!$B$2,2)) | M26: =IF($J$26="","",IF($J$26<0,"Pass",IF($J$26<'Settings'!$B$4,"Thin",IF($J$26<0.06,"✅ Sharp band",IF($J$26<0.08,"Strong","⚠ Verify (stale?)"))))) | N26: Model 42.2% (fair +137). Your call. | P26: =IF(OR($H$26="",$O$26=""),"",(1+IF($H$26<0,-100/$H$26,$H$26/100))/(1+IF($O$26<0,-100/$O$26,$O$26/100))-1)
A27: 2026-06-28 | B27: New York Yankees @ Boston Red Sox | C27: 23:20 | D27: Total | E27: Under 9 | F27: 0.51725962 | G27: -107 | H27: 108 | I27: =IF($H$27="","",IF($H$27<0,-$H$27/(-$H$27+100),100/($H$27+100))) | J27: =IF($H$27="","",$F$27*IF($H$27<0,-100/$H$27,$H$27/100)-(1-$F$27)) | K27: =IF($H$27="","",MAX(0,($F$27*IF($H$27<0,-100/$H$27,$H$27/100)-(1-$F$27))/IF($H$27<0,-100/$H$27,$H$27/100))*'Settings'!$B$3) | L27: =IF($H$27="","",ROUND(MIN($K$27,'Settings'!$B$5)*'Settings'!$B$2,2)) | M27: =IF($J$27="","",IF($J$27<0,"Pass",IF($J$27<'Settings'!$B$4,"Thin",IF($J$27<0.06,"✅ Sharp band",IF($J$27<0.08,"Strong","⚠ Verify (stale?)"))))) | N27: Model 51.7% (fair -107). Your call. | P27: =IF(OR($H$27="",$O$27=""),"",(1+IF($H$27<0,-100/$H$27,$H$27/100))/(1+IF($O$27<0,-100/$O$27,$O$27/100))-1)
A28: 2026-06-28 | B28: Colorado Rockies @ Minnesota Twins | C28: 18:10 | D28: Total | E28: Over 9.5 | F28: 0.53585 | G28: -115 | H28: 100 | I28: =IF($H$28="","",IF($H$28<0,-$H$28/(-$H$28+100),100/($H$28+100))) | J28: =IF($H$28="","",$F$28*IF($H$28<0,-100/$H$28,$H$28/100)-(1-$F$28)) | K28: =IF($H$28="","",MAX(0,($F$28*IF($H$28<0,-100/$H$28,$H$28/100)-(1-$F$28))/IF($H$28<0,-100/$H$28,$H$28/100))*'Settings'!$B$3) | L28: =IF($H$28="","",ROUND(MIN($K$28,'Settings'!$B$5)*'Settings'!$B$2,2)) | M28: =IF($J$28="","",IF($J$28<0,"Pass",IF($J$28<'Settings'!$B$4,"Thin",IF($J$28<0.06,"✅ Sharp band",IF($J$28<0.08,"Strong","⚠ Verify (stale?)"))))) | N28: Model 53.6% (fair -115). Your call. | P28: =IF(OR($H$28="",$O$28=""),"",(1+IF($H$28<0,-100/$H$28,$H$28/100))/(1+IF($O$28<0,-100/$O$28,$O$28/100))-1)
A29: 2026-06-27 | B29: Chicago Cubs @ Milwaukee Brewers | C29: 23:10 | D29: Moneyline | E29: Milwaukee Brewers | F29: 0.63241967 | G29: -172 | H29: -144 | I29: =IF($H$29="","",IF($H$29<0,-$H$29/(-$H$29+100),100/($H$29+100))) | J29: =IF($H$29="","",$F$29*IF($H$29<0,-100/$H$29,$H$29/100)-(1-$F$29)) | K29: =IF($H$29="","",MAX(0,($F$29*IF($H$29<0,-100/$H$29,$H$29/100)-(1-$F$29))/IF($H$29<0,-100/$H$29,$H$29/100))*'Settings'!$B$3) | L29: =IF($H$29="","",ROUND(MIN($K$29,'Settings'!$B$5)*'Settings'!$B$2,2)) | M29: =IF($J$29="","",IF($J$29<0,"Pass",IF($J$29<'Settings'!$B$4,"Thin",IF($J$29<0.06,"✅ Sharp band",IF($J$29<0.08,"Strong","⚠ Verify (stale?)"))))) | N29: Model 63.2% (fair -172). Your call. | P29: =IF(OR($H$29="",$O$29=""),"",(1+IF($H$29<0,-100/$H$29,$H$29/100))/(1+IF($O$29<0,-100/$O$29,$O$29/100))-1)

Sheet MLB Games
A1: MLB — game markets
A2: Moneyline · Total · Spread. Yellow = your price.
A4: Date | B4: Matchup | C4: Start | D4: Market | E4: Selection | F4: Model Win% | G4: Model Fair | H4: ✏ Your Odds | I4: Implied% | J4: Your Edge (EV) | K4: ¼-Kelly % | L4: Stake $ | M4: Verdict | N4: Model read | O4: ✏ Closing | P4: CLV %
A5: 2026-06-27 | B5: Houston Astros @ Detroit Tigers | C5: 17:10 | D5: Moneyline | E5: Houston Astros | F5: 0.43982063 | G5: 127 | H5: 123 | I5: =IF($H$5="","",IF($H$5<0,-$H$5/(-$H$5+100),100/($H$5+100))) | J5: =IF($H$5="","",$F$5*IF($H$5<0,-100/$H$5,$H$5/100)-(1-$F$5)) | K5: =IF($H$5="","",MAX(0,($F$5*IF($H$5<0,-100/$H$5,$H$5/100)-(1-$F$5))/IF($H$5<0,-100/$H$5,$H$5/100))*'Settings'!$B$3) | L5: =IF($H$5="","",ROUND(MIN($K$5,'Settings'!$B$5)*'Settings'!$B$2,2)) | M5: =IF($J$5="","",IF($J$5<0,"Pass",IF($J$5<'Settings'!$B$4,"Thin",IF($J$5<0.06,"✅ Sharp band",IF($J$5<0.08,"Strong","⚠ Verify (stale?)"))))) | N5: Model 44.0% (fair +127). Your call. | P5: =IF(OR($H$5="",$O$5=""),"",(1+IF($H$5<0,-100/$H$5,$H$5/100))/(1+IF($O$5<0,-100/$O$5,$O$5/100))-1)
A6: 2026-06-27 | B6: Houston Astros @ Detroit Tigers | C6: 17:10 | D6: Moneyline | E6: Detroit Tigers | F6: 0.56019868 | G6: -127 | H6: -127 | I6: =IF($H$6="","",IF($H$6<0,-$H$6/(-$H$6+100),100/($H$6+100))) | J6: =IF($H$6="","",$F$6*IF($H$6<0,-100/$H$6,$H$6/100)-(1-$F$6)) | K6: =IF($H$6="","",MAX(0,($F$6*IF($H$6<0,-100/$H$6,$H$6/100)-(1-$F$6))/IF($H$6<0,-100/$H$6,$H$6/100))*'Settings'!$B$3) | L6: =IF($H$6="","",ROUND(MIN($K$6,'Settings'!$B$5)*'Settings'!$B$2,2)) | M6: =IF($J$6="","",IF($J$6<0,"Pass",IF($J$6<'Settings'!$B$4,"Thin",IF($J$6<0.06,"✅ Sharp band",IF($J$6<0.08,"Strong","⚠ Verify (stale?)"))))) | N6: Model 56.0% (fair -127). Your call. | P6: =IF(OR($H$6="",$O$6=""),"",(1+IF($H$6<0,-100/$H$6,$H$6/100))/(1+IF($O$6<0,-100/$O$6,$O$6/100))-1)
A7: 2026-06-27 | B7: Houston Astros @ Detroit Tigers | C7: 17:10 | D7: Total | E7: Over 9 | F7: 0.5093 | G7: -104 | H7: 125 | I7: =IF($H$7="","",IF($H$7<0,-$H$7/(-$H$7+100),100/($H$7+100))) | J7: =IF($H$7="","",$F$7*IF($H$7<0,-100/$H$7,$H$7/100)-(1-$F$7)) | K7: =IF($H$7="","",MAX(0,($F$7*IF($H$7<0,-100/$H$7,$H$7/100)-(1-$F$7))/IF($H$7<0,-100/$H$7,$H$7/100))*'Settings'!$B$3) | L7: =IF($H$7="","",ROUND(MIN($K$7,'Settings'!$B$5)*'Settings'!$B$2,2)) | M7: =IF($J$7="","",IF($J$7<0,"Pass",IF($J$7<'Settings'!$B$4,"Thin",IF($J$7<0.06,"✅ Sharp band",IF($J$7<0.08,"Strong","⚠ Verify (stale?)"))))) | N7: Model 50.9% (fair -104). Your call. | P7: =IF(OR($H$7="",$O$7=""),"",(1+IF($H$7<0,-100/$H$7,$H$7/100))/(1+IF($O$7<0,-100/$O$7,$O$7/100))-1)
A8: 2026-06-27 | B8: Houston Astros @ Detroit Tigers | C8: 17:10 | D8: Total | E8: Under 9 | F8: 0.4907 | G8: 104 | H8: 100 | I8: =IF($H$8="","",IF($H$8<0,-$H$8/(-$H$8+100),100/($H$8+100))) | J8: =IF($H$8="","",$F$8*IF($H$8<0,-100/$H$8,$H$8/100)-(1-$F$8)) | K8: =IF($H$8="","",MAX(0,($F$8*IF($H$8<0,-100/$H$8,$H$8/100)-(1-$F$8))/IF($H$8<0,-100/$H$8,$H$8/100))*'Settings'!$B$3) | L8: =IF($H$8="","",ROUND(MIN($K$8,'Settings'!$B$5)*'Settings'!$B$2,2)) | M8: =IF($J$8="","",IF($J$8<0,"Pass",IF($J$8<'Settings'!$B$4,"Thin",IF($J$8<0.06,"✅ Sharp band",IF($J$8<0.08,"Strong","⚠ Verify (stale?)"))))) | N8: Model 49.1% (fair +104). Your call. | P8: =IF(OR($H$8="",$O$8=""),"",(1+IF($H$8<0,-100/$H$8,$H$8/100))/(1+IF($O$8<0,-100/$O$8,$O$8/100))-1)
A9: 2026-06-27 | B9: Houston Astros @ Detroit Tigers | C9: 17:10 | D9: Spread | E9: Detroit Tigers -1.5 | F9: 0.38303846 | G9: 161 | H9: 160 | I9: =IF($H$9="","",IF($H$9<0,-$H$9/(-$H$9+100),100/($H$9+100))) | J9: =IF($H$9="","",$F$9*IF($H$9<0,-100/$H$9,$H$9/100)-(1-$F$9)) | K9: =IF($H$9="","",MAX(0,($F$9*IF($H$9<0,-100/$H$9,$H$9/100)-(1-$F$9))/IF($H$9<0,-100/$H$9,$H$9/100))*'Settings'!$B$3) | L9: =IF($H$9="","",ROUND(MIN($K$9,'Settings'!$B$5)*'Settings'!$B$2,2)) | M9: =IF($J$9="","",IF($J$9<0,"Pass",IF($J$9<'Settings'!$B$4,"Thin",IF($J$9<0.06,"✅ Sharp band",IF($J$9<0.08,"Strong","⚠ Verify (stale?)"))))) | N9: Model 38.3% (fair +161). Your call. | P9: =IF(OR($H$9="",$O$9=""),"",(1+IF($H$9<0,-100/$H$9,$H$9/100))/(1+IF($O$9<0,-100/$O$9,$O$9/100))-1)
A10: 2026-06-27 | B10: Houston Astros @ Detroit Tigers | C10: 17:10 | D10: Spread | E10: Houston Astros +1.5 | F10: 0.61698289 | G10: -161 | H10: -163 | I10: =IF($H$10="","",IF($H$10<0,-$H$10/(-$H$10+100),100/($H$10+100))) | J10: =IF($H$10="","",$F$10*IF($H$10<0,-100/$H$10,$H$10/100)-(1-$F$10)) | K10: =IF($H$10="","",MAX(0,($F$10*IF($H$10<0,-100/$H$10,$H$10/100)-(1-$F$10))/IF($H$10<0,-100/$H$10,$H$10/100))*'Settings'!$B$3) | L10: =IF($H$10="","",ROUND(MIN($K$10,'Settings'!$B$5)*'Settings'!$B$2,2)) | M10: =IF($J$10="","",IF($J$10<0,"Pass",IF($J$10<'Settings'!$B$4,"Thin",IF($J$10<0.06,"✅ Sharp band",IF($J$10<0.08,"Strong","⚠ Verify (stale?)"))))) | N10: Model 61.7% (fair -161). Your call. | P10: =IF(OR($H$10="",$O$10=""),"",(1+IF($H$10<0,-100/$H$10,$H$10/100))/(1+IF($O$10<0,-100/$O$10,$O$10/100))-1)
A11: 2026-06-27 | B11: New York Yankees @ Boston Red Sox | C11: 17:10 | D11: Moneyline | E11: New York Yankees | F11: 0.52876863 | G11: -112 | H11: -104 | I11: =IF($H$11="","",IF($H$11<0,-$H$11/(-$H$11+100),100/($H$11+100))) | J11: =IF($H$11="","",$F$11*IF($H$11<0,-100/$H$11,$H$11/100)-(1-$F$11)) | K11: =IF($H$11="","",MAX(0,($F$11*IF($H$11<0,-100/$H$11,$H$11/100)-(1-$F$11))/IF($H$11<0,-100/$H$11,$H$11/100))*'Settings'!$B$3) | L11: =IF($H$11="","",ROUND(MIN($K$11,'Settings'!$B$5)*'Settings'!$B$2,2)) | M11: =IF($J$11="","",IF($J$11<0,"Pass",IF($J$11<'Settings'!$B$4,"Thin",IF($J$11<0.06,"✅ Sharp band",IF($J$11<0.08,"Strong","⚠ Verify (stale?)"))))) | N11: Model 52.9% (fair -112). Your call. | P11: =IF(OR($H$11="",$O$11=""),"",(1+IF($H$11<0,-100/$H$11,$H$11/100))/(1+IF($O$11<0,-100/$O$11,$O$11/100))-1)
A12: 2026-06-27 | B12: New York Yankees @ Boston Red Sox | C12: 17:10 | D12: Moneyline | E12: Boston Red Sox | F12: 0.47122549 | G12: 112 | H12: 104 | I12: =IF($H$12="","",IF($H$12<0,-$H$12/(-$H$12+100),100/($H$12+100))) | J12: =IF($H$12="","",$F$12*IF($H$12<0,-100/$H$12,$H$12/100)-(1-$F$12)) | K12: =IF($H$12="","",MAX(0,($F$12*IF($H$12<0,-100/$H$12,$H$12/100)-(1-$F$12))/IF($H$12<0,-100/$H$12,$H$12/100))*'Settings'!$B$3) | L12: =IF($H$12="","",ROUND(MIN($K$12,'Settings'!$B$5)*'Settings'!$B$2,2)) | M12: =IF($J$12="","",IF($J$12<0,"Pass",IF($J$12<'Settings'!$B$4,"Thin",IF($J$12<0.06,"✅ Sharp band",IF($J$12<0.08,"Strong","⚠ Verify (stale?)"))))) | N12: Model 47.1% (fair +112). Your call. | P12: =IF(OR($H$12="",$O$12=""),"",(1+IF($H$12<0,-100/$H$12,$H$12/100))/(1+IF($O$12<0,-100/$O$12,$O$12/100))-1)
A13: 2026-06-27 | B13: New York Yankees @ Boston Red Sox | C13: 17:10 | D13: Total | E13: Over 8.5 | F13: 0.5897 | G13: -144 | H13: 117 | I13: =IF($H$13="","",IF($H$13<0,-$H$13/(-$H$13+100),100/($H$13+100))) | J13: =IF($H$13="","",$F$13*IF($H$13<0,-100/$H$13,$H$13/100)-(1-$F$13)) | K13: =IF($H$13="","",MAX(0,($F$13*IF($H$13<0,-100/$H$13,$H$13/100)-(1-$F$13))/IF($H$13<0,-100/$H$13,$H$13/100))*'Settings'!$B$3) | L13: =IF($H$13="","",ROUND(MIN($K$13,'Settings'!$B$5)*'Settings'!$B$2,2)) | M13: =IF($J$13="","",IF($J$13<0,"Pass",IF($J$13<'Settings'!$B$4,"Thin",IF($J$13<0.06,"✅ Sharp band",IF($J$13<0.08,"Strong","⚠ Verify (stale?)"))))) | N13: Model 59.0% (fair -144). Your call. | P13: =IF(OR($H$13="",$O$13=""),"",(1+IF($H$13<0,-100/$H$13,$H$13/100))/(1+IF($O$13<0,-100/$O$13,$O$13/100))-1)
A14: 2026-06-27 | B14: New York Yankees @ Boston Red Sox | C14: 17:10 | D14: Total | E14: Under 8.5 | F14: 0.4103 | G14: 144 | H14: 111 | I14: =IF($H$14="","",IF($H$14<0,-$H$14/(-$H$14+100),100/($H$14+100))) | J14: =IF($H$14="","",$F$14*IF($H$14<0,-100/$H$14,$H$14/100)-(1-$F$14)) | K14: =IF($H$14="","",MAX(0,($F$14*IF($H$14<0,-100/$H$14,$H$14/100)-(1-$F$14))/IF($H$14<0,-100/$H$14,$H$14/100))*'Settings'!$B$3) | L14: =IF($H$14="","",ROUND(MIN($K$14,'Settings'!$B$5)*'Settings'!$B$2,2)) | M14: =IF($J$14="","",IF($J$14<0,"Pass",IF($J$14<'Settings'!$B$4,"Thin",IF($J$14<0.06,"✅ Sharp band",IF($J$14<0.08,"Strong","⚠ Verify (stale?)"))))) | N14: Model 41.0% (fair +144). Your call. | P14: =IF(OR($H$14="",$O$14=""),"",(1+IF($H$14<0,-100/$H$14,$H$14/100))/(1+IF($O$14<0,-100/$O$14,$O$14/100))-1)
A15: 2026-06-27 | B15: New York Yankees @ Boston Red Sox | C15: 17:10 | D15: Spread | E15: Boston Red Sox -1.5 | F15: 0.2759 | G15: 262 | H15: 172 | I15: =IF($H$15="","",IF($H$15<0,-$H$15/(-$H$15+100),100/($H$15+100))) | J15: =IF($H$15="","",$F$15*IF($H$15<0,-100/$H$15,$H$15/100)-(1-$F$15)) | K15: =IF($H$15="","",MAX(0,($F$15*IF($H$15<0,-100/$H$15,$H$15/100)-(1-$F$15))/IF($H$15<0,-100/$H$15,$H$15/100))*'Settings'!$B$3) | L15: =IF($H$15="","",ROUND(MIN($K$15,'Settings'!$B$5)*'Settings'!$B$2,2)) | M15: =IF($J$15="","",IF($J$15<0,"Pass",IF($J$15<'Settings'!$B$4,"Thin",IF($J$15<0.06,"✅ Sharp band",IF($J$15<0.08,"Strong","⚠ Verify (stale?)"))))) | N15: Model 27.6% (fair +262). Your call. | P15: =IF(OR($H$15="",$O$15=""),"",(1+IF($H$15<0,-100/$H$15,$H$15/100))/(1+IF($O$15<0,-100/$O$15,$O$15/100))-1)
A16: 2026-06-27 | B16: New York Yankees @ Boston Red Sox | C16: 17:10 | D16: Spread | E16: New York Yankees +1.5 | F16: 0.7241 | G16: -262 | H16: 156 | I16: =IF($H$16="","",IF($H$16<0,-$H$16/(-$H$16+100),100/($H$16+100))) | J16: =IF($H$16="","",$F$16*IF($H$16<0,-100/$H$16,$H$16/100)-(1-$F$16)) | K16: =IF($H$16="","",MAX(0,($F$16*IF($H$16<0,-100/$H$16,$H$16/100)-(1-$F$16))/IF($H$16<0,-100/$H$16,$H$16/100))*'Settings'!$B$3) | L16: =IF($H$16="","",ROUND(MIN($K$16,'Settings'!$B$5)*'Settings'!$B$2,2)) | M16: =IF($J$16="","",IF($J$16<0,"Pass",IF($J$16<'Settings'!$B$4,"Thin",IF($J$16<0.06,"✅ Sharp band",IF($J$16<0.08,"Strong","⚠ Verify (stale?)"))))) | N16: Model 72.4% (fair -262). Your call. | P16: =IF(OR($H$16="",$O$16=""),"",(1+IF($H$16<0,-100/$H$16,$H$16/100))/(1+IF($O$16<0,-100/$O$16,$O$16/100))-1)
A17: 2026-06-27 | B17: Texas Rangers @ Toronto Blue Jays | C17: 19:07 | D17: Moneyline | E17: Texas Rangers | F17: 0.37176259 | G17: 169 | H17: 178 | I17: =IF($H$17="","",IF($H$17<0,-$H$17/(-$H$17+100),100/($H$17+100))) | J17: =IF($H$17="","",$F$17*IF($H$17<0,-100/$H$17,$H$17/100)-(1-$F$17)) | K17: =IF($H$17="","",MAX(0,($F$17*IF($H$17<0,-100/$H$17,$H$17/100)-(1-$F$17))/IF($H$17<0,-100/$H$17,$H$17/100))*'Settings'!$B$3) | L17: =IF($H$17="","",ROUND(MIN($K$17,'Settings'!$B$5)*'Settings'!$B$2,2)) | M17: =IF($J$17="","",IF($J$17<0,"Pass",IF($J$17<'Settings'!$B$4,"Thin",IF($J$17<0.06,"✅ Sharp band",IF($J$17<0.08,"Strong","⚠ Verify (stale?)"))))) | N17: Model 37.2% (fair +169). Your call. | P17: =IF(OR($H$17="",$O$17=""),"",(1+IF($H$17<0,-100/$H$17,$H$17/100))/(1+IF($O$17<0,-100/$O$17,$O$17/100))-1)
A18: 2026-06-27 | B18: Texas Rangers @ Toronto Blue Jays | C18: 19:07 | D18: Moneyline | E18: Toronto Blue Jays | F18: 0.62825036 | G18: -169 | H18: -178 | I18: =IF($H$18="","",IF($H$18<0,-$H$18/(-$H$18+100),100/($H$18+100))) | J18: =IF($H$18="","",$F$18*IF($H$18<0,-100/$H$18,$H$18/100)-(1-$F$18)) | K18: =IF($H$18="","",MAX(0,($F$18*IF($H$18<0,-100/$H$18,$H$18/100)-(1-$F$18))/IF($H$18<0,-100/$H$18,$H$18/100))*'Settings'!$B$3) | L18: =IF($H$18="","",ROUND(MIN($K$18,'Settings'!$B$5)*'Settings'!$B$2,2)) | M18: =IF($J$18="","",IF($J$18<0,"Pass",IF($J$18<'Settings'!$B$4,"Thin",IF($J$18<0.06,"✅ Sharp band",IF($J$18<0.08,"Strong","⚠ Verify (stale?)"))))) | N18: Model 62.8% (fair -169). Your call. | P18: =IF(OR($H$18="",$O$18=""),"",(1+IF($H$18<0,-100/$H$18,$H$18/100))/(1+IF($O$18<0,-100/$O$18,$O$18/100))-1)
A19: 2026-06-27 | B19: Texas Rangers @ Toronto Blue Jays | C19: 19:07 | D19: Total | E19: Over 8 | F19: 0.4846 | G19: 106 | H19: 105 | I19: =IF($H$19="","",IF($H$19<0,-$H$19/(-$H$19+100),100/($H$19+100))) | J19: =IF($H$19="","",$F$19*IF($H$19<0,-100/$H$19,$H$19/100)-(1-$F$19)) | K19: =IF($H$19="","",MAX(0,($F$19*IF($H$19<0,-100/$H$19,$H$19/100)-(1-$F$19))/IF($H$19<0,-100/$H$19,$H$19/100))*'Settings'!$B$3) | L19: =IF($H$19="","",ROUND(MIN($K$19,'Settings'!$B$5)*'Settings'!$B$2,2)) | M19: =IF($J$19="","",IF($J$19<0,"Pass",IF($J$19<'Settings'!$B$4,"Thin",IF($J$19<0.06,"✅ Sharp band",IF($J$19<0.08,"Strong","⚠ Verify (stale?)"))))) | N19: Model 48.5% (fair +106). Your call. | P19: =IF(OR($H$19="",$O$19=""),"",(1+IF($H$19<0,-100/$H$19,$H$19/100))/(1+IF($O$19<0,-100/$O$19,$O$19/100))-1)
A20: 2026-06-27 | B20: Texas Rangers @ Toronto Blue Jays | C20: 19:07 | D20: Total | E20: Under 8 | F20: 0.5154 | G20: -106 | H20: 113 | I20: =IF($H$20="","",IF($H$20<0,-$H$20/(-$H$20+100),100/($H$20+100))) | J20: =IF($H$20="","",$F$20*IF($H$20<0,-100/$H$20,$H$20/100)-(1-$F$20)) | K20: =IF($H$20="","",MAX(0,($F$20*IF($H$20<0,-100/$H$20,$H$20/100)-(1-$F$20))/IF($H$20<0,-100/$H$20,$H$20/100))*'Settings'!$B$3) | L20: =IF($H$20="","",ROUND(MIN($K$20,'Settings'!$B$5)*'Settings'!$B$2,2)) | M20: =IF($J$20="","",IF($J$20<0,"Pass",IF($J$20<'Settings'!$B$4,"Thin",IF($J$20<0.06,"✅ Sharp band",IF($J$20<0.08,"Strong","⚠ Verify (stale?)"))))) | N20: Model 51.5% (fair -106). Your call. | P20: =IF(OR($H$20="",$O$20=""),"",(1+IF($H$20<0,-100/$H$20,$H$20/100))/(1+IF($O$20<0,-100/$O$20,$O$20/100))-1)
A21: 2026-06-27 | B21: Texas Rangers @ Toronto Blue Jays | C21: 19:07 | D21: Spread | E21: Toronto Blue Jays -1.5 | F21: 0.4176 | G21: 139 | H21: 117 | I21: =IF($H$21="","",IF($H$21<0,-$H$21/(-$H$21+100),100/($H$21+100))) | J21: =IF($H$21="","",$F$21*IF($H$21<0,-100/$H$21,$H$21/100)-(1-$F$21)) | K21: =IF($H$21="","",MAX(0,($F$21*IF($H$21<0,-100/$H$21,$H$21/100)-(1-$F$21))/IF($H$21<0,-100/$H$21,$H$21/100))*'Settings'!$B$3) | L21: =IF($H$21="","",ROUND(MIN($K$21,'Settings'!$B$5)*'Settings'!$B$2,2)) | M21: =IF($J$21="","",IF($J$21<0,"Pass",IF($J$21<'Settings'!$B$4,"Thin",IF($J$21<0.06,"✅ Sharp band",IF($J$21<0.08,"Strong","⚠ Verify (stale?)"))))) | N21: Model 41.8% (fair +139). Your call. | P21: =IF(OR($H$21="",$O$21=""),"",(1+IF($H$21<0,-100/$H$21,$H$21/100))/(1+IF($O$21<0,-100/$O$21,$O$21/100))-1)
A22: 2026-06-27 | B22: Texas Rangers @ Toronto Blue Jays | C22: 19:07 | D22: Spread | E22: Texas Rangers +1.5 | F22: 0.5824 | G22: -139 | H22: 126 | I22: =IF($H$22="","",IF($H$22<0,-$H$22/(-$H$22+100),100/($H$22+100))) | J22: =IF($H$22="","",$F$22*IF($H$22<0,-100/$H$22,$H$22/100)-(1-$F$22)) | K22: =IF($H$22="","",MAX(0,($F$22*IF($H$22<0,-100/$H$22,$H$22/100)-(1-$F$22))/IF($H$22<0,-100/$H$22,$H$22/100))*'Settings'!$B$3) | L22: =IF($H$22="","",ROUND(MIN($K$22,'Settings'!$B$5)*'Settings'!$B$2,2)) | M22: =IF($J$22="","",IF($J$22<0,"Pass",IF($J$22<'Settings'!$B$4,"Thin",IF($J$22<0.06,"✅ Sharp band",IF($J$22<0.08,"Strong","⚠ Verify (stale?)"))))) | N22: Model 58.2% (fair -139). Your call. | P22: =IF(OR($H$22="",$O$22=""),"",(1+IF($H$22<0,-100/$H$22,$H$22/100))/(1+IF($O$22<0,-100/$O$22,$O$22/100))-1)
A23: 2026-06-27 | B23: Cincinnati Reds @ Pittsburgh Pirates | C23: 20:05 | D23: Moneyline | E23: Cincinnati Reds | F23: 0.44398824 | G23: 125 | H23: -104 | I23: =IF($H$23="","",IF($H$23<0,-$H$23/(-$H$23+100),100/($H$23+100))) | J23: =IF($H$23="","",$F$23*IF($H$23<0,-100/$H$23,$H$23/100)-(1-$F$23)) | K23: =IF($H$23="","",MAX(0,($F$23*IF($H$23<0,-100/$H$23,$H$23/100)-(1-$F$23))/IF($H$23<0,-100/$H$23,$H$23/100))*'Settings'!$B$3) | L23: =IF($H$23="","",ROUND(MIN($K$23,'Settings'!$B$5)*'Settings'!$B$2,2)) | M23: =IF($J$23="","",IF($J$23<0,"Pass",IF($J$23<'Settings'!$B$4,"Thin",IF($J$23<0.06,"✅ Sharp band",IF($J$23<0.08,"Strong","⚠ Verify (stale?)"))))) | N23: Model 44.4% (fair +125). Your call. | P23: =IF(OR($H$23="",$O$23=""),"",(1+IF($H$23<0,-100/$H$23,$H$23/100))/(1+IF($O$23<0,-100/$O$23,$O$23/100))-1)
A24: 2026-06-27 | B24: Cincinnati Reds @ Pittsburgh Pirates | C24: 20:05 | D24: Moneyline | E24: Pittsburgh Pirates | F24: 0.55601942 | G24: -125 | H24: 106 | I24: =IF($H$24="","",IF($H$24<0,-$H$24/(-$H$24+100),100/($H$24+100))) | J24: =IF($H$24="","",$F$24*IF($H$24<0,-100/$H$24,$H$24/100)-(1-$F$24)) | K24: =IF($H$24="","",MAX(0,($F$24*IF($H$24<0,-100/$H$24,$H$24/100)-(1-$F$24))/IF($H$24<0,-100/$H$24,$H$24/100))*'Settings'!$B$3) | L24: =IF($H$24="","",ROUND(MIN($K$24,'Settings'!$B$5)*'Settings'!$B$2,2)) | M24: =IF($J$24="","",IF($J$24<0,"Pass",IF($J$24<'Settings'!$B$4,"Thin",IF($J$24<0.06,"✅ Sharp band",IF($J$24<0.08,"Strong","⚠ Verify (stale?)"))))) | N24: Model 55.6% (fair -125). Your call. | P24: =IF(OR($H$24="",$O$24=""),"",(1+IF($H$24<0,-100/$H$24,$H$24/100))/(1+IF($O$24<0,-100/$O$24,$O$24/100))-1)
A25: 2026-06-27 | B25: Cincinnati Reds @ Pittsburgh Pirates | C25: 20:05 | D25: Total | E25: Over 8.5 | F25: 0.6534 | G25: -189 | H25: 117 | I25: =IF($H$25="","",IF($H$25<0,-$H$25/(-$H$25+100),100/($H$25+100))) | J25: =IF($H$25="","",$F$25*IF($H$25<0,-100/$H$25,$H$25/100)-(1-$F$25)) | K25: =IF($H$25="","",MAX(0,($F$25*IF($H$25<0,-100/$H$25,$H$25/100)-(1-$F$25))/IF($H$25<0,-100/$H$25,$H$25/100))*'Settings'!$B$3) | L25: =IF($H$25="","",ROUND(MIN($K$25,'Settings'!$B$5)*'Settings'!$B$2,2)) | M25: =IF($J$25="","",IF($J$25<0,"Pass",IF($J$25<'Settings'!$B$4,"Thin",IF($J$25<0.06,"✅ Sharp band",IF($J$25<0.08,"Strong","⚠ Verify (stale?)"))))) | N25: Model 65.3% (fair -189). Your call. | P25: =IF(OR($H$25="",$O$25=""),"",(1+IF($H$25<0,-100/$H$25,$H$25/100))/(1+IF($O$25<0,-100/$O$25,$O$25/100))-1)
A26: 2026-06-27 | B26: Cincinnati Reds @ Pittsburgh Pirates | C26: 20:05 | D26: Total | E26: Under 8.5 | F26: 0.3466 | G26: 189 | H26: 117 | I26: =IF($H$26="","",IF($H$26<0,-$H$26/(-$H$26+100),100/($H$26+100))) | J26: =IF($H$26="","",$F$26*IF($H$26<0,-100/$H$26,$H$26/100)-(1-$F$26)) | K26: =IF($H$26="","",MAX(0,($F$26*IF($H$26<0,-100/$H$26,$H$26/100)-(1-$F$26))/IF($H$26<0,-100/$H$26,$H$26/100))*'Settings'!$B$3) | L26: =IF($H$26="","",ROUND(MIN($K$26,'Settings'!$B$5)*'Settings'!$B$2,2)) | M26: =IF($J$26="","",IF($J$26<0,"Pass",IF($J$26<'Settings'!$B$4,"Thin",IF($J$26<0.06,"✅ Sharp band",IF($J$26<0.08,"Strong","⚠ Verify (stale?)"))))) | N26: Model 34.7% (fair +189). Your call. | P26: =IF(OR($H$26="",$O$26=""),"",(1+IF($H$26<0,-100/$H$26,$H$26/100))/(1+IF($O$26<0,-100/$O$26,$O$26/100))-1)
A27: 2026-06-27 | B27: Philadelphia Phillies @ New York Mets | C27: 20:10 | D27: Moneyline | E27: Philadelphia Phillies | F27: 0.48572727 | G27: 106 | H27: 120 | I27: =IF($H$27="","",IF($H$27<0,-$H$27/(-$H$27+100),100/($H$27+100))) | J27: =IF($H$27="","",$F$27*IF($H$27<0,-100/$H$27,$H$27/100)-(1-$F$27)) | K27: =IF($H$27="","",MAX(0,($F$27*IF($H$27<0,-100/$H$27,$H$27/100)-(1-$F$27))/IF($H$27<0,-100/$H$27,$H$27/100))*'Settings'!$B$3) | L27: =IF($H$27="","",ROUND(MIN($K$27,'Settings'!$B$5)*'Settings'!$B$2,2)) | M27: =IF($J$27="","",IF($J$27<0,"Pass",IF($J$27<'Settings'!$B$4,"Thin",IF($J$27<0.06,"✅ Sharp band",IF($J$27<0.08,"Strong","⚠ Verify (stale?)"))))) | N27: Model 48.6% (fair +106). Your call. | P27: =IF(OR($H$27="",$O$27=""),"",(1+IF($H$27<0,-100/$H$27,$H$27/100))/(1+IF($O$27<0,-100/$O$27,$O$27/100))-1)
A28: 2026-06-27 | B28: Philadelphia Phillies @ New York Mets | C28: 20:10 | D28: Moneyline | E28: New York Mets | F28: 0.51426847 | G28: -106 | H28: -122 | I28: =IF($H$28="","",IF($H$28<0,-$H$28/(-$H$28+100),100/($H$28+100))) | J28: =IF($H$28="","",$F$28*IF($H$28<0,-100/$H$28,$H$28/100)-(1-$F$28)) | K28: =IF($H$28="","",MAX(0,($F$28*IF($H$28<0,-100/$H$28,$H$28/100)-(1-$F$28))/IF($H$28<0,-100/$H$28,$H$28/100))*'Settings'!$B$3) | L28: =IF($H$28="","",ROUND(MIN($K$28,'Settings'!$B$5)*'Settings'!$B$2,2)) | M28: =IF($J$28="","",IF($J$28<0,"Pass",IF($J$28<'Settings'!$B$4,"Thin",IF($J$28<0.06,"✅ Sharp band",IF($J$28<0.08,"Strong","⚠ Verify (stale?)"))))) | N28: Model 51.4% (fair -106). Your call. | P28: =IF(OR($H$28="",$O$28=""),"",(1+IF($H$28<0,-100/$H$28,$H$28/100))/(1+IF($O$28<0,-100/$O$28,$O$28/100))-1)
A29: 2026-06-27 | B29: Philadelphia Phillies @ New York Mets | C29: 20:10 | D29: Total | E29: Over 9 | F29: 0.3159 | G29: 217 | H29: 104 | I29: =IF($H$29="","",IF($H$29<0,-$H$29/(-$H$29+100),100/($H$29+100))) | J29: =IF($H$29="","",$F$29*IF($H$29<0,-100/$H$29,$H$29/100)-(1-$F$29)) | K29: =IF($H$29="","",MAX(0,($F$29*IF($H$29<0,-100/$H$29,$H$29/100)-(1-$F$29))/IF($H$29<0,-100/$H$29,$H$29/100))*'Settings'!$B$3) | L29: =IF($H$29="","",ROUND(MIN($K$29,'Settings'!$B$5)*'Settings'!$B$2,2)) | M29: =IF($J$29="","",IF($J$29<0,"Pass",IF($J$29<'Settings'!$B$4,"Thin",IF($J$29<0.06,"✅ Sharp band",IF($J$29<0.08,"Strong","⚠ Verify (stale?)"))))) | N29: Model 31.6% (fair +217). Your call. | P29: =IF(OR($H$29="",$O$29=""),"",(1+IF($H$29<0,-100/$H$29,$H$29/100))/(1+IF($O$29<0,-100/$O$29,$O$29/100))-1)
A30: 2026-06-27 | B30: Philadelphia Phillies @ New York Mets | C30: 20:10 | D30: Total | E30: Under 9 | F30: 0.6841 | G30: -217 | H30: 117 | I30: =IF($H$30="","",IF($H$30<0,-$H$30/(-$H$30+100),100/($H$30+100))) | J30: =IF($H$30="","",$F$30*IF($H$30<0,-100/$H$30,$H$30/100)-(1-$F$30)) | K30: =IF($H$30="","",MAX(0,($F$30*IF($H$30<0,-100/$H$30,$H$30/100)-(1-$F$30))/IF($H$30<0,-100/$H$30,$H$30/100))*'Settings'!$B$3) | L30: =IF($H$30="","",ROUND(MIN($K$30,'Settings'!$B$5)*'Settings'!$B$2,2)) | M30: =IF($J$30="","",IF($J$30<0,"Pass",IF($J$30<'Settings'!$B$4,"Thin",IF($J$30<0.06,"✅ Sharp band",IF($J$30<0.08,"Strong","⚠ Verify (stale?)"))))) | N30: Model 68.4% (fair -217). Your call. | P30: =IF(OR($H$30="",$O$30=""),"",(1+IF($H$30<0,-100/$H$30,$H$30/100))/(1+IF($O$30<0,-100/$O$30,$O$30/100))-1)
A31: 2026-06-27 | B31: Philadelphia Phillies @ New York Mets | C31: 20:10 | D31: Spread | E31: New York Mets -1.5 | F31: 0.2942 | G31: 240 | H31: 167 | I31: =IF($H$31="","",IF($H$31<0,-$H$31/(-$H$31+100),100/($H$31+100))) | J31: =IF($H$31="","",$F$31*IF($H$31<0,-100/$H$31,$H$31/100)-(1-$F$31)) | K31: =IF($H$31="","",MAX(0,($F$31*IF($H$31<0,-100/$H$31,$H$31/100)-(1-$F$31))/IF($H$31<0,-100/$H$31,$H$31/100))*'Settings'!$B$3) | L31: =IF($H$31="","",ROUND(MIN($K$31,'Settings'!$B$5)*'Settings'!$B$2,2)) | M31: =IF($J$31="","",IF($J$31<0,"Pass",IF($J$31<'Settings'!$B$4,"Thin",IF($J$31<0.06,"✅ Sharp band",IF($J$31<0.08,"Strong","⚠ Verify (stale?)"))))) | N31: Model 29.4% (fair +240). Your call. | P31: =IF(OR($H$31="",$O$31=""),"",(1+IF($H$31<0,-100/$H$31,$H$31/100))/(1+IF($O$31<0,-100/$O$31,$O$31/100))-1)
A32: 2026-06-27 | B32: Philadelphia Phillies @ New York Mets | C32: 20:10 | D32: Spread | E32: Philadelphia Phillies +1.5 | F32: 0.7058 | G32: -240 | H32: -129 | I32: =IF($H$32="","",IF($H$32<0,-$H$32/(-$H$32+100),100/($H$32+100))) | J32: =IF($H$32="","",$F$32*IF($H$32<0,-100/$H$32,$H$32/100)-(1-$F$32)) | K32: =IF($H$32="","",MAX(0,($F$32*IF($H$32<0,-100/$H$32,$H$32/100)-(1-$F$32))/IF($H$32<0,-100/$H$32,$H$32/100))*'Settings'!$B$3) | L32: =IF($H$32="","",ROUND(MIN($K$32,'Settings'!$B$5)*'Settings'!$B$2,2)) | M32: =IF($J$32="","",IF($J$32<0,"Pass",IF($J$32<'Settings'!$B$4,"Thin",IF($J$32<0.06,"✅ Sharp band",IF($J$32<0.08,"Strong","⚠ Verify (stale?)"))))) | N32: Model 70.6% (fair -240). Your call. | P32: =IF(OR($H$32="",$O$32=""),"",(1+IF($H$32<0,-100/$H$32,$H$32/100))/(1+IF($O$32<0,-100/$O$32,$O$32/100))-1)
A33: 2026-06-27 | B33: Kansas City Royals @ Chicago White Sox | C33: 20:10 | D33: Moneyline | E33: Kansas City Royals | F33: 0.3497 | G33: 186 | H33: 115 | I33: =IF($H$33="","",IF($H$33<0,-$H$33/(-$H$33+100),100/($H$33+100))) | J33: =IF($H$33="","",$F$33*IF($H$33<0,-100/$H$33,$H$33/100)-(1-$F$33)) | K33: =IF($H$33="","",MAX(0,($F$33*IF($H$33<0,-100/$H$33,$H$33/100)-(1-$F$33))/IF($H$33<0,-100/$H$33,$H$33/100))*'Settings'!$B$3) | L33: =IF($H$33="","",ROUND(MIN($K$33,'Settings'!$B$5)*'Settings'!$B$2,2)) | M33: =IF($J$33="","",IF($J$33<0,"Pass",IF($J$33<'Settings'!$B$4,"Thin",IF($J$33<0.06,"✅ Sharp band",IF($J$33<0.08,"Strong","⚠ Verify (stale?)"))))) | N33: Model 35.0% (fair +186). Your call. | P33: =IF(OR($H$33="",$O$33=""),"",(1+IF($H$33<0,-100/$H$33,$H$33/100))/(1+IF($O$33<0,-100/$O$33,$O$33/100))-1)
A34: 2026-06-27 | B34: Kansas City Royals @ Chicago White Sox | C34: 20:10 | D34: Moneyline | E34: Chicago White Sox | F34: 0.6503 | G34: -186 | H34: 104 | I34: =IF($H$34="","",IF($H$34<0,-$H$34/(-$H$34+100),100/($H$34+100))) | J34: =IF($H$34="","",$F$34*IF($H$34<0,-100/$H$34,$H$34/100)-(1-$F$34)) | K34: =IF($H$34="","",MAX(0,($F$34*IF($H$34<0,-100/$H$34,$H$34/100)-(1-$F$34))/IF($H$34<0,-100/$H$34,$H$34/100))*'Settings'!$B$3) | L34: =IF($H$34="","",ROUND(MIN($K$34,'Settings'!$B$5)*'Settings'!$B$2,2)) | M34: =IF($J$34="","",IF($J$34<0,"Pass",IF($J$34<'Settings'!$B$4,"Thin",IF($J$34<0.06,"✅ Sharp band",IF($J$34<0.08,"Strong","⚠ Verify (stale?)"))))) | N34: Model 65.0% (fair -186). Your call. | P34: =IF(OR($H$34="",$O$34=""),"",(1+IF($H$34<0,-100/$H$34,$H$34/100))/(1+IF($O$34<0,-100/$O$34,$O$34/100))-1)
A35: 2026-06-27 | B35: Kansas City Royals @ Chicago White Sox | C35: 20:10 | D35: Total | E35: Over 8.5 | F35: 0.6626 | G35: -196 | H35: 117 | I35: =IF($H$35="","",IF($H$35<0,-$H$35/(-$H$35+100),100/($H$35+100))) | J35: =IF($H$35="","",$F$35*IF($H$35<0,-100/$H$35,$H$35/100)-(1-$F$35)) | K35: =IF($H$35="","",MAX(0,($F$35*IF($H$35<0,-100/$H$35,$H$35/100)-(1-$F$35))/IF($H$35<0,-100/$H$35,$H$35/100))*'Settings'!$B$3) | L35: =IF($H$35="","",ROUND(MIN($K$35,'Settings'!$B$5)*'Settings'!$B$2,2)) | M35: =IF($J$35="","",IF($J$35<0,"Pass",IF($J$35<'Settings'!$B$4,"Thin",IF($J$35<0.06,"✅ Sharp band",IF($J$35<0.08,"Strong","⚠ Verify (stale?)"))))) | N35: Model 66.3% (fair -196). Your call. | P35: =IF(OR($H$35="",$O$35=""),"",(1+IF($H$35<0,-100/$H$35,$H$35/100))/(1+IF($O$35<0,-100/$O$35,$O$35/100))-1)
A36: 2026-06-27 | B36: Kansas City Royals @ Chicago White Sox | C36: 20:10 | D36: Total | E36: Under 8.5 | F36: 0.3374 | G36: 196 | H36: 111 | I36: =IF($H$36="","",IF($H$36<0,-$H$36/(-$H$36+100),100/($H$36+100))) | J36: =IF($H$36="","",$F$36*IF($H$36<0,-100/$H$36,$H$36/100)-(1-$F$36)) | K36: =IF($H$36="","",MAX(0,($F$36*IF($H$36<0,-100/$H$36,$H$36/100)-(1-$F$36))/IF($H$36<0,-100/$H$36,$H$36/100))*'Settings'!$B$3) | L36: =IF($H$36="","",ROUND(MIN($K$36,'Settings'!$B$5)*'Settings'!$B$2,2)) | M36: =IF($J$36="","",IF($J$36<0,"Pass",IF($J$36<'Settings'!$B$4,"Thin",IF($J$36<0.06,"✅ Sharp band",IF($J$36<0.08,"Strong","⚠ Verify (stale?)"))))) | N36: Model 33.7% (fair +196). Your call. | P36: =IF(OR($H$36="",$O$36=""),"",(1+IF($H$36<0,-100/$H$36,$H$36/100))/(1+IF($O$36<0,-100/$O$36,$O$36/100))-1)
A37: 2026-06-27 | B37: Kansas City Royals @ Chicago White Sox | C37: 20:10 | D37: Spread | E37: Chicago White Sox -1.5 | F37: 0.4649 | G37: 115 | H37: 172 | I37: =IF($H$37="","",IF($H$37<0,-$H$37/(-$H$37+100),100/($H$37+100))) | J37: =IF($H$37="","",$F$37*IF($H$37<0,-100/$H$37,$H$37/100)-(1-$F$37)) | K37: =IF($H$37="","",MAX(0,($F$37*IF($H$37<0,-100/$H$37,$H$37/100)-(1-$F$37))/IF($H$37<0,-100/$H$37,$H$37/100))*'Settings'!$B$3) | L37: =IF($H$37="","",ROUND(MIN($K$37,'Settings'!$B$5)*'Settings'!$B$2,2)) | M37: =IF($J$37="","",IF($J$37<0,"Pass",IF($J$37<'Settings'!$B$4,"Thin",IF($J$37<0.06,"✅ Sharp band",IF($J$37<0.08,"Strong","⚠ Verify (stale?)"))))) | N37: Model 46.5% (fair +115). Your call. | P37: =IF(OR($H$37="",$O$37=""),"",(1+IF($H$37<0,-100/$H$37,$H$37/100))/(1+IF($O$37<0,-100/$O$37,$O$37/100))-1)
A38: 2026-06-27 | B38: Kansas City Royals @ Chicago White Sox | C38: 20:10 | D38: Spread | E38: Kansas City Royals +1.5 | F38: 0.5351 | G38: -115 | H38: -130 | I38: =IF($H$38="","",IF($H$38<0,-$H$38/(-$H$38+100),100/($H$38+100))) | J38: =IF($H$38="","",$F$38*IF($H$38<0,-100/$H$38,$H$38/100)-(1-$F$38)) | K38: =IF($H$38="","",MAX(0,($F$38*IF($H$38<0,-100/$H$38,$H$38/100)-(1-$F$38))/IF($H$38<0,-100/$H$38,$H$38/100))*'Settings'!$B$3) | L38: =IF($H$38="","",ROUND(MIN($K$38,'Settings'!$B$5)*'Settings'!$B$2,2)) | M38: =IF($J$38="","",IF($J$38<0,"Pass",IF($J$38<'Settings'!$B$4,"Thin",IF($J$38<0.06,"✅ Sharp band",IF($J$38<0.08,"Strong","⚠ Verify (stale?)"))))) | N38: Model 53.5% (fair -115). Your call. | P38: =IF(OR($H$38="",$O$38=""),"",(1+IF($H$38<0,-100/$H$38,$H$38/100))/(1+IF($O$38<0,-100/$O$38,$O$38/100))-1)
A39: 2026-06-27 | B39: Arizona Diamondbacks @ Tampa Bay Rays | C39: 22:10 | D39: Moneyline | E39: Arizona Diamondbacks | F39: 0.47528634 | G39: 110 | H39: 127 | I39: =IF($H$39="","",IF($H$39<0,-$H$39/(-$H$39+100),100/($H$39+100))) | J39: =IF($H$39="","",$F$39*IF($H$39<0,-100/$H$39,$H$39/100)-(1-$F$39)) | K39: =IF($H$39="","",MAX(0,($F$39*IF($H$39<0,-100/$H$39,$H$39/100)-(1-$F$39))/IF($H$39<0,-100/$H$39,$H$39/100))*'Settings'!$B$3) | L39: =IF($H$39="","",ROUND(MIN($K$39,'Settings'!$B$5)*'Settings'!$B$2,2)) | M39: =IF($J$39="","",IF($J$39<0,"Pass",IF($J$39<'Settings'!$B$4,"Thin",IF($J$39<0.06,"✅ Sharp band",IF($J$39<0.08,"Strong","⚠ Verify (stale?)"))))) | N39: Model 47.5% (fair +110). Your call. | P39: =IF(OR($H$39="",$O$39=""),"",(1+IF($H$39<0,-100/$H$39,$H$39/100))/(1+IF($O$39<0,-100/$O$39,$O$39/100))-1)
A40: 2026-06-27 | B40: Arizona Diamondbacks @ Tampa Bay Rays | C40: 22:10 | D40: Moneyline | E40: Tampa Bay Rays | F40: 0.52472819 | G40: -110 | H40: -127 | I40: =IF($H$40="","",IF($H$40<0,-$H$40/(-$H$40+100),100/($H$40+100))) | J40: =IF($H$40="","",$F$40*IF($H$40<0,-100/$H$40,$H$40/100)-(1-$F$40)) | K40: =IF($H$40="","",MAX(0,($F$40*IF($H$40<0,-100/$H$40,$H$40/100)-(1-$F$40))/IF($H$40<0,-100/$H$40,$H$40/100))*'Settings'!$B$3) | L40: =IF($H$40="","",ROUND(MIN($K$40,'Settings'!$B$5)*'Settings'!$B$2,2)) | M40: =IF($J$40="","",IF($J$40<0,"Pass",IF($J$40<'Settings'!$B$4,"Thin",IF($J$40<0.06,"✅ Sharp band",IF($J$40<0.08,"Strong","⚠ Verify (stale?)"))))) | N40: Model 52.5% (fair -110). Your call. | P40: =IF(OR($H$40="",$O$40=""),"",(1+IF($H$40<0,-100/$H$40,$H$40/100))/(1+IF($O$40<0,-100/$O$40,$O$40/100))-1)
A41: 2026-06-27 | B41: Arizona Diamondbacks @ Tampa Bay Rays | C41: 22:10 | D41: Total | E41: Over 8.5 | F41: 0.5026 | G41: -101 | H41: 104 | I41: =IF($H$41="","",IF($H$41<0,-$H$41/(-$H$41+100),100/($H$41+100))) | J41: =IF($H$41="","",$F$41*IF($H$41<0,-100/$H$41,$H$41/100)-(1-$F$41)) | K41: =IF($H$41="","",MAX(0,($F$41*IF($H$41<0,-100/$H$41,$H$41/100)-(1-$F$41))/IF($H$41<0,-100/$H$41,$H$41/100))*'Settings'!$B$3) | L41: =IF($H$41="","",ROUND(MIN($K$41,'Settings'!$B$5)*'Settings'!$B$2,2)) | M41: =IF($J$41="","",IF($J$41<0,"Pass",IF($J$41<'Settings'!$B$4,"Thin",IF($J$41<0.06,"✅ Sharp band",IF($J$41<0.08,"Strong","⚠ Verify (stale?)"))))) | N41: Model 50.3% (fair -101). Your call. | P41: =IF(OR($H$41="",$O$41=""),"",(1+IF($H$41<0,-100/$H$41,$H$41/100))/(1+IF($O$41<0,-100/$O$41,$O$41/100))-1)
A42: 2026-06-27 | B42: Arizona Diamondbacks @ Tampa Bay Rays | C42: 22:10 | D42: Total | E42: Under 8.5 | F42: 0.4974 | G42: 101 | H42: 116 | I42: =IF($H$42="","",IF($H$42<0,-$H$42/(-$H$42+100),100/($H$42+100))) | J42: =IF($H$42="","",$F$42*IF($H$42<0,-100/$H$42,$H$42/100)-(1-$F$42)) | K42: =IF($H$42="","",MAX(0,($F$42*IF($H$42<0,-100/$H$42,$H$42/100)-(1-$F$42))/IF($H$42<0,-100/$H$42,$H$42/100))*'Settings'!$B$3) | L42: =IF($H$42="","",ROUND(MIN($K$42,'Settings'!$B$5)*'Settings'!$B$2,2)) | M42: =IF($J$42="","",IF($J$42<0,"Pass",IF($J$42<'Settings'!$B$4,"Thin",IF($J$42<0.06,"✅ Sharp band",IF($J$42<0.08,"Strong","⚠ Verify (stale?)"))))) | N42: Model 49.7% (fair +101). Your call. | P42: =IF(OR($H$42="",$O$42=""),"",(1+IF($H$42<0,-100/$H$42,$H$42/100))/(1+IF($O$42<0,-100/$O$42,$O$42/100))-1)
A43: 2026-06-27 | B43: Arizona Diamondbacks @ Tampa Bay Rays | C43: 22:10 | D43: Spread | E43: Tampa Bay Rays -1.5 | F43: 0.3008 | G43: 232 | H43: 156 | I43: =IF($H$43="","",IF($H$43<0,-$H$43/(-$H$43+100),100/($H$43+100))) | J43: =IF($H$43="","",$F$43*IF($H$43<0,-100/$H$43,$H$43/100)-(1-$F$43)) | K43: =IF($H$43="","",MAX(0,($F$43*IF($H$43<0,-100/$H$43,$H$43/100)-(1-$F$43))/IF($H$43<0,-100/$H$43,$H$43/100))*'Settings'!$B$3) | L43: =IF($H$43="","",ROUND(MIN($K$43,'Settings'!$B$5)*'Settings'!$B$2,2)) | M43: =IF($J$43="","",IF($J$43<0,"Pass",IF($J$43<'Settings'!$B$4,"Thin",IF($J$43<0.06,"✅ Sharp band",IF($J$43<0.08,"Strong","⚠ Verify (stale?)"))))) | N43: Model 30.1% (fair +232). Your call. | P43: =IF(OR($H$43="",$O$43=""),"",(1+IF($H$43<0,-100/$H$43,$H$43/100))/(1+IF($O$43<0,-100/$O$43,$O$43/100))-1)
A44: 2026-06-27 | B44: Arizona Diamondbacks @ Tampa Bay Rays | C44: 22:10 | D44: Spread | E44: Arizona Diamondbacks +1.5 | F44: 0.6992 | G44: -232 | H44: -117 | I44: =IF($H$44="","",IF($H$44<0,-$H$44/(-$H$44+100),100/($H$44+100))) | J44: =IF($H$44="","",$F$44*IF($H$44<0,-100/$H$44,$H$44/100)-(1-$F$44)) | K44: =IF($H$44="","",MAX(0,($F$44*IF($H$44<0,-100/$H$44,$H$44/100)-(1-$F$44))/IF($H$44<0,-100/$H$44,$H$44/100))*'Settings'!$B$3) | L44: =IF($H$44="","",ROUND(MIN($K$44,'Settings'!$B$5)*'Settings'!$B$2,2)) | M44: =IF($J$44="","",IF($J$44<0,"Pass",IF($J$44<'Settings'!$B$4,"Thin",IF($J$44<0.06,"✅ Sharp band",IF($J$44<0.08,"Strong","⚠ Verify (stale?)"))))) | N44: Model 69.9% (fair -232). Your call. | P44: =IF(OR($H$44="",$O$44=""),"",(1+IF($H$44<0,-100/$H$44,$H$44/100))/(1+IF($O$44<0,-100/$O$44,$O$44/100))-1)
A45: 2026-06-27 | B45: Washington Nationals @ Baltimore Orioles | C45: 23:05 | D45: Moneyline | E45: Washington Nationals | F45: 0.44891089 | G45: 123 | H45: 102 | I45: =IF($H$45="","",IF($H$45<0,-$H$45/(-$H$45+100),100/($H$45+100))) | J45: =IF($H$45="","",$F$45*IF($H$45<0,-100/$H$45,$H$45/100)-(1-$F$45)) | K45: =IF($H$45="","",MAX(0,($F$45*IF($H$45<0,-100/$H$45,$H$45/100)-(1-$F$45))/IF($H$45<0,-100/$H$45,$H$45/100))*'Settings'!$B$3) | L45: =IF($H$45="","",ROUND(MIN($K$45,'Settings'!$B$5)*'Settings'!$B$2,2)) | M45: =IF($J$45="","",IF($J$45<0,"Pass",IF($J$45<'Settings'!$B$4,"Thin",IF($J$45<0.06,"✅ Sharp band",IF($J$45<0.08,"Strong","⚠ Verify (stale?)"))))) | N45: Model 44.9% (fair +123). Your call. | P45: =IF(OR($H$45="",$O$45=""),"",(1+IF($H$45<0,-100/$H$45,$H$45/100))/(1+IF($O$45<0,-100/$O$45,$O$45/100))-1)
A46: 2026-06-27 | B46: Washington Nationals @ Baltimore Orioles | C46: 23:05 | D46: Moneyline | E46: Baltimore Orioles | F46: 0.55104706 | G46: -123 | H46: -104 | I46: =IF($H$46="","",IF($H$46<0,-$H$46/(-$H$46+100),100/($H$46+100))) | J46: =IF($H$46="","",$F$46*IF($H$46<0,-100/$H$46,$H$46/100)-(1-$F$46)) | K46: =IF($H$46="","",MAX(0,($F$46*IF($H$46<0,-100/$H$46,$H$46/100)-(1-$F$46))/IF($H$46<0,-100/$H$46,$H$46/100))*'Settings'!$B$3) | L46: =IF($H$46="","",ROUND(MIN($K$46,'Settings'!$B$5)*'Settings'!$B$2,2)) | M46: =IF($J$46="","",IF($J$46<0,"Pass",IF($J$46<'Settings'!$B$4,"Thin",IF($J$46<0.06,"✅ Sharp band",IF($J$46<0.08,"Strong","⚠ Verify (stale?)"))))) | N46: Model 55.1% (fair -123). Your call. | P46: =IF(OR($H$46="",$O$46=""),"",(1+IF($H$46<0,-100/$H$46,$H$46/100))/(1+IF($O$46<0,-100/$O$46,$O$46/100))-1)
A47: 2026-06-27 | B47: Washington Nationals @ Baltimore Orioles | C47: 23:05 | D47: Total | E47: Over 9.5 | F47: 0.593 | G47: -146 | H47: 127 | I47: =IF($H$47="","",IF($H$47<0,-$H$47/(-$H$47+100),100/($H$47+100))) | J47: =IF($H$47="","",$F$47*IF($H$47<0,-100/$H$47,$H$47/100)-(1-$F$47)) | K47: =IF($H$47="","",MAX(0,($F$47*IF($H$47<0,-100/$H$47,$H$47/100)-(1-$F$47))/IF($H$47<0,-100/$H$47,$H$47/100))*'Settings'!$B$3) | L47: =IF($H$47="","",ROUND(MIN($K$47,'Settings'!$B$5)*'Settings'!$B$2,2)) | M47: =IF($J$47="","",IF($J$47<0,"Pass",IF($J$47<'Settings'!$B$4,"Thin",IF($J$47<0.06,"✅ Sharp band",IF($J$47<0.08,"Strong","⚠ Verify (stale?)"))))) | N47: Model 59.3% (fair -146). Your call. | P47: =IF(OR($H$47="",$O$47=""),"",(1+IF($H$47<0,-100/$H$47,$H$47/100))/(1+IF($O$47<0,-100/$O$47,$O$47/100))-1)
A48: 2026-06-27 | B48: Washington Nationals @ Baltimore Orioles | C48: 23:05 | D48: Total | E48: Under 9.5 | F48: 0.407 | G48: 146 | H48: 117 | I48: =IF($H$48="","",IF($H$48<0,-$H$48/(-$H$48+100),100/($H$48+100))) | J48: =IF($H$48="","",$F$48*IF($H$48<0,-100/$H$48,$H$48/100)-(1-$F$48)) | K48: =IF($H$48="","",MAX(0,($F$48*IF($H$48<0,-100/$H$48,$H$48/100)-(1-$F$48))/IF($H$48<0,-100/$H$48,$H$48/100))*'Settings'!$B$3) | L48: =IF($H$48="","",ROUND(MIN($K$48,'Settings'!$B$5)*'Settings'!$B$2,2)) | M48: =IF($J$48="","",IF($J$48<0,"Pass",IF($J$48<'Settings'!$B$4,"Thin",IF($J$48<0.06,"✅ Sharp band",IF($J$48<0.08,"Strong","⚠ Verify (stale?)"))))) | N48: Model 40.7% (fair +146). Your call. | P48: =IF(OR($H$48="",$O$48=""),"",(1+IF($H$48<0,-100/$H$48,$H$48/100))/(1+IF($O$48<0,-100/$O$48,$O$48/100))-1)
A49: 2026-06-27 | B49: Washington Nationals @ Baltimore Orioles | C49: 23:05 | D49: Spread | E49: Baltimore Orioles -1.5 | F49: 0.4201 | G49: 138 | H49: 178 | I49: =IF($H$49="","",IF($H$49<0,-$H$49/(-$H$49+100),100/($H$49+100))) | J49: =IF($H$49="","",$F$49*IF($H$49<0,-100/$H$49,$H$49/100)-(1-$F$49)) | K49: =IF($H$49="","",MAX(0,($F$49*IF($H$49<0,-100/$H$49,$H$49/100)-(1-$F$49))/IF($H$49<0,-100/$H$49,$H$49/100))*'Settings'!$B$3) | L49: =IF($H$49="","",ROUND(MIN($K$49,'Settings'!$B$5)*'Settings'!$B$2,2)) | M49: =IF($J$49="","",IF($J$49<0,"Pass",IF($J$49<'Settings'!$B$4,"Thin",IF($J$49<0.06,"✅ Sharp band",IF($J$49<0.08,"Strong","⚠ Verify (stale?)"))))) | N49: Model 42.0% (fair +138). Your call. | P49: =IF(OR($H$49="",$O$49=""),"",(1+IF($H$49<0,-100/$H$49,$H$49/100))/(1+IF($O$49<0,-100/$O$49,$O$49/100))-1)
A50: 2026-06-27 | B50: Washington Nationals @ Baltimore Orioles | C50: 23:05 | D50: Spread | E50: Washington Nationals +1.5 | F50: 0.5799 | G50: -138 | H50: 170 | I50: =IF($H$50="","",IF($H$50<0,-$H$50/(-$H$50+100),100/($H$50+100))) | J50: =IF($H$50="","",$F$50*IF($H$50<0,-100/$H$50,$H$50/100)-(1-$F$50)) | K50: =IF($H$50="","",MAX(0,($F$50*IF($H$50<0,-100/$H$50,$H$50/100)-(1-$F$50))/IF($H$50<0,-100/$H$50,$H$50/100))*'Settings'!$B$3) | L50: =IF($H$50="","",ROUND(MIN($K$50,'Settings'!$B$5)*'Settings'!$B$2,2)) | M50: =IF($J$50="","",IF($J$50<0,"Pass",IF($J$50<'Settings'!$B$4,"Thin",IF($J$50<0.06,"✅ Sharp band",IF($J$50<0.08,"Strong","⚠ Verify (stale?)"))))) | N50: Model 58.0% (fair -138). Your call. | P50: =IF(OR($H$50="",$O$50=""),"",(1+IF($H$50<0,-100/$H$50,$H$50/100))/(1+IF($O$50<0,-100/$O$50,$O$50/100))-1)
A51: 2026-06-27 | B51: Seattle Mariners @ Cleveland Guardians | C51: 23:10 | D51: Moneyline | E51: Seattle Mariners | F51: 0.61972437 | G51: -163 | H51: -138 | I51: =IF($H$51="","",IF($H$51<0,-$H$51/(-$H$51+100),100/($H$51+100))) | J51: =IF($H$51="","",$F$51*IF($H$51<0,-100/$H$51,$H$51/100)-(1-$F$51)) | K51: =IF($H$51="","",MAX(0,($F$51*IF($H$51<0,-100/$H$51,$H$51/100)-(1-$F$51))/IF($H$51<0,-100/$H$51,$H$51/100))*'Settings'!$B$3) | L51: =IF($H$51="","",ROUND(MIN($K$51,'Settings'!$B$5)*'Settings'!$B$2,2)) | M51: =IF($J$51="","",IF($J$51<0,"Pass",IF($J$51<'Settings'!$B$4,"Thin",IF($J$51<0.06,"✅ Sharp band",IF($J$51<0.08,"Strong","⚠ Verify (stale?)"))))) | N51: Model 62.0% (fair -163). Your call. | P51: =IF(OR($H$51="",$O$51=""),"",(1+IF($H$51<0,-100/$H$51,$H$51/100))/(1+IF($O$51<0,-100/$O$51,$O$51/100))-1)
A52: 2026-06-27 | B52: Seattle Mariners @ Cleveland Guardians | C52: 23:10 | D52: Moneyline | E52: Cleveland Guardians | F52: 0.38029787 | G52: 163 | H52: 135 | I52: =IF($H$52="","",IF($H$52<0,-$H$52/(-$H$52+100),100/($H$52+100))) | J52: =IF($H$52="","",$F$52*IF($H$52<0,-100/$H$52,$H$52/100)-(1-$F$52)) | K52: =IF($H$52="","",MAX(0,($F$52*IF($H$52<0,-100/$H$52,$H$52/100)-(1-$F$52))/IF($H$52<0,-100/$H$52,$H$52/100))*'Settings'!$B$3) | L52: =IF($H$52="","",ROUND(MIN($K$52,'Settings'!$B$5)*'Settings'!$B$2,2)) | M52: =IF($J$52="","",IF($J$52<0,"Pass",IF($J$52<'Settings'!$B$4,"Thin",IF($J$52<0.06,"✅ Sharp band",IF($J$52<0.08,"Strong","⚠ Verify (stale?)"))))) | N52: Model 38.0% (fair +163). Your call. | P52: =IF(OR($H$52="",$O$52=""),"",(1+IF($H$52<0,-100/$H$52,$H$52/100))/(1+IF($O$52<0,-100/$O$52,$O$52/100))-1)
A53: 2026-06-27 | B53: Seattle Mariners @ Cleveland Guardians | C53: 23:10 | D53: Total | E53: Over 7.5 | F53: 0.5473 | G53: -121 | H53: 108 | I53: =IF($H$53="","",IF($H$53<0,-$H$53/(-$H$53+100),100/($H$53+100))) | J53: =IF($H$53="","",$F$53*IF($H$53<0,-100/$H$53,$H$53/100)-(1-$F$53)) | K53: =IF($H$53="","",MAX(0,($F$53*IF($H$53<0,-100/$H$53,$H$53/100)-(1-$F$53))/IF($H$53<0,-100/$H$53,$H$53/100))*'Settings'!$B$3) | L53: =IF($H$53="","",ROUND(MIN($K$53,'Settings'!$B$5)*'Settings'!$B$2,2)) | M53: =IF($J$53="","",IF($J$53<0,"Pass",IF($J$53<'Settings'!$B$4,"Thin",IF($J$53<0.06,"✅ Sharp band",IF($J$53<0.08,"Strong","⚠ Verify (stale?)"))))) | N53: Model 54.7% (fair -121). Your call. | P53: =IF(OR($H$53="",$O$53=""),"",(1+IF($H$53<0,-100/$H$53,$H$53/100))/(1+IF($O$53<0,-100/$O$53,$O$53/100))-1)
A54: 2026-06-27 | B54: Seattle Mariners @ Cleveland Guardians | C54: 23:10 | D54: Total | E54: Under 7.5 | F54: 0.4527 | G54: 121 | H54: 119 | I54: =IF($H$54="","",IF($H$54<0,-$H$54/(-$H$54+100),100/($H$54+100))) | J54: =IF($H$54="","",$F$54*IF($H$54<0,-100/$H$54,$H$54/100)-(1-$F$54)) | K54: =IF($H$54="","",MAX(0,($F$54*IF($H$54<0,-100/$H$54,$H$54/100)-(1-$F$54))/IF($H$54<0,-100/$H$54,$H$54/100))*'Settings'!$B$3) | L54: =IF($H$54="","",ROUND(MIN($K$54,'Settings'!$B$5)*'Settings'!$B$2,2)) | M54: =IF($J$54="","",IF($J$54<0,"Pass",IF($J$54<'Settings'!$B$4,"Thin",IF($J$54<0.06,"✅ Sharp band",IF($J$54<0.08,"Strong","⚠ Verify (stale?)"))))) | N54: Model 45.3% (fair +121). Your call. | P54: =IF(OR($H$54="",$O$54=""),"",(1+IF($H$54<0,-100/$H$54,$H$54/100))/(1+IF($O$54<0,-100/$O$54,$O$54/100))-1)
A55: 2026-06-27 | B55: Colorado Rockies @ Minnesota Twins | C55: 23:10 | D55: Moneyline | E55: Colorado Rockies | F55: 0.4213 | G55: 137 | I55: =IF($H$55="","",IF($H$55<0,-$H$55/(-$H$55+100),100/($H$55+100))) | J55: =IF($H$55="","",$F$55*IF($H$55<0,-100/$H$55,$H$55/100)-(1-$F$55)) | K55: =IF($H$55="","",MAX(0,($F$55*IF($H$55<0,-100/$H$55,$H$55/100)-(1-$F$55))/IF($H$55<0,-100/$H$55,$H$55/100))*'Settings'!$B$3) | L55: =IF($H$55="","",ROUND(MIN($K$55,'Settings'!$B$5)*'Settings'!$B$2,2)) | M55: =IF($J$55="","",IF($J$55<0,"Pass",IF($J$55<'Settings'!$B$4,"Thin",IF($J$55<0.06,"✅ Sharp band",IF($J$55<0.08,"Strong","⚠ Verify (stale?)"))))) | N55: Model 42.1% (fair +137). Your call. | P55: =IF(OR($H$55="",$O$55=""),"",(1+IF($H$55<0,-100/$H$55,$H$55/100))/(1+IF($O$55<0,-100/$O$55,$O$55/100))-1)
A56: 2026-06-27 | B56: Colorado Rockies @ Minnesota Twins | C56: 23:10 | D56: Moneyline | E56: Minnesota Twins | F56: 0.5787 | G56: -137 | I56: =IF($H$56="","",IF($H$56<0,-$H$56/(-$H$56+100),100/($H$56+100))) | J56: =IF($H$56="","",$F$56*IF($H$56<0,-100/$H$56,$H$56/100)-(1-$F$56)) | K56: =IF($H$56="","",MAX(0,($F$56*IF($H$56<0,-100/$H$56,$H$56/100)-(1-$F$56))/IF($H$56<0,-100/$H$56,$H$56/100))*'Settings'!$B$3) | L56: =IF($H$56="","",ROUND(MIN($K$56,'Settings'!$B$5)*'Settings'!$B$2,2)) | M56: =IF($J$56="","",IF($J$56<0,"Pass",IF($J$56<'Settings'!$B$4,"Thin",IF($J$56<0.06,"✅ Sharp band",IF($J$56<0.08,"Strong","⚠ Verify (stale?)"))))) | N56: Model 57.9% (fair -137). Your call. | P56: =IF(OR($H$56="",$O$56=""),"",(1+IF($H$56<0,-100/$H$56,$H$56/100))/(1+IF($O$56<0,-100/$O$56,$O$56/100))-1)
A57: 2026-06-27 | B57: Chicago Cubs @ Milwaukee Brewers | C57: 23:10 | D57: Moneyline | E57: Chicago Cubs | F57: 0.3676 | G57: 172 | H57: 150 | I57: =IF($H$57="","",IF($H$57<0,-$H$57/(-$H$57+100),100/($H$57+100))) | J57: =IF($H$57="","",$F$57*IF($H$57<0,-100/$H$57,$H$57/100)-(1-$F$57)) | K57: =IF($H$57="","",MAX(0,($F$57*IF($H$57<0,-100/$H$57,$H$57/100)-(1-$F$57))/IF($H$57<0,-100/$H$57,$H$57/100))*'Settings'!$B$3) | L57: =IF($H$57="","",ROUND(MIN($K$57,'Settings'!$B$5)*'Settings'!$B$2,2)) | M57: =IF($J$57="","",IF($J$57<0,"Pass",IF($J$57<'Settings'!$B$4,"Thin",IF($J$57<0.06,"✅ Sharp band",IF($J$57<0.08,"Strong","⚠ Verify (stale?)"))))) | N57: Model 36.8% (fair +172). Your call. | P57: =IF(OR($H$57="",$O$57=""),"",(1+IF($H$57<0,-100/$H$57,$H$57/100))/(1+IF($O$57<0,-100/$O$57,$O$57/100))-1)
A58: 2026-06-27 | B58: Chicago Cubs @ Milwaukee Brewers | C58: 23:10 | D58: Moneyline | E58: Milwaukee Brewers | F58: 0.63241967 | G58: -172 | H58: -144 | I58: =IF($H$58="","",IF($H$58<0,-$H$58/(-$H$58+100),100/($H$58+100))) | J58: =IF($H$58="","",$F$58*IF($H$58<0,-100/$H$58,$H$58/100)-(1-$F$58)) | K58: =IF($H$58="","",MAX(0,($F$58*IF($H$58<0,-100/$H$58,$H$58/100)-(1-$F$58))/IF($H$58<0,-100/$H$58,$H$58/100))*'Settings'!$B$3) | L58: =IF($H$58="","",ROUND(MIN($K$58,'Settings'!$B$5)*'Settings'!$B$2,2)) | M58: =IF($J$58="","",IF($J$58<0,"Pass",IF($J$58<'Settings'!$B$4,"Thin",IF($J$58<0.06,"✅ Sharp band",IF($J$58<0.08,"Strong","⚠ Verify (stale?)"))))) | N58: Model 63.2% (fair -172). Your call. | P58: =IF(OR($H$58="",$O$58=""),"",(1+IF($H$58<0,-100/$H$58,$H$58/100))/(1+IF($O$58<0,-100/$O$58,$O$58/100))-1)
A59: 2026-06-27 | B59: Chicago Cubs @ Milwaukee Brewers | C59: 23:10 | D59: Total | E59: Over 8.5 | F59: 0.6248 | G59: -167 | H59: 117 | I59: =IF($H$59="","",IF($H$59<0,-$H$59/(-$H$59+100),100/($H$59+100))) | J59: =IF($H$59="","",$F$59*IF($H$59<0,-100/$H$59,$H$59/100)-(1-$F$59)) | K59: =IF($H$59="","",MAX(0,($F$59*IF($H$59<0,-100/$H$59,$H$59/100)-(1-$F$59))/IF($H$59<0,-100/$H$59,$H$59/100))*'Settings'!$B$3) | L59: =IF($H$59="","",ROUND(MIN($K$59,'Settings'!$B$5)*'Settings'!$B$2,2)) | M59: =IF($J$59="","",IF($J$59<0,"Pass",IF($J$59<'Settings'!$B$4,"Thin",IF($J$59<0.06,"✅ Sharp band",IF($J$59<0.08,"Strong","⚠ Verify (stale?)"))))) | N59: Model 62.5% (fair -167). Your call. | P59: =IF(OR($H$59="",$O$59=""),"",(1+IF($H$59<0,-100/$H$59,$H$59/100))/(1+IF($O$59<0,-100/$O$59,$O$59/100))-1)
A60: 2026-06-27 | B60: Chicago Cubs @ Milwaukee Brewers | C60: 23:10 | D60: Total | E60: Under 8.5 | F60: 0.3752 | G60: 167 | H60: 115 | I60: =IF($H$60="","",IF($H$60<0,-$H$60/(-$H$60+100),100/($H$60+100))) | J60: =IF($H$60="","",$F$60*IF($H$60<0,-100/$H$60,$H$60/100)-(1-$F$60)) | K60: =IF($H$60="","",MAX(0,($F$60*IF($H$60<0,-100/$H$60,$H$60/100)-(1-$F$60))/IF($H$60<0,-100/$H$60,$H$60/100))*'Settings'!$B$3) | L60: =IF($H$60="","",ROUND(MIN($K$60,'Settings'!$B$5)*'Settings'!$B$2,2)) | M60: =IF($J$60="","",IF($J$60<0,"Pass",IF($J$60<'Settings'!$B$4,"Thin",IF($J$60<0.06,"✅ Sharp band",IF($J$60<0.08,"Strong","⚠ Verify (stale?)"))))) | N60: Model 37.5% (fair +167). Your call. | P60: =IF(OR($H$60="",$O$60=""),"",(1+IF($H$60<0,-100/$H$60,$H$60/100))/(1+IF($O$60<0,-100/$O$60,$O$60/100))-1)
A61: 2026-06-27 | B61: Chicago Cubs @ Milwaukee Brewers | C61: 23:10 | D61: Spread | E61: Milwaukee Brewers -1.5 | F61: 0.4857 | G61: 106 | H61: 141 | I61: =IF($H$61="","",IF($H$61<0,-$H$61/(-$H$61+100),100/($H$61+100))) | J61: =IF($H$61="","",$F$61*IF($H$61<0,-100/$H$61,$H$61/100)-(1-$F$61)) | K61: =IF($H$61="","",MAX(0,($F$61*IF($H$61<0,-100/$H$61,$H$61/100)-(1-$F$61))/IF($H$61<0,-100/$H$61,$H$61/100))*'Settings'!$B$3) | L61: =IF($H$61="","",ROUND(MIN($K$61,'Settings'!$B$5)*'Settings'!$B$2,2)) | M61: =IF($J$61="","",IF($J$61<0,"Pass",IF($J$61<'Settings'!$B$4,"Thin",IF($J$61<0.06,"✅ Sharp band",IF($J$61<0.08,"Strong","⚠ Verify (stale?)"))))) | N61: Model 48.6% (fair +106). Your call. | P61: =IF(OR($H$61="",$O$61=""),"",(1+IF($H$61<0,-100/$H$61,$H$61/100))/(1+IF($O$61<0,-100/$O$61,$O$61/100))-1)
A62: 2026-06-27 | B62: Chicago Cubs @ Milwaukee Brewers | C62: 23:10 | D62: Spread | E62: Chicago Cubs +1.5 | F62: 0.5143 | G62: -106 | H62: -104 | I62: =IF($H$62="","",IF($H$62<0,-$H$62/(-$H$62+100),100/($H$62+100))) | J62: =IF($H$62="","",$F$62*IF($H$62<0,-100/$H$62,$H$62/100)-(1-$F$62)) | K62: =IF($H$62="","",MAX(0,($F$62*IF($H$62<0,-100/$H$62,$H$62/100)-(1-$F$62))/IF($H$62<0,-100/$H$62,$H$62/100))*'Settings'!$B$3) | L62: =IF($H$62="","",ROUND(MIN($K$62,'Settings'!$B$5)*'Settings'!$B$2,2)) | M62: =IF($J$62="","",IF($J$62<0,"Pass",IF($J$62<'Settings'!$B$4,"Thin",IF($J$62<0.06,"✅ Sharp band",IF($J$62<0.08,"Strong","⚠ Verify (stale?)"))))) | N62: Model 51.4% (fair -106). Your call. | P62: =IF(OR($H$62="",$O$62=""),"",(1+IF($H$62<0,-100/$H$62,$H$62/100))/(1+IF($O$62<0,-100/$O$62,$O$62/100))-1)
A63: 2026-06-27 | B63: Miami Marlins @ St. Louis Cardinals | C63: 23:15 | D63: Moneyline | E63: Miami Marlins | F63: 0.4503 | G63: 122 | I63: =IF($H$63="","",IF($H$63<0,-$H$63/(-$H$63+100),100/($H$63+100))) | J63: =IF($H$63="","",$F$63*IF($H$63<0,-100/$H$63,$H$63/100)-(1-$F$63)) | K63: =IF($H$63="","",MAX(0,($F$63*IF($H$63<0,-100/$H$63,$H$63/100)-(1-$F$63))/IF($H$63<0,-100/$H$63,$H$63/100))*'Settings'!$B$3) | L63: =IF($H$63="","",ROUND(MIN($K$63,'Settings'!$B$5)*'Settings'!$B$2,2)) | M63: =IF($J$63="","",IF($J$63<0,"Pass",IF($J$63<'Settings'!$B$4,"Thin",IF($J$63<0.06,"✅ Sharp band",IF($J$63<0.08,"Strong","⚠ Verify (stale?)"))))) | N63: Model 45.0% (fair +122). Your call. | P63: =IF(OR($H$63="",$O$63=""),"",(1+IF($H$63<0,-100/$H$63,$H$63/100))/(1+IF($O$63<0,-100/$O$63,$O$63/100))-1)
A64: 2026-06-27 | B64: Miami Marlins @ St. Louis Cardinals | C64: 23:15 | D64: Moneyline | E64: St. Louis Cardinals | F64: 0.5497 | G64: -122 | I64: =IF($H$64="","",IF($H$64<0,-$H$64/(-$H$64+100),100/($H$64+100))) | J64: =IF($H$64="","",$F$64*IF($H$64<0,-100/$H$64,$H$64/100)-(1-$F$64)) | K64: =IF($H$64="","",MAX(0,($F$64*IF($H$64<0,-100/$H$64,$H$64/100)-(1-$F$64))/IF($H$64<0,-100/$H$64,$H$64/100))*'Settings'!$B$3) | L64: =IF($H$64="","",ROUND(MIN($K$64,'Settings'!$B$5)*'Settings'!$B$2,2)) | M64: =IF($J$64="","",IF($J$64<0,"Pass",IF($J$64<'Settings'!$B$4,"Thin",IF($J$64<0.06,"✅ Sharp band",IF($J$64<0.08,"Strong","⚠ Verify (stale?)"))))) | N64: Model 55.0% (fair -122). Your call. | P64: =IF(OR($H$64="",$O$64=""),"",(1+IF($H$64<0,-100/$H$64,$H$64/100))/(1+IF($O$64<0,-100/$O$64,$O$64/100))-1)
A65: 2026-06-27 | B65: Los Angeles Dodgers @ San Diego Padres | C65: 00:40 | D65: Moneyline | E65: Los Angeles Dodgers | F65: 0.6282 | G65: -169 | I65: =IF($H$65="","",IF($H$65<0,-$H$65/(-$H$65+100),100/($H$65+100))) | J65: =IF($H$65="","",$F$65*IF($H$65<0,-100/$H$65,$H$65/100)-(1-$F$65)) | K65: =IF($H$65="","",MAX(0,($F$65*IF($H$65<0,-100/$H$65,$H$65/100)-(1-$F$65))/IF($H$65<0,-100/$H$65,$H$65/100))*'Settings'!$B$3) | L65: =IF($H$65="","",ROUND(MIN($K$65,'Settings'!$B$5)*'Settings'!$B$2,2)) | M65: =IF($J$65="","",IF($J$65<0,"Pass",IF($J$65<'Settings'!$B$4,"Thin",IF($J$65<0.06,"✅ Sharp band",IF($J$65<0.08,"Strong","⚠ Verify (stale?)"))))) | N65: Model 62.8% (fair -169). Your call. | P65: =IF(OR($H$65="",$O$65=""),"",(1+IF($H$65<0,-100/$H$65,$H$65/100))/(1+IF($O$65<0,-100/$O$65,$O$65/100))-1)
A66: 2026-06-27 | B66: Los Angeles Dodgers @ San Diego Padres | C66: 00:40 | D66: Moneyline | E66: San Diego Padres | F66: 0.3718 | G66: 169 | I66: =IF($H$66="","",IF($H$66<0,-$H$66/(-$H$66+100),100/($H$66+100))) | J66: =IF($H$66="","",$F$66*IF($H$66<0,-100/$H$66,$H$66/100)-(1-$F$66)) | K66: =IF($H$66="","",MAX(0,($F$66*IF($H$66<0,-100/$H$66,$H$66/100)-(1-$F$66))/IF($H$66<0,-100/$H$66,$H$66/100))*'Settings'!$B$3) | L66: =IF($H$66="","",ROUND(MIN($K$66,'Settings'!$B$5)*'Settings'!$B$2,2)) | M66: =IF($J$66="","",IF($J$66<0,"Pass",IF($J$66<'Settings'!$B$4,"Thin",IF($J$66<0.06,"✅ Sharp band",IF($J$66<0.08,"Strong","⚠ Verify (stale?)"))))) | N66: Model 37.2% (fair +169). Your call. | P66: =IF(OR($H$66="",$O$66=""),"",(1+IF($H$66<0,-100/$H$66,$H$66/100))/(1+IF($O$66<0,-100/$O$66,$O$66/100))-1)
A67: 2026-06-27 | B67: Atlanta Braves @ San Francisco Giants | C67: 01:05 | D67: Moneyline | E67: Atlanta Braves | F67: 0.4001 | G67: 150 | I67: =IF($H$67="","",IF($H$67<0,-$H$67/(-$H$67+100),100/($H$67+100))) | J67: =IF($H$67="","",$F$67*IF($H$67<0,-100/$H$67,$H$67/100)-(1-$F$67)) | K67: =IF($H$67="","",MAX(0,($F$67*IF($H$67<0,-100/$H$67,$H$67/100)-(1-$F$67))/IF($H$67<0,-100/$H$67,$H$67/100))*'Settings'!$B$3) | L67: =IF($H$67="","",ROUND(MIN($K$67,'Settings'!$B$5)*'Settings'!$B$2,2)) | M67: =IF($J$67="","",IF($J$67<0,"Pass",IF($J$67<'Settings'!$B$4,"Thin",IF($J$67<0.06,"✅ Sharp band",IF($J$67<0.08,"Strong","⚠ Verify (stale?)"))))) | N67: Model 40.0% (fair +150). Your call. | P67: =IF(OR($H$67="",$O$67=""),"",(1+IF($H$67<0,-100/$H$67,$H$67/100))/(1+IF($O$67<0,-100/$O$67,$O$67/100))-1)
A68: 2026-06-27 | B68: Atlanta Braves @ San Francisco Giants | C68: 01:05 | D68: Moneyline | E68: San Francisco Giants | F68: 0.5999 | G68: -150 | I68: =IF($H$68="","",IF($H$68<0,-$H$68/(-$H$68+100),100/($H$68+100))) | J68: =IF($H$68="","",$F$68*IF($H$68<0,-100/$H$68,$H$68/100)-(1-$F$68)) | K68: =IF($H$68="","",MAX(0,($F$68*IF($H$68<0,-100/$H$68,$H$68/100)-(1-$F$68))/IF($H$68<0,-100/$H$68,$H$68/100))*'Settings'!$B$3) | L68: =IF($H$68="","",ROUND(MIN($K$68,'Settings'!$B$5)*'Settings'!$B$2,2)) | M68: =IF($J$68="","",IF($J$68<0,"Pass",IF($J$68<'Settings'!$B$4,"Thin",IF($J$68<0.06,"✅ Sharp band",IF($J$68<0.08,"Strong","⚠ Verify (stale?)"))))) | N68: Model 60.0% (fair -150). Your call. | P68: =IF(OR($H$68="",$O$68=""),"",(1+IF($H$68<0,-100/$H$68,$H$68/100))/(1+IF($O$68<0,-100/$O$68,$O$68/100))-1)
A69: 2026-06-27 | B69: Athletics @ Los Angeles Angels | C69: 01:38 | D69: Moneyline | E69: Athletics | F69: 0.4225 | G69: 137 | I69: =IF($H$69="","",IF($H$69<0,-$H$69/(-$H$69+100),100/($H$69+100))) | J69: =IF($H$69="","",$F$69*IF($H$69<0,-100/$H$69,$H$69/100)-(1-$F$69)) | K69: =IF($H$69="","",MAX(0,($F$69*IF($H$69<0,-100/$H$69,$H$69/100)-(1-$F$69))/IF($H$69<0,-100/$H$69,$H$69/100))*'Settings'!$B$3) | L69: =IF($H$69="","",ROUND(MIN($K$69,'Settings'!$B$5)*'Settings'!$B$2,2)) | M69: =IF($J$69="","",IF($J$69<0,"Pass",IF($J$69<'Settings'!$B$4,"Thin",IF($J$69<0.06,"✅ Sharp band",IF($J$69<0.08,"Strong","⚠ Verify (stale?)"))))) | N69: Model 42.2% (fair +137). Your call. | P69: =IF(OR($H$69="",$O$69=""),"",(1+IF($H$69<0,-100/$H$69,$H$69/100))/(1+IF($O$69<0,-100/$O$69,$O$69/100))-1)
A70: 2026-06-27 | B70: Athletics @ Los Angeles Angels | C70: 01:38 | D70: Moneyline | E70: Los Angeles Angels | F70: 0.5775 | G70: -137 | I70: =IF($H$70="","",IF($H$70<0,-$H$70/(-$H$70+100),100/($H$70+100))) | J70: =IF($H$70="","",$F$70*IF($H$70<0,-100/$H$70,$H$70/100)-(1-$F$70)) | K70: =IF($H$70="","",MAX(0,($F$70*IF($H$70<0,-100/$H$70,$H$70/100)-(1-$F$70))/IF($H$70<0,-100/$H$70,$H$70/100))*'Settings'!$B$3) | L70: =IF($H$70="","",ROUND(MIN($K$70,'Settings'!$B$5)*'Settings'!$B$2,2)) | M70: =IF($J$70="","",IF($J$70<0,"Pass",IF($J$70<'Settings'!$B$4,"Thin",IF($J$70<0.06,"✅ Sharp band",IF($J$70<0.08,"Strong","⚠ Verify (stale?)"))))) | N70: Model 57.8% (fair -137). Your call. | P70: =IF(OR($H$70="",$O$70=""),"",(1+IF($H$70<0,-100/$H$70,$H$70/100))/(1+IF($O$70<0,-100/$O$70,$O$70/100))-1)
A71: 2026-06-28 | B71: Washington Nationals @ Baltimore Orioles | C71: 17:35 | D71: Moneyline | E71: Washington Nationals | F71: 0.31459259 | G71: 218 | H71: 170 | I71: =IF($H$71="","",IF($H$71<0,-$H$71/(-$H$71+100),100/($H$71+100))) | J71: =IF($H$71="","",$F$71*IF($H$71<0,-100/$H$71,$H$71/100)-(1-$F$71)) | K71: =IF($H$71="","",MAX(0,($F$71*IF($H$71<0,-100/$H$71,$H$71/100)-(1-$F$71))/IF($H$71<0,-100/$H$71,$H$71/100))*'Settings'!$B$3) | L71: =IF($H$71="","",ROUND(MIN($K$71,'Settings'!$B$5)*'Settings'!$B$2,2)) | M71: =IF($J$71="","",IF($J$71<0,"Pass",IF($J$71<'Settings'!$B$4,"Thin",IF($J$71<0.06,"✅ Sharp band",IF($J$71<0.08,"Strong","⚠ Verify (stale?)"))))) | N71: Model 31.5% (fair +218). Your call. | P71: =IF(OR($H$71="",$O$71=""),"",(1+IF($H$71<0,-100/$H$71,$H$71/100))/(1+IF($O$71<0,-100/$O$71,$O$71/100))-1)
A72: 2026-06-28 | B72: Washington Nationals @ Baltimore Orioles | C72: 17:35 | D72: Moneyline | E72: Baltimore Orioles | F72: 0.6854057 | G72: -218 | H72: -163 | I72: =IF($H$72="","",IF($H$72<0,-$H$72/(-$H$72+100),100/($H$72+100))) | J72: =IF($H$72="","",$F$72*IF($H$72<0,-100/$H$72,$H$72/100)-(1-$F$72)) | K72: =IF($H$72="","",MAX(0,($F$72*IF($H$72<0,-100/$H$72,$H$72/100)-(1-$F$72))/IF($H$72<0,-100/$H$72,$H$72/100))*'Settings'!$B$3) | L72: =IF($H$72="","",ROUND(MIN($K$72,'Settings'!$B$5)*'Settings'!$B$2,2)) | M72: =IF($J$72="","",IF($J$72<0,"Pass",IF($J$72<'Settings'!$B$4,"Thin",IF($J$72<0.06,"✅ Sharp band",IF($J$72<0.08,"Strong","⚠ Verify (stale?)"))))) | N72: Model 68.5% (fair -218). Your call. | P72: =IF(OR($H$72="",$O$72=""),"",(1+IF($H$72<0,-100/$H$72,$H$72/100))/(1+IF($O$72<0,-100/$O$72,$O$72/100))-1)
A73: 2026-06-28 | B73: Washington Nationals @ Baltimore Orioles | C73: 17:35 | D73: Total | E73: Over 9.5 | F73: 0.5857561 | G73: -141 | H73: 105 | I73: =IF($H$73="","",IF($H$73<0,-$H$73/(-$H$73+100),100/($H$73+100))) | J73: =IF($H$73="","",$F$73*IF($H$73<0,-100/$H$73,$H$73/100)-(1-$F$73)) | K73: =IF($H$73="","",MAX(0,($F$73*IF($H$73<0,-100/$H$73,$H$73/100)-(1-$F$73))/IF($H$73<0,-100/$H$73,$H$73/100))*'Settings'!$B$3) | L73: =IF($H$73="","",ROUND(MIN($K$73,'Settings'!$B$5)*'Settings'!$B$2,2)) | M73: =IF($J$73="","",IF($J$73<0,"Pass",IF($J$73<'Settings'!$B$4,"Thin",IF($J$73<0.06,"✅ Sharp band",IF($J$73<0.08,"Strong","⚠ Verify (stale?)"))))) | N73: Model 58.6% (fair -141). Your call. | P73: =IF(OR($H$73="",$O$73=""),"",(1+IF($H$73<0,-100/$H$73,$H$73/100))/(1+IF($O$73<0,-100/$O$73,$O$73/100))-1)
A74: 2026-06-28 | B74: Washington Nationals @ Baltimore Orioles | C74: 17:35 | D74: Total | E74: Under 9.5 | F74: 0.41426341 | G74: 141 | H74: -105 | I74: =IF($H$74="","",IF($H$74<0,-$H$74/(-$H$74+100),100/($H$74+100))) | J74: =IF($H$74="","",$F$74*IF($H$74<0,-100/$H$74,$H$74/100)-(1-$F$74)) | K74: =IF($H$74="","",MAX(0,($F$74*IF($H$74<0,-100/$H$74,$H$74/100)-(1-$F$74))/IF($H$74<0,-100/$H$74,$H$74/100))*'Settings'!$B$3) | L74: =IF($H$74="","",ROUND(MIN($K$74,'Settings'!$B$5)*'Settings'!$B$2,2)) | M74: =IF($J$74="","",IF($J$74<0,"Pass",IF($J$74<'Settings'!$B$4,"Thin",IF($J$74<0.06,"✅ Sharp band",IF($J$74<0.08,"Strong","⚠ Verify (stale?)"))))) | N74: Model 41.4% (fair +141). Your call. | P74: =IF(OR($H$74="",$O$74=""),"",(1+IF($H$74<0,-100/$H$74,$H$74/100))/(1+IF($O$74<0,-100/$O$74,$O$74/100))-1)
A75: 2026-06-28 | B75: Washington Nationals @ Baltimore Orioles | C75: 17:35 | D75: Spread | E75: Baltimore Orioles -1.5 | F75: 0.52738095 | G75: -112 | H75: 110 | I75: =IF($H$75="","",IF($H$75<0,-$H$75/(-$H$75+100),100/($H$75+100))) | J75: =IF($H$75="","",$F$75*IF($H$75<0,-100/$H$75,$H$75/100)-(1-$F$75)) | K75: =IF($H$75="","",MAX(0,($F$75*IF($H$75<0,-100/$H$75,$H$75/100)-(1-$F$75))/IF($H$75<0,-100/$H$75,$H$75/100))*'Settings'!$B$3) | L75: =IF($H$75="","",ROUND(MIN($K$75,'Settings'!$B$5)*'Settings'!$B$2,2)) | M75: =IF($J$75="","",IF($J$75<0,"Pass",IF($J$75<'Settings'!$B$4,"Thin",IF($J$75<0.06,"✅ Sharp band",IF($J$75<0.08,"Strong","⚠ Verify (stale?)"))))) | N75: Model 52.7% (fair -112). Your call. | P75: =IF(OR($H$75="",$O$75=""),"",(1+IF($H$75<0,-100/$H$75,$H$75/100))/(1+IF($O$75<0,-100/$O$75,$O$75/100))-1)
A76: 2026-06-28 | B76: Washington Nationals @ Baltimore Orioles | C76: 17:35 | D76: Spread | E76: Washington Nationals +1.5 | F76: 0.47258182 | G76: 112 | H76: -120 | I76: =IF($H$76="","",IF($H$76<0,-$H$76/(-$H$76+100),100/($H$76+100))) | J76: =IF($H$76="","",$F$76*IF($H$76<0,-100/$H$76,$H$76/100)-(1-$F$76)) | K76: =IF($H$76="","",MAX(0,($F$76*IF($H$76<0,-100/$H$76,$H$76/100)-(1-$F$76))/IF($H$76<0,-100/$H$76,$H$76/100))*'Settings'!$B$3) | L76: =IF($H$76="","",ROUND(MIN($K$76,'Settings'!$B$5)*'Settings'!$B$2,2)) | M76: =IF($J$76="","",IF($J$76<0,"Pass",IF($J$76<'Settings'!$B$4,"Thin",IF($J$76<0.06,"✅ Sharp band",IF($J$76<0.08,"Strong","⚠ Verify (stale?)"))))) | N76: Model 47.3% (fair +112). Your call. | P76: =IF(OR($H$76="",$O$76=""),"",(1+IF($H$76<0,-100/$H$76,$H$76/100))/(1+IF($O$76<0,-100/$O$76,$O$76/100))-1)
A77: 2026-06-28 | B77: Cincinnati Reds @ Pittsburgh Pirates | C77: 17:35 | D77: Moneyline | E77: Cincinnati Reds | F77: 0.32855856 | G77: 204 | H77: 122 | I77: =IF($H$77="","",IF($H$77<0,-$H$77/(-$H$77+100),100/($H$77+100))) | J77: =IF($H$77="","",$F$77*IF($H$77<0,-100/$H$77,$H$77/100)-(1-$F$77)) | K77: =IF($H$77="","",MAX(0,($F$77*IF($H$77<0,-100/$H$77,$H$77/100)-(1-$F$77))/IF($H$77<0,-100/$H$77,$H$77/100))*'Settings'!$B$3) | L77: =IF($H$77="","",ROUND(MIN($K$77,'Settings'!$B$5)*'Settings'!$B$2,2)) | M77: =IF($J$77="","",IF($J$77<0,"Pass",IF($J$77<'Settings'!$B$4,"Thin",IF($J$77<0.06,"✅ Sharp band",IF($J$77<0.08,"Strong","⚠ Verify (stale?)"))))) | N77: Model 32.9% (fair +204). Your call. | P77: =IF(OR($H$77="",$O$77=""),"",(1+IF($H$77<0,-100/$H$77,$H$77/100))/(1+IF($O$77<0,-100/$O$77,$O$77/100))-1)
A78: 2026-06-28 | B78: Cincinnati Reds @ Pittsburgh Pirates | C78: 17:35 | D78: Moneyline | E78: Pittsburgh Pirates | F78: 0.67143964 | G78: -204 | H78: -122 | I78: =IF($H$78="","",IF($H$78<0,-$H$78/(-$H$78+100),100/($H$78+100))) | J78: =IF($H$78="","",$F$78*IF($H$78<0,-100/$H$78,$H$78/100)-(1-$F$78)) | K78: =IF($H$78="","",MAX(0,($F$78*IF($H$78<0,-100/$H$78,$H$78/100)-(1-$F$78))/IF($H$78<0,-100/$H$78,$H$78/100))*'Settings'!$B$3) | L78: =IF($H$78="","",ROUND(MIN($K$78,'Settings'!$B$5)*'Settings'!$B$2,2)) | M78: =IF($J$78="","",IF($J$78<0,"Pass",IF($J$78<'Settings'!$B$4,"Thin",IF($J$78<0.06,"✅ Sharp band",IF($J$78<0.08,"Strong","⚠ Verify (stale?)"))))) | N78: Model 67.1% (fair -204). Your call. | P78: =IF(OR($H$78="",$O$78=""),"",(1+IF($H$78<0,-100/$H$78,$H$78/100))/(1+IF($O$78<0,-100/$O$78,$O$78/100))-1)
A79: 2026-06-28 | B79: Cincinnati Reds @ Pittsburgh Pirates | C79: 17:35 | D79: Total | E79: Over 9.5 | F79: 0.5817 | G79: -139 | H79: 117 | I79: =IF($H$79="","",IF($H$79<0,-$H$79/(-$H$79+100),100/($H$79+100))) | J79: =IF($H$79="","",$F$79*IF($H$79<0,-100/$H$79,$H$79/100)-(1-$F$79)) | K79: =IF($H$79="","",MAX(0,($F$79*IF($H$79<0,-100/$H$79,$H$79/100)-(1-$F$79))/IF($H$79<0,-100/$H$79,$H$79/100))*'Settings'!$B$3) | L79: =IF($H$79="","",ROUND(MIN($K$79,'Settings'!$B$5)*'Settings'!$B$2,2)) | M79: =IF($J$79="","",IF($J$79<0,"Pass",IF($J$79<'Settings'!$B$4,"Thin",IF($J$79<0.06,"✅ Sharp band",IF($J$79<0.08,"Strong","⚠ Verify (stale?)"))))) | N79: Model 58.2% (fair -139). Your call. | P79: =IF(OR($H$79="",$O$79=""),"",(1+IF($H$79<0,-100/$H$79,$H$79/100))/(1+IF($O$79<0,-100/$O$79,$O$79/100))-1)
A80: 2026-06-28 | B80: Cincinnati Reds @ Pittsburgh Pirates | C80: 17:35 | D80: Total | E80: Under 9.5 | F80: 0.4183 | G80: 139 | H80: 110 | I80: =IF($H$80="","",IF($H$80<0,-$H$80/(-$H$80+100),100/($H$80+100))) | J80: =IF($H$80="","",$F$80*IF($H$80<0,-100/$H$80,$H$80/100)-(1-$F$80)) | K80: =IF($H$80="","",MAX(0,($F$80*IF($H$80<0,-100/$H$80,$H$80/100)-(1-$F$80))/IF($H$80<0,-100/$H$80,$H$80/100))*'Settings'!$B$3) | L80: =IF($H$80="","",ROUND(MIN($K$80,'Settings'!$B$5)*'Settings'!$B$2,2)) | M80: =IF($J$80="","",IF($J$80<0,"Pass",IF($J$80<'Settings'!$B$4,"Thin",IF($J$80<0.06,"✅ Sharp band",IF($J$80<0.08,"Strong","⚠ Verify (stale?)"))))) | N80: Model 41.8% (fair +139). Your call. | P80: =IF(OR($H$80="",$O$80=""),"",(1+IF($H$80<0,-100/$H$80,$H$80/100))/(1+IF($O$80<0,-100/$O$80,$O$80/100))-1)
A81: 2026-06-28 | B81: Cincinnati Reds @ Pittsburgh Pirates | C81: 17:35 | D81: Spread | E81: Pittsburgh Pirates -1.5 | F81: 0.49665441 | G81: 101 | H81: 172 | I81: =IF($H$81="","",IF($H$81<0,-$H$81/(-$H$81+100),100/($H$81+100))) | J81: =IF($H$81="","",$F$81*IF($H$81<0,-100/$H$81,$H$81/100)-(1-$F$81)) | K81: =IF($H$81="","",MAX(0,($F$81*IF($H$81<0,-100/$H$81,$H$81/100)-(1-$F$81))/IF($H$81<0,-100/$H$81,$H$81/100))*'Settings'!$B$3) | L81: =IF($H$81="","",ROUND(MIN($K$81,'Settings'!$B$5)*'Settings'!$B$2,2)) | M81: =IF($J$81="","",IF($J$81<0,"Pass",IF($J$81<'Settings'!$B$4,"Thin",IF($J$81<0.06,"✅ Sharp band",IF($J$81<0.08,"Strong","⚠ Verify (stale?)"))))) | N81: Model 49.7% (fair +101). Your call. | P81: =IF(OR($H$81="",$O$81=""),"",(1+IF($H$81<0,-100/$H$81,$H$81/100))/(1+IF($O$81<0,-100/$O$81,$O$81/100))-1)
A82: 2026-06-28 | B82: Cincinnati Reds @ Pittsburgh Pirates | C82: 17:35 | D82: Spread | E82: Cincinnati Reds +1.5 | F82: 0.50335714 | G82: -101 | H82: -180 | I82: =IF($H$82="","",IF($H$82<0,-$H$82/(-$H$82+100),100/($H$82+100))) | J82: =IF($H$82="","",$F$82*IF($H$82<0,-100/$H$82,$H$82/100)-(1-$F$82)) | K82: =IF($H$82="","",MAX(0,($F$82*IF($H$82<0,-100/$H$82,$H$82/100)-(1-$F$82))/IF($H$82<0,-100/$H$82,$H$82/100))*'Settings'!$B$3) | L82: =IF($H$82="","",ROUND(MIN($K$82,'Settings'!$B$5)*'Settings'!$B$2,2)) | M82: =IF($J$82="","",IF($J$82<0,"Pass",IF($J$82<'Settings'!$B$4,"Thin",IF($J$82<0.06,"✅ Sharp band",IF($J$82<0.08,"Strong","⚠ Verify (stale?)"))))) | N82: Model 50.3% (fair -101). Your call. | P82: =IF(OR($H$82="",$O$82=""),"",(1+IF($H$82<0,-100/$H$82,$H$82/100))/(1+IF($O$82<0,-100/$O$82,$O$82/100))-1)
A83: 2026-06-28 | B83: Texas Rangers @ Toronto Blue Jays | C83: 17:37 | D83: Moneyline | E83: Texas Rangers | F83: 0.47617117 | G83: 110 | H83: 122 | I83: =IF($H$83="","",IF($H$83<0,-$H$83/(-$H$83+100),100/($H$83+100))) | J83: =IF($H$83="","",$F$83*IF($H$83<0,-100/$H$83,$H$83/100)-(1-$F$83)) | K83: =IF($H$83="","",MAX(0,($F$83*IF($H$83<0,-100/$H$83,$H$83/100)-(1-$F$83))/IF($H$83<0,-100/$H$83,$H$83/100))*'Settings'!$B$3) | L83: =IF($H$83="","",ROUND(MIN($K$83,'Settings'!$B$5)*'Settings'!$B$2,2)) | M83: =IF($J$83="","",IF($J$83<0,"Pass",IF($J$83<'Settings'!$B$4,"Thin",IF($J$83<0.06,"✅ Sharp band",IF($J$83<0.08,"Strong","⚠ Verify (stale?)"))))) | N83: Model 47.6% (fair +110). Your call. | P83: =IF(OR($H$83="",$O$83=""),"",(1+IF($H$83<0,-100/$H$83,$H$83/100))/(1+IF($O$83<0,-100/$O$83,$O$83/100))-1)
A84: 2026-06-28 | B84: Texas Rangers @ Toronto Blue Jays | C84: 17:37 | D84: Moneyline | E84: Toronto Blue Jays | F84: 0.52383063 | G84: -110 | H84: -122 | I84: =IF($H$84="","",IF($H$84<0,-$H$84/(-$H$84+100),100/($H$84+100))) | J84: =IF($H$84="","",$F$84*IF($H$84<0,-100/$H$84,$H$84/100)-(1-$F$84)) | K84: =IF($H$84="","",MAX(0,($F$84*IF($H$84<0,-100/$H$84,$H$84/100)-(1-$F$84))/IF($H$84<0,-100/$H$84,$H$84/100))*'Settings'!$B$3) | L84: =IF($H$84="","",ROUND(MIN($K$84,'Settings'!$B$5)*'Settings'!$B$2,2)) | M84: =IF($J$84="","",IF($J$84<0,"Pass",IF($J$84<'Settings'!$B$4,"Thin",IF($J$84<0.06,"✅ Sharp band",IF($J$84<0.08,"Strong","⚠ Verify (stale?)"))))) | N84: Model 52.4% (fair -110). Your call. | P84: =IF(OR($H$84="",$O$84=""),"",(1+IF($H$84<0,-100/$H$84,$H$84/100))/(1+IF($O$84<0,-100/$O$84,$O$84/100))-1)
A85: 2026-06-28 | B85: Texas Rangers @ Toronto Blue Jays | C85: 17:37 | D85: Total | E85: Over 8.5 | F85: 0.55175 | G85: -123 | H85: 100 | I85: =IF($H$85="","",IF($H$85<0,-$H$85/(-$H$85+100),100/($H$85+100))) | J85: =IF($H$85="","",$F$85*IF($H$85<0,-100/$H$85,$H$85/100)-(1-$F$85)) | K85: =IF($H$85="","",MAX(0,($F$85*IF($H$85<0,-100/$H$85,$H$85/100)-(1-$F$85))/IF($H$85<0,-100/$H$85,$H$85/100))*'Settings'!$B$3) | L85: =IF($H$85="","",ROUND(MIN($K$85,'Settings'!$B$5)*'Settings'!$B$2,2)) | M85: =IF($J$85="","",IF($J$85<0,"Pass",IF($J$85<'Settings'!$B$4,"Thin",IF($J$85<0.06,"✅ Sharp band",IF($J$85<0.08,"Strong","⚠ Verify (stale?)"))))) | N85: Model 55.2% (fair -123). Your call. | P85: =IF(OR($H$85="",$O$85=""),"",(1+IF($H$85<0,-100/$H$85,$H$85/100))/(1+IF($O$85<0,-100/$O$85,$O$85/100))-1)
A86: 2026-06-28 | B86: Texas Rangers @ Toronto Blue Jays | C86: 17:37 | D86: Total | E86: Under 8.5 | F86: 0.44823333 | G86: 123 | H86: -113 | I86: =IF($H$86="","",IF($H$86<0,-$H$86/(-$H$86+100),100/($H$86+100))) | J86: =IF($H$86="","",$F$86*IF($H$86<0,-100/$H$86,$H$86/100)-(1-$F$86)) | K86: =IF($H$86="","",MAX(0,($F$86*IF($H$86<0,-100/$H$86,$H$86/100)-(1-$F$86))/IF($H$86<0,-100/$H$86,$H$86/100))*'Settings'!$B$3) | L86: =IF($H$86="","",ROUND(MIN($K$86,'Settings'!$B$5)*'Settings'!$B$2,2)) | M86: =IF($J$86="","",IF($J$86<0,"Pass",IF($J$86<'Settings'!$B$4,"Thin",IF($J$86<0.06,"✅ Sharp band",IF($J$86<0.08,"Strong","⚠ Verify (stale?)"))))) | N86: Model 44.8% (fair +123). Your call. | P86: =IF(OR($H$86="",$O$86=""),"",(1+IF($H$86<0,-100/$H$86,$H$86/100))/(1+IF($O$86<0,-100/$O$86,$O$86/100))-1)
A87: 2026-06-28 | B87: Texas Rangers @ Toronto Blue Jays | C87: 17:37 | D87: Spread | E87: Toronto Blue Jays -1.5 | F87: 0.33904412 | G87: 195 | H87: 172 | I87: =IF($H$87="","",IF($H$87<0,-$H$87/(-$H$87+100),100/($H$87+100))) | J87: =IF($H$87="","",$F$87*IF($H$87<0,-100/$H$87,$H$87/100)-(1-$F$87)) | K87: =IF($H$87="","",MAX(0,($F$87*IF($H$87<0,-100/$H$87,$H$87/100)-(1-$F$87))/IF($H$87<0,-100/$H$87,$H$87/100))*'Settings'!$B$3) | L87: =IF($H$87="","",ROUND(MIN($K$87,'Settings'!$B$5)*'Settings'!$B$2,2)) | M87: =IF($J$87="","",IF($J$87<0,"Pass",IF($J$87<'Settings'!$B$4,"Thin",IF($J$87<0.06,"✅ Sharp band",IF($J$87<0.08,"Strong","⚠ Verify (stale?)"))))) | N87: Model 33.9% (fair +195). Your call. | P87: =IF(OR($H$87="",$O$87=""),"",(1+IF($H$87<0,-100/$H$87,$H$87/100))/(1+IF($O$87<0,-100/$O$87,$O$87/100))-1)
A88: 2026-06-28 | B88: Texas Rangers @ Toronto Blue Jays | C88: 17:37 | D88: Spread | E88: Texas Rangers +1.5 | F88: 0.66093684 | G88: -195 | H88: -185 | I88: =IF($H$88="","",IF($H$88<0,-$H$88/(-$H$88+100),100/($H$88+100))) | J88: =IF($H$88="","",$F$88*IF($H$88<0,-100/$H$88,$H$88/100)-(1-$F$88)) | K88: =IF($H$88="","",MAX(0,($F$88*IF($H$88<0,-100/$H$88,$H$88/100)-(1-$F$88))/IF($H$88<0,-100/$H$88,$H$88/100))*'Settings'!$B$3) | L88: =IF($H$88="","",ROUND(MIN($K$88,'Settings'!$B$5)*'Settings'!$B$2,2)) | M88: =IF($J$88="","",IF($J$88<0,"Pass",IF($J$88<'Settings'!$B$4,"Thin",IF($J$88<0.06,"✅ Sharp band",IF($J$88<0.08,"Strong","⚠ Verify (stale?)"))))) | N88: Model 66.1% (fair -195). Your call. | P88: =IF(OR($H$88="",$O$88=""),"",(1+IF($H$88<0,-100/$H$88,$H$88/100))/(1+IF($O$88<0,-100/$O$88,$O$88/100))-1)
A89: 2026-06-28 | B89: Houston Astros @ Detroit Tigers | C89: 17:40 | D89: Moneyline | E89: Houston Astros | F89: 0.52767748 | G89: -112 | H89: -122 | I89: =IF($H$89="","",IF($H$89<0,-$H$89/(-$H$89+100),100/($H$89+100))) | J89: =IF($H$89="","",$F$89*IF($H$89<0,-100/$H$89,$H$89/100)-(1-$F$89)) | K89: =IF($H$89="","",MAX(0,($F$89*IF($H$89<0,-100/$H$89,$H$89/100)-(1-$F$89))/IF($H$89<0,-100/$H$89,$H$89/100))*'Settings'!$B$3) | L89: =IF($H$89="","",ROUND(MIN($K$89,'Settings'!$B$5)*'Settings'!$B$2,2)) | M89: =IF($J$89="","",IF($J$89<0,"Pass",IF($J$89<'Settings'!$B$4,"Thin",IF($J$89<0.06,"✅ Sharp band",IF($J$89<0.08,"Strong","⚠ Verify (stale?)"))))) | N89: Model 52.8% (fair -112). Your call. | P89: =IF(OR($H$89="",$O$89=""),"",(1+IF($H$89<0,-100/$H$89,$H$89/100))/(1+IF($O$89<0,-100/$O$89,$O$89/100))-1)
A90: 2026-06-28 | B90: Houston Astros @ Detroit Tigers | C90: 17:40 | D90: Moneyline | E90: Detroit Tigers | F90: 0.47235023 | G90: 112 | H90: 117 | I90: =IF($H$90="","",IF($H$90<0,-$H$90/(-$H$90+100),100/($H$90+100))) | J90: =IF($H$90="","",$F$90*IF($H$90<0,-100/$H$90,$H$90/100)-(1-$F$90)) | K90: =IF($H$90="","",MAX(0,($F$90*IF($H$90<0,-100/$H$90,$H$90/100)-(1-$F$90))/IF($H$90<0,-100/$H$90,$H$90/100))*'Settings'!$B$3) | L90: =IF($H$90="","",ROUND(MIN($K$90,'Settings'!$B$5)*'Settings'!$B$2,2)) | M90: =IF($J$90="","",IF($J$90<0,"Pass",IF($J$90<'Settings'!$B$4,"Thin",IF($J$90<0.06,"✅ Sharp band",IF($J$90<0.08,"Strong","⚠ Verify (stale?)"))))) | N90: Model 47.2% (fair +112). Your call. | P90: =IF(OR($H$90="",$O$90=""),"",(1+IF($H$90<0,-100/$H$90,$H$90/100))/(1+IF($O$90<0,-100/$O$90,$O$90/100))-1)
A91: 2026-06-28 | B91: Houston Astros @ Detroit Tigers | C91: 17:40 | D91: Total | E91: Over 8.5 | F91: 0.5746 | G91: -135 | H91: 100 | I91: =IF($H$91="","",IF($H$91<0,-$H$91/(-$H$91+100),100/($H$91+100))) | J91: =IF($H$91="","",$F$91*IF($H$91<0,-100/$H$91,$H$91/100)-(1-$F$91)) | K91: =IF($H$91="","",MAX(0,($F$91*IF($H$91<0,-100/$H$91,$H$91/100)-(1-$F$91))/IF($H$91<0,-100/$H$91,$H$91/100))*'Settings'!$B$3) | L91: =IF($H$91="","",ROUND(MIN($K$91,'Settings'!$B$5)*'Settings'!$B$2,2)) | M91: =IF($J$91="","",IF($J$91<0,"Pass",IF($J$91<'Settings'!$B$4,"Thin",IF($J$91<0.06,"✅ Sharp band",IF($J$91<0.08,"Strong","⚠ Verify (stale?)"))))) | N91: Model 57.5% (fair -135). Your call. | P91: =IF(OR($H$91="",$O$91=""),"",(1+IF($H$91<0,-100/$H$91,$H$91/100))/(1+IF($O$91<0,-100/$O$91,$O$91/100))-1)
A92: 2026-06-28 | B92: Houston Astros @ Detroit Tigers | C92: 17:40 | D92: Total | E92: Under 8.5 | F92: 0.42536585 | G92: 135 | H92: 105 | I92: =IF($H$92="","",IF($H$92<0,-$H$92/(-$H$92+100),100/($H$92+100))) | J92: =IF($H$92="","",$F$92*IF($H$92<0,-100/$H$92,$H$92/100)-(1-$F$92)) | K92: =IF($H$92="","",MAX(0,($F$92*IF($H$92<0,-100/$H$92,$H$92/100)-(1-$F$92))/IF($H$92<0,-100/$H$92,$H$92/100))*'Settings'!$B$3) | L92: =IF($H$92="","",ROUND(MIN($K$92,'Settings'!$B$5)*'Settings'!$B$2,2)) | M92: =IF($J$92="","",IF($J$92<0,"Pass",IF($J$92<'Settings'!$B$4,"Thin",IF($J$92<0.06,"✅ Sharp band",IF($J$92<0.08,"Strong","⚠ Verify (stale?)"))))) | N92: Model 42.5% (fair +135). Your call. | P92: =IF(OR($H$92="",$O$92=""),"",(1+IF($H$92<0,-100/$H$92,$H$92/100))/(1+IF($O$92<0,-100/$O$92,$O$92/100))-1)
A93: 2026-06-28 | B93: Houston Astros @ Detroit Tigers | C93: 17:40 | D93: Spread | E93: Detroit Tigers +1.5 | F93: 0.6312451 | G93: -171 | H93: -155 | I93: =IF($H$93="","",IF($H$93<0,-$H$93/(-$H$93+100),100/($H$93+100))) | J93: =IF($H$93="","",$F$93*IF($H$93<0,-100/$H$93,$H$93/100)-(1-$F$93)) | K93: =IF($H$93="","",MAX(0,($F$93*IF($H$93<0,-100/$H$93,$H$93/100)-(1-$F$93))/IF($H$93<0,-100/$H$93,$H$93/100))*'Settings'!$B$3) | L93: =IF($H$93="","",ROUND(MIN($K$93,'Settings'!$B$5)*'Settings'!$B$2,2)) | M93: =IF($J$93="","",IF($J$93<0,"Pass",IF($J$93<'Settings'!$B$4,"Thin",IF($J$93<0.06,"✅ Sharp band",IF($J$93<0.08,"Strong","⚠ Verify (stale?)"))))) | N93: Model 63.1% (fair -171). Your call. | P93: =IF(OR($H$93="",$O$93=""),"",(1+IF($H$93<0,-100/$H$93,$H$93/100))/(1+IF($O$93<0,-100/$O$93,$O$93/100))-1)
A94: 2026-06-28 | B94: Houston Astros @ Detroit Tigers | C94: 17:40 | D94: Spread | E94: Houston Astros -1.5 | F94: 0.36879167 | G94: 171 | H94: 140 | I94: =IF($H$94="","",IF($H$94<0,-$H$94/(-$H$94+100),100/($H$94+100))) | J94: =IF($H$94="","",$F$94*IF($H$94<0,-100/$H$94,$H$94/100)-(1-$F$94)) | K94: =IF($H$94="","",MAX(0,($F$94*IF($H$94<0,-100/$H$94,$H$94/100)-(1-$F$94))/IF($H$94<0,-100/$H$94,$H$94/100))*'Settings'!$B$3) | L94: =IF($H$94="","",ROUND(MIN($K$94,'Settings'!$B$5)*'Settings'!$B$2,2)) | M94: =IF($J$94="","",IF($J$94<0,"Pass",IF($J$94<'Settings'!$B$4,"Thin",IF($J$94<0.06,"✅ Sharp band",IF($J$94<0.08,"Strong","⚠ Verify (stale?)"))))) | N94: Model 36.9% (fair +171). Your call. | P94: =IF(OR($H$94="",$O$94=""),"",(1+IF($H$94<0,-100/$H$94,$H$94/100))/(1+IF($O$94<0,-100/$O$94,$O$94/100))-1)
A95: 2026-06-28 | B95: Seattle Mariners @ Cleveland Guardians | C95: 17:40 | D95: Moneyline | E95: Seattle Mariners | F95: 0.54375 | G95: -119 | H95: 108 | I95: =IF($H$95="","",IF($H$95<0,-$H$95/(-$H$95+100),100/($H$95+100))) | J95: =IF($H$95="","",$F$95*IF($H$95<0,-100/$H$95,$H$95/100)-(1-$F$95)) | K95: =IF($H$95="","",MAX(0,($F$95*IF($H$95<0,-100/$H$95,$H$95/100)-(1-$F$95))/IF($H$95<0,-100/$H$95,$H$95/100))*'Settings'!$B$3) | L95: =IF($H$95="","",ROUND(MIN($K$95,'Settings'!$B$5)*'Settings'!$B$2,2)) | M95: =IF($J$95="","",IF($J$95<0,"Pass",IF($J$95<'Settings'!$B$4,"Thin",IF($J$95<0.06,"✅ Sharp band",IF($J$95<0.08,"Strong","⚠ Verify (stale?)"))))) | N95: Model 54.4% (fair -119). Your call. | P95: =IF(OR($H$95="",$O$95=""),"",(1+IF($H$95<0,-100/$H$95,$H$95/100))/(1+IF($O$95<0,-100/$O$95,$O$95/100))-1)
A96: 2026-06-28 | B96: Seattle Mariners @ Cleveland Guardians | C96: 17:40 | D96: Moneyline | E96: Cleveland Guardians | F96: 0.45625 | G96: 119 | H96: 100 | I96: =IF($H$96="","",IF($H$96<0,-$H$96/(-$H$96+100),100/($H$96+100))) | J96: =IF($H$96="","",$F$96*IF($H$96<0,-100/$H$96,$H$96/100)-(1-$F$96)) | K96: =IF($H$96="","",MAX(0,($F$96*IF($H$96<0,-100/$H$96,$H$96/100)-(1-$F$96))/IF($H$96<0,-100/$H$96,$H$96/100))*'Settings'!$B$3) | L96: =IF($H$96="","",ROUND(MIN($K$96,'Settings'!$B$5)*'Settings'!$B$2,2)) | M96: =IF($J$96="","",IF($J$96<0,"Pass",IF($J$96<'Settings'!$B$4,"Thin",IF($J$96<0.06,"✅ Sharp band",IF($J$96<0.08,"Strong","⚠ Verify (stale?)"))))) | N96: Model 45.6% (fair +119). Your call. | P96: =IF(OR($H$96="",$O$96=""),"",(1+IF($H$96<0,-100/$H$96,$H$96/100))/(1+IF($O$96<0,-100/$O$96,$O$96/100))-1)
A97: 2026-06-28 | B97: Seattle Mariners @ Cleveland Guardians | C97: 17:40 | D97: Total | E97: Over 7.5 | F97: 0.48677885 | G97: 105 | H97: 108 | I97: =IF($H$97="","",IF($H$97<0,-$H$97/(-$H$97+100),100/($H$97+100))) | J97: =IF($H$97="","",$F$97*IF($H$97<0,-100/$H$97,$H$97/100)-(1-$F$97)) | K97: =IF($H$97="","",MAX(0,($F$97*IF($H$97<0,-100/$H$97,$H$97/100)-(1-$F$97))/IF($H$97<0,-100/$H$97,$H$97/100))*'Settings'!$B$3) | L97: =IF($H$97="","",ROUND(MIN($K$97,'Settings'!$B$5)*'Settings'!$B$2,2)) | M97: =IF($J$97="","",IF($J$97<0,"Pass",IF($J$97<'Settings'!$B$4,"Thin",IF($J$97<0.06,"✅ Sharp band",IF($J$97<0.08,"Strong","⚠ Verify (stale?)"))))) | N97: Model 48.7% (fair +105). Your call. | P97: =IF(OR($H$97="",$O$97=""),"",(1+IF($H$97<0,-100/$H$97,$H$97/100))/(1+IF($O$97<0,-100/$O$97,$O$97/100))-1)
A98: 2026-06-28 | B98: Seattle Mariners @ Cleveland Guardians | C98: 17:40 | D98: Total | E98: Under 7.5 | F98: 0.51325 | G98: -105 | H98: 100 | I98: =IF($H$98="","",IF($H$98<0,-$H$98/(-$H$98+100),100/($H$98+100))) | J98: =IF($H$98="","",$F$98*IF($H$98<0,-100/$H$98,$H$98/100)-(1-$F$98)) | K98: =IF($H$98="","",MAX(0,($F$98*IF($H$98<0,-100/$H$98,$H$98/100)-(1-$F$98))/IF($H$98<0,-100/$H$98,$H$98/100))*'Settings'!$B$3) | L98: =IF($H$98="","",ROUND(MIN($K$98,'Settings'!$B$5)*'Settings'!$B$2,2)) | M98: =IF($J$98="","",IF($J$98<0,"Pass",IF($J$98<'Settings'!$B$4,"Thin",IF($J$98<0.06,"✅ Sharp band",IF($J$98<0.08,"Strong","⚠ Verify (stale?)"))))) | N98: Model 51.3% (fair -105). Your call. | P98: =IF(OR($H$98="",$O$98=""),"",(1+IF($H$98<0,-100/$H$98,$H$98/100))/(1+IF($O$98<0,-100/$O$98,$O$98/100))-1)
A99: 2026-06-28 | B99: Seattle Mariners @ Cleveland Guardians | C99: 17:40 | D99: Spread | E99: Cleveland Guardians +1.5 | F99: 0.62076102 | G99: -164 | H99: -195 | I99: =IF($H$99="","",IF($H$99<0,-$H$99/(-$H$99+100),100/($H$99+100))) | J99: =IF($H$99="","",$F$99*IF($H$99<0,-100/$H$99,$H$99/100)-(1-$F$99)) | K99: =IF($H$99="","",MAX(0,($F$99*IF($H$99<0,-100/$H$99,$H$99/100)-(1-$F$99))/IF($H$99<0,-100/$H$99,$H$99/100))*'Settings'!$B$3) | L99: =IF($H$99="","",ROUND(MIN($K$99,'Settings'!$B$5)*'Settings'!$B$2,2)) | M99: =IF($J$99="","",IF($J$99<0,"Pass",IF($J$99<'Settings'!$B$4,"Thin",IF($J$99<0.06,"✅ Sharp band",IF($J$99<0.08,"Strong","⚠ Verify (stale?)"))))) | N99: Model 62.1% (fair -164). Your call. | P99: =IF(OR($H$99="",$O$99=""),"",(1+IF($H$99<0,-100/$H$99,$H$99/100))/(1+IF($O$99<0,-100/$O$99,$O$99/100))-1)
A100: 2026-06-28 | B100: Seattle Mariners @ Cleveland Guardians | C100: 17:40 | D100: Spread | E100: Seattle Mariners -1.5 | F100: 0.37923077 | G100: 164 | H100: 160 | I100: =IF($H$100="","",IF($H$100<0,-$H$100/(-$H$100+100),100/($H$100+100))) | J100: =IF($H$100="","",$F$100*IF($H$100<0,-100/$H$100,$H$100/100)-(1-$F$100)) | K100: =IF($H$100="","",MAX(0,($F$100*IF($H$100<0,-100/$H$100,$H$100/100)-(1-$F$100))/IF($H$100<0,-100/$H$100,$H$100/100))*'Settings'!$B$3) | L100: =IF($H$100="","",ROUND(MIN($K$100,'Settings'!$B$5)*'Settings'!$B$2,2)) | M100: =IF($J$100="","",IF($J$100<0,"Pass",IF($J$100<'Settings'!$B$4,"Thin",IF($J$100<0.06,"✅ Sharp band",IF($J$100<0.08,"Strong","⚠ Verify (stale?)"))))) | N100: Model 37.9% (fair +164). Your call. | P100: =IF(OR($H$100="",$O$100=""),"",(1+IF($H$100<0,-100/$H$100,$H$100/100))/(1+IF($O$100<0,-100/$O$100,$O$100/100))-1)
A101: 2026-06-28 | B101: Arizona Diamondbacks @ Tampa Bay Rays | C101: 17:40 | D101: Moneyline | E101: Arizona Diamondbacks | F101: 0.39376923 | G101: 154 | H101: 160 | I101: =IF($H$101="","",IF($H$101<0,-$H$101/(-$H$101+100),100/($H$101+100))) | J101: =IF($H$101="","",$F$101*IF($H$101<0,-100/$H$101,$H$101/100)-(1-$F$101)) | K101: =IF($H$101="","",MAX(0,($F$101*IF($H$101<0,-100/$H$101,$H$101/100)-(1-$F$101))/IF($H$101<0,-100/$H$101,$H$101/100))*'Settings'!$B$3) | L101: =IF($H$101="","",ROUND(MIN($K$101,'Settings'!$B$5)*'Settings'!$B$2,2)) | M101: =IF($J$101="","",IF($J$101<0,"Pass",IF($J$101<'Settings'!$B$4,"Thin",IF($J$101<0.06,"✅ Sharp band",IF($J$101<0.08,"Strong","⚠ Verify (stale?)"))))) | N101: Model 39.4% (fair +154). Your call. | P101: =IF(OR($H$101="",$O$101=""),"",(1+IF($H$101<0,-100/$H$101,$H$101/100))/(1+IF($O$101<0,-100/$O$101,$O$101/100))-1)
...

Sheet WNBA Games
A1: WNBA — game markets
A2: Moneyline · Total · Spread. Yellow = your price.
A4: Date | B4: Matchup | C4: Start | D4: Market | E4: Selection | F4: Model Win% | G4: Model Fair | H4: ✏ Your Odds | I4: Implied% | J4: Your Edge (EV) | K4: ¼-Kelly % | L4: Stake $ | M4: Verdict | N4: Model read | O4: ✏ Closing | P4: CLV %
A5: 2026-06-27 | B5: Los Angeles Sparks @ Indiana Fever | C5: 00:00 | D5: Moneyline | E5: Los Angeles Sparks | F5: 0.29055072 | G5: 244 | H5: 245 | I5: =IF($H$5="","",IF($H$5<0,-$H$5/(-$H$5+100),100/($H$5+100))) | J5: =IF($H$5="","",$F$5*IF($H$5<0,-100/$H$5,$H$5/100)-(1-$F$5)) | K5: =IF($H$5="","",MAX(0,($F$5*IF($H$5<0,-100/$H$5,$H$5/100)-(1-$F$5))/IF($H$5<0,-100/$H$5,$H$5/100))*'Settings'!$B$3) | L5: =IF($H$5="","",ROUND(MIN($K$5,'Settings'!$B$5)*'Settings'!$B$2,2)) | M5: =IF($J$5="","",IF($J$5<0,"Pass",IF($J$5<'Settings'!$B$4,"Thin",IF($J$5<0.06,"✅ Sharp band",IF($J$5<0.08,"Strong","⚠ Verify (stale?)"))))) | N5: Model 29.1% (fair +244). Your call. | P5: =IF(OR($H$5="",$O$5=""),"",(1+IF($H$5<0,-100/$H$5,$H$5/100))/(1+IF($O$5<0,-100/$O$5,$O$5/100))-1)
A6: 2026-06-27 | B6: Los Angeles Sparks @ Indiana Fever | C6: 00:00 | D6: Moneyline | E6: Indiana Fever | F6: 0.70945043 | G6: -244 | H6: -251 | I6: =IF($H$6="","",IF($H$6<0,-$H$6/(-$H$6+100),100/($H$6+100))) | J6: =IF($H$6="","",$F$6*IF($H$6<0,-100/$H$6,$H$6/100)-(1-$F$6)) | K6: =IF($H$6="","",MAX(0,($F$6*IF($H$6<0,-100/$H$6,$H$6/100)-(1-$F$6))/IF($H$6<0,-100/$H$6,$H$6/100))*'Settings'!$B$3) | L6: =IF($H$6="","",ROUND(MIN($K$6,'Settings'!$B$5)*'Settings'!$B$2,2)) | M6: =IF($J$6="","",IF($J$6<0,"Pass",IF($J$6<'Settings'!$B$4,"Thin",IF($J$6<0.06,"✅ Sharp band",IF($J$6<0.08,"Strong","⚠ Verify (stale?)"))))) | N6: Model 70.9% (fair -244). Your call. | P6: =IF(OR($H$6="",$O$6=""),"",(1+IF($H$6<0,-100/$H$6,$H$6/100))/(1+IF($O$6<0,-100/$O$6,$O$6/100))-1)
A7: 2026-06-27 | B7: Los Angeles Sparks @ Indiana Fever | C7: 00:00 | D7: Total | E7: Over 179.5 | F7: 0.715 | G7: -251 | H7: -104 | I7: =IF($H$7="","",IF($H$7<0,-$H$7/(-$H$7+100),100/($H$7+100))) | J7: =IF($H$7="","",$F$7*IF($H$7<0,-100/$H$7,$H$7/100)-(1-$F$7)) | K7: =IF($H$7="","",MAX(0,($F$7*IF($H$7<0,-100/$H$7,$H$7/100)-(1-$F$7))/IF($H$7<0,-100/$H$7,$H$7/100))*'Settings'!$B$3) | L7: =IF($H$7="","",ROUND(MIN($K$7,'Settings'!$B$5)*'Settings'!$B$2,2)) | M7: =IF($J$7="","",IF($J$7<0,"Pass",IF($J$7<'Settings'!$B$4,"Thin",IF($J$7<0.06,"✅ Sharp band",IF($J$7<0.08,"Strong","⚠ Verify (stale?)"))))) | N7: Model 71.5% (fair -251). Your call. | P7: =IF(OR($H$7="",$O$7=""),"",(1+IF($H$7<0,-100/$H$7,$H$7/100))/(1+IF($O$7<0,-100/$O$7,$O$7/100))-1)
A8: 2026-06-27 | B8: Los Angeles Sparks @ Indiana Fever | C8: 00:00 | D8: Total | E8: Under 179.5 | F8: 0.285 | G8: 251 | H8: -104 | I8: =IF($H$8="","",IF($H$8<0,-$H$8/(-$H$8+100),100/($H$8+100))) | J8: =IF($H$8="","",$F$8*IF($H$8<0,-100/$H$8,$H$8/100)-(1-$F$8)) | K8: =IF($H$8="","",MAX(0,($F$8*IF($H$8<0,-100/$H$8,$H$8/100)-(1-$F$8))/IF($H$8<0,-100/$H$8,$H$8/100))*'Settings'!$B$3) | L8: =IF($H$8="","",ROUND(MIN($K$8,'Settings'!$B$5)*'Settings'!$B$2,2)) | M8: =IF($J$8="","",IF($J$8<0,"Pass",IF($J$8<'Settings'!$B$4,"Thin",IF($J$8<0.06,"✅ Sharp band",IF($J$8<0.08,"Strong","⚠ Verify (stale?)"))))) | N8: Model 28.5% (fair +251). Your call. | P8: =IF(OR($H$8="",$O$8=""),"",(1+IF($H$8<0,-100/$H$8,$H$8/100))/(1+IF($O$8<0,-100/$O$8,$O$8/100))-1)
A9: 2026-06-27 | B9: Los Angeles Sparks @ Indiana Fever | C9: 00:00 | D9: Spread | E9: Indiana Fever -6.5 | F9: 0.513 | G9: -105 | H9: -108 | I9: =IF($H$9="","",IF($H$9<0,-$H$9/(-$H$9+100),100/($H$9+100))) | J9: =IF($H$9="","",$F$9*IF($H$9<0,-100/$H$9,$H$9/100)-(1-$F$9)) | K9: =IF($H$9="","",MAX(0,($F$9*IF($H$9<0,-100/$H$9,$H$9/100)-(1-$F$9))/IF($H$9<0,-100/$H$9,$H$9/100))*'Settings'!$B$3) | L9: =IF($H$9="","",ROUND(MIN($K$9,'Settings'!$B$5)*'Settings'!$B$2,2)) | M9: =IF($J$9="","",IF($J$9<0,"Pass",IF($J$9<'Settings'!$B$4,"Thin",IF($J$9<0.06,"✅ Sharp band",IF($J$9<0.08,"Strong","⚠ Verify (stale?)"))))) | N9: Model 51.3% (fair -105). Your call. | P9: =IF(OR($H$9="",$O$9=""),"",(1+IF($H$9<0,-100/$H$9,$H$9/100))/(1+IF($O$9<0,-100/$O$9,$O$9/100))-1)
A10: 2026-06-27 | B10: Los Angeles Sparks @ Indiana Fever | C10: 00:00 | D10: Spread | E10: Los Angeles Sparks +6.5 | F10: 0.48697561 | G10: 105 | H10: 105 | I10: =IF($H$10="","",IF($H$10<0,-$H$10/(-$H$10+100),100/($H$10+100))) | J10: =IF($H$10="","",$F$10*IF($H$10<0,-100/$H$10,$H$10/100)-(1-$F$10)) | K10: =IF($H$10="","",MAX(0,($F$10*IF($H$10<0,-100/$H$10,$H$10/100)-(1-$F$10))/IF($H$10<0,-100/$H$10,$H$10/100))*'Settings'!$B$3) | L10: =IF($H$10="","",ROUND(MIN($K$10,'Settings'!$B$5)*'Settings'!$B$2,2)) | M10: =IF($J$10="","",IF($J$10<0,"Pass",IF($J$10<'Settings'!$B$4,"Thin",IF($J$10<0.06,"✅ Sharp band",IF($J$10<0.08,"Strong","⚠ Verify (stale?)"))))) | N10: Model 48.7% (fair +105). Your call. | P10: =IF(OR($H$10="",$O$10=""),"",(1+IF($H$10<0,-100/$H$10,$H$10/100))/(1+IF($O$10<0,-100/$O$10,$O$10/100))-1)
A11: 2026-06-27 | B11: Atlanta Dream @ Seattle Storm | C11: 01:00 | D11: Moneyline | E11: Atlanta Dream | F11: 0.76121975 | G11: -319 | H11: -305 | I11: =IF($H$11="","",IF($H$11<0,-$H$11/(-$H$11+100),100/($H$11+100))) | J11: =IF($H$11="","",$F$11*IF($H$11<0,-100/$H$11,$H$11/100)-(1-$F$11)) | K11: =IF($H$11="","",MAX(0,($F$11*IF($H$11<0,-100/$H$11,$H$11/100)-(1-$F$11))/IF($H$11<0,-100/$H$11,$H$11/100))*'Settings'!$B$3) | L11: =IF($H$11="","",ROUND(MIN($K$11,'Settings'!$B$5)*'Settings'!$B$2,2)) | M11: =IF($J$11="","",IF($J$11<0,"Pass",IF($J$11<'Settings'!$B$4,"Thin",IF($J$11<0.06,"✅ Sharp band",IF($J$11<0.08,"Strong","⚠ Verify (stale?)"))))) | N11: Model 76.1% (fair -319). Your call. | P11: =IF(OR($H$11="",$O$11=""),"",(1+IF($H$11<0,-100/$H$11,$H$11/100))/(1+IF($O$11<0,-100/$O$11,$O$11/100))-1)
A12: 2026-06-27 | B12: Atlanta Dream @ Seattle Storm | C12: 01:00 | D12: Moneyline | E12: Seattle Storm | F12: 0.238825 | G12: 319 | H12: 300 | I12: =IF($H$12="","",IF($H$12<0,-$H$12/(-$H$12+100),100/($H$12+100))) | J12: =IF($H$12="","",$F$12*IF($H$12<0,-100/$H$12,$H$12/100)-(1-$F$12)) | K12: =IF($H$12="","",MAX(0,($F$12*IF($H$12<0,-100/$H$12,$H$12/100)-(1-$F$12))/IF($H$12<0,-100/$H$12,$H$12/100))*'Settings'!$B$3) | L12: =IF($H$12="","",ROUND(MIN($K$12,'Settings'!$B$5)*'Settings'!$B$2,2)) | M12: =IF($J$12="","",IF($J$12<0,"Pass",IF($J$12<'Settings'!$B$4,"Thin",IF($J$12<0.06,"✅ Sharp band",IF($J$12<0.08,"Strong","⚠ Verify (stale?)"))))) | N12: Model 23.9% (fair +319). Your call. | P12: =IF(OR($H$12="",$O$12=""),"",(1+IF($H$12<0,-100/$H$12,$H$12/100))/(1+IF($O$12<0,-100/$O$12,$O$12/100))-1)
A13: 2026-06-27 | B13: Atlanta Dream @ Seattle Storm | C13: 01:00 | D13: Total | E13: Over 179.5 | F13: 0.26067308 | G13: 284 | H13: 108 | I13: =IF($H$13="","",IF($H$13<0,-$H$13/(-$H$13+100),100/($H$13+100))) | J13: =IF($H$13="","",$F$13*IF($H$13<0,-100/$H$13,$H$13/100)-(1-$F$13)) | K13: =IF($H$13="","",MAX(0,($F$13*IF($H$13<0,-100/$H$13,$H$13/100)-(1-$F$13))/IF($H$13<0,-100/$H$13,$H$13/100))*'Settings'!$B$3) | L13: =IF($H$13="","",ROUND(MIN($K$13,'Settings'!$B$5)*'Settings'!$B$2,2)) | M13: =IF($J$13="","",IF($J$13<0,"Pass",IF($J$13<'Settings'!$B$4,"Thin",IF($J$13<0.06,"✅ Sharp band",IF($J$13<0.08,"Strong","⚠ Verify (stale?)"))))) | N13: Model 26.1% (fair +284). Your call. | P13: =IF(OR($H$13="",$O$13=""),"",(1+IF($H$13<0,-100/$H$13,$H$13/100))/(1+IF($O$13<0,-100/$O$13,$O$13/100))-1)
A14: 2026-06-27 | B14: Atlanta Dream @ Seattle Storm | C14: 01:00 | D14: Total | E14: Under 179.5 | F14: 0.7393 | G14: -284 | H14: 108 | I14: =IF($H$14="","",IF($H$14<0,-$H$14/(-$H$14+100),100/($H$14+100))) | J14: =IF($H$14="","",$F$14*IF($H$14<0,-100/$H$14,$H$14/100)-(1-$F$14)) | K14: =IF($H$14="","",MAX(0,($F$14*IF($H$14<0,-100/$H$14,$H$14/100)-(1-$F$14))/IF($H$14<0,-100/$H$14,$H$14/100))*'Settings'!$B$3) | L14: =IF($H$14="","",ROUND(MIN($K$14,'Settings'!$B$5)*'Settings'!$B$2,2)) | M14: =IF($J$14="","",IF($J$14<0,"Pass",IF($J$14<'Settings'!$B$4,"Thin",IF($J$14<0.06,"✅ Sharp band",IF($J$14<0.08,"Strong","⚠ Verify (stale?)"))))) | N14: Model 73.9% (fair -284). Your call. | P14: =IF(OR($H$14="",$O$14=""),"",(1+IF($H$14<0,-100/$H$14,$H$14/100))/(1+IF($O$14<0,-100/$O$14,$O$14/100))-1)
A15: 2026-06-27 | B15: Atlanta Dream @ Seattle Storm | C15: 01:00 | D15: Spread | E15: Seattle Storm -4.5 | F15: 0.1855 | G15: 439 | H15: 410 | I15: =IF($H$15="","",IF($H$15<0,-$H$15/(-$H$15+100),100/($H$15+100))) | J15: =IF($H$15="","",$F$15*IF($H$15<0,-100/$H$15,$H$15/100)-(1-$F$15)) | K15: =IF($H$15="","",MAX(0,($F$15*IF($H$15<0,-100/$H$15,$H$15/100)-(1-$F$15))/IF($H$15<0,-100/$H$15,$H$15/100))*'Settings'!$B$3) | L15: =IF($H$15="","",ROUND(MIN($K$15,'Settings'!$B$5)*'Settings'!$B$2,2)) | M15: =IF($J$15="","",IF($J$15<0,"Pass",IF($J$15<'Settings'!$B$4,"Thin",IF($J$15<0.06,"✅ Sharp band",IF($J$15<0.08,"Strong","⚠ Verify (stale?)"))))) | N15: Model 18.6% (fair +439). Your call. | P15: =IF(OR($H$15="",$O$15=""),"",(1+IF($H$15<0,-100/$H$15,$H$15/100))/(1+IF($O$15<0,-100/$O$15,$O$15/100))-1)
A16: 2026-06-27 | B16: Atlanta Dream @ Seattle Storm | C16: 01:00 | D16: Spread | E16: Atlanta Dream +4.5 | F16: 0.8145 | G16: -439 | H16: 108 | I16: =IF($H$16="","",IF($H$16<0,-$H$16/(-$H$16+100),100/($H$16+100))) | J16: =IF($H$16="","",$F$16*IF($H$16<0,-100/$H$16,$H$16/100)-(1-$F$16)) | K16: =IF($H$16="","",MAX(0,($F$16*IF($H$16<0,-100/$H$16,$H$16/100)-(1-$F$16))/IF($H$16<0,-100/$H$16,$H$16/100))*'Settings'!$B$3) | L16: =IF($H$16="","",ROUND(MIN($K$16,'Settings'!$B$5)*'Settings'!$B$2,2)) | M16: =IF($J$16="","",IF($J$16<0,"Pass",IF($J$16<'Settings'!$B$4,"Thin",IF($J$16<0.06,"✅ Sharp band",IF($J$16<0.08,"Strong","⚠ Verify (stale?)"))))) | N16: Model 81.5% (fair -439). Your call. | P16: =IF(OR($H$16="",$O$16=""),"",(1+IF($H$16<0,-100/$H$16,$H$16/100))/(1+IF($O$16<0,-100/$O$16,$O$16/100))-1)
A17: 2026-06-28 | B17: Minnesota Lynx @ Dallas Wings | C17: 18:00 | D17: Moneyline | E17: Minnesota Lynx | F17: 0.62747344 | G17: -168 | H17: -156 | I17: =IF($H$17="","",IF($H$17<0,-$H$17/(-$H$17+100),100/($H$17+100))) | J17: =IF($H$17="","",$F$17*IF($H$17<0,-100/$H$17,$H$17/100)-(1-$F$17)) | K17: =IF($H$17="","",MAX(0,($F$17*IF($H$17<0,-100/$H$17,$H$17/100)-(1-$F$17))/IF($H$17<0,-100/$H$17,$H$17/100))*'Settings'!$B$3) | L17: =IF($H$17="","",ROUND(MIN($K$17,'Settings'!$B$5)*'Settings'!$B$2,2)) | M17: =IF($J$17="","",IF($J$17<0,"Pass",IF($J$17<'Settings'!$B$4,"Thin",IF($J$17<0.06,"✅ Sharp band",IF($J$17<0.08,"Strong","⚠ Verify (stale?)"))))) | N17: Model 62.7% (fair -168). Your call. | P17: =IF(OR($H$17="",$O$17=""),"",(1+IF($H$17<0,-100/$H$17,$H$17/100))/(1+IF($O$17<0,-100/$O$17,$O$17/100))-1)
A18: 2026-06-28 | B18: Minnesota Lynx @ Dallas Wings | C18: 18:00 | D18: Moneyline | E18: Dallas Wings | F18: 0.37250951 | G18: 168 | H18: 163 | I18: =IF($H$18="","",IF($H$18<0,-$H$18/(-$H$18+100),100/($H$18+100))) | J18: =IF($H$18="","",$F$18*IF($H$18<0,-100/$H$18,$H$18/100)-(1-$F$18)) | K18: =IF($H$18="","",MAX(0,($F$18*IF($H$18<0,-100/$H$18,$H$18/100)-(1-$F$18))/IF($H$18<0,-100/$H$18,$H$18/100))*'Settings'!$B$3) | L18: =IF($H$18="","",ROUND(MIN($K$18,'Settings'!$B$5)*'Settings'!$B$2,2)) | M18: =IF($J$18="","",IF($J$18<0,"Pass",IF($J$18<'Settings'!$B$4,"Thin",IF($J$18<0.06,"✅ Sharp band",IF($J$18<0.08,"Strong","⚠ Verify (stale?)"))))) | N18: Model 37.3% (fair +168). Your call. | P18: =IF(OR($H$18="",$O$18=""),"",(1+IF($H$18<0,-100/$H$18,$H$18/100))/(1+IF($O$18<0,-100/$O$18,$O$18/100))-1)
A19: 2026-06-28 | B19: Minnesota Lynx @ Dallas Wings | C19: 18:00 | D19: Total | E19: Over 177.5 | F19: 0.4101 | G19: 144 | H19: 100 | I19: =IF($H$19="","",IF($H$19<0,-$H$19/(-$H$19+100),100/($H$19+100))) | J19: =IF($H$19="","",$F$19*IF($H$19<0,-100/$H$19,$H$19/100)-(1-$F$19)) | K19: =IF($H$19="","",MAX(0,($F$19*IF($H$19<0,-100/$H$19,$H$19/100)-(1-$F$19))/IF($H$19<0,-100/$H$19,$H$19/100))*'Settings'!$B$3) | L19: =IF($H$19="","",ROUND(MIN($K$19,'Settings'!$B$5)*'Settings'!$B$2,2)) | M19: =IF($J$19="","",IF($J$19<0,"Pass",IF($J$19<'Settings'!$B$4,"Thin",IF($J$19<0.06,"✅ Sharp band",IF($J$19<0.08,"Strong","⚠ Verify (stale?)"))))) | N19: Model 41.0% (fair +144). Your call. | P19: =IF(OR($H$19="",$O$19=""),"",(1+IF($H$19<0,-100/$H$19,$H$19/100))/(1+IF($O$19<0,-100/$O$19,$O$19/100))-1)
A20: 2026-06-28 | B20: Minnesota Lynx @ Dallas Wings | C20: 18:00 | D20: Total | E20: Under 177.5 | F20: 0.5899 | G20: -144 | H20: 100 | I20: =IF($H$20="","",IF($H$20<0,-$H$20/(-$H$20+100),100/($H$20+100))) | J20: =IF($H$20="","",$F$20*IF($H$20<0,-100/$H$20,$H$20/100)-(1-$F$20)) | K20: =IF($H$20="","",MAX(0,($F$20*IF($H$20<0,-100/$H$20,$H$20/100)-(1-$F$20))/IF($H$20<0,-100/$H$20,$H$20/100))*'Settings'!$B$3) | L20: =IF($H$20="","",ROUND(MIN($K$20,'Settings'!$B$5)*'Settings'!$B$2,2)) | M20: =IF($J$20="","",IF($J$20<0,"Pass",IF($J$20<'Settings'!$B$4,"Thin",IF($J$20<0.06,"✅ Sharp band",IF($J$20<0.08,"Strong","⚠ Verify (stale?)"))))) | N20: Model 59.0% (fair -144). Your call. | P20: =IF(OR($H$20="",$O$20=""),"",(1+IF($H$20<0,-100/$H$20,$H$20/100))/(1+IF($O$20<0,-100/$O$20,$O$20/100))-1)
A21: 2026-06-28 | B21: Minnesota Lynx @ Dallas Wings | C21: 18:00 | D21: Spread | E21: Dallas Wings +3.5 | F21: 0.5042 | G21: -102 | H21: 113 | I21: =IF($H$21="","",IF($H$21<0,-$H$21/(-$H$21+100),100/($H$21+100))) | J21: =IF($H$21="","",$F$21*IF($H$21<0,-100/$H$21,$H$21/100)-(1-$F$21)) | K21: =IF($H$21="","",MAX(0,($F$21*IF($H$21<0,-100/$H$21,$H$21/100)-(1-$F$21))/IF($H$21<0,-100/$H$21,$H$21/100))*'Settings'!$B$3) | L21: =IF($H$21="","",ROUND(MIN($K$21,'Settings'!$B$5)*'Settings'!$B$2,2)) | M21: =IF($J$21="","",IF($J$21<0,"Pass",IF($J$21<'Settings'!$B$4,"Thin",IF($J$21<0.06,"✅ Sharp band",IF($J$21<0.08,"Strong","⚠ Verify (stale?)"))))) | N21: Model 50.4% (fair -102). Your call. | P21: =IF(OR($H$21="",$O$21=""),"",(1+IF($H$21<0,-100/$H$21,$H$21/100))/(1+IF($O$21<0,-100/$O$21,$O$21/100))-1)
A22: 2026-06-28 | B22: Minnesota Lynx @ Dallas Wings | C22: 18:00 | D22: Spread | E22: Minnesota Lynx -3.5 | F22: 0.4958 | G22: 102 | H22: 108 | I22: =IF($H$22="","",IF($H$22<0,-$H$22/(-$H$22+100),100/($H$22+100))) | J22: =IF($H$22="","",$F$22*IF($H$22<0,-100/$H$22,$H$22/100)-(1-$F$22)) | K22: =IF($H$22="","",MAX(0,($F$22*IF($H$22<0,-100/$H$22,$H$22/100)-(1-$F$22))/IF($H$22<0,-100/$H$22,$H$22/100))*'Settings'!$B$3) | L22: =IF($H$22="","",ROUND(MIN($K$22,'Settings'!$B$5)*'Settings'!$B$2,2)) | M22: =IF($J$22="","",IF($J$22<0,"Pass",IF($J$22<'Settings'!$B$4,"Thin",IF($J$22<0.06,"✅ Sharp band",IF($J$22<0.08,"Strong","⚠ Verify (stale?)"))))) | N22: Model 49.6% (fair +102). Your call. | P22: =IF(OR($H$22="",$O$22=""),"",(1+IF($H$22<0,-100/$H$22,$H$22/100))/(1+IF($O$22<0,-100/$O$22,$O$22/100))-1)
A23: 2026-06-28 | B23: Portland Fire @ Washington Mystics | C23: 19:00 | D23: Moneyline | E23: Portland Fire | F23: 0.30291291 | G23: 230 | H23: 233 | I23: =IF($H$23="","",IF($H$23<0,-$H$23/(-$H$23+100),100/($H$23+100))) | J23: =IF($H$23="","",$F$23*IF($H$23<0,-100/$H$23,$H$23/100)-(1-$F$23)) | K23: =IF($H$23="","",MAX(0,($F$23*IF($H$23<0,-100/$H$23,$H$23/100)-(1-$F$23))/IF($H$23<0,-100/$H$23,$H$23/100))*'Settings'!$B$3) | L23: =IF($H$23="","",ROUND(MIN($K$23,'Settings'!$B$5)*'Settings'!$B$2,2)) | M23: =IF($J$23="","",IF($J$23<0,"Pass",IF($J$23<'Settings'!$B$4,"Thin",IF($J$23<0.06,"✅ Sharp band",IF($J$23<0.08,"Strong","⚠ Verify (stale?)"))))) | N23: Model 30.3% (fair +230). Your call. | P23: =IF(OR($H$23="",$O$23=""),"",(1+IF($H$23<0,-100/$H$23,$H$23/100))/(1+IF($O$23<0,-100/$O$23,$O$23/100))-1)
A24: 2026-06-28 | B24: Portland Fire @ Washington Mystics | C24: 19:00 | D24: Moneyline | E24: Washington Mystics | F24: 0.69707826 | G24: -230 | H24: -245 | I24: =IF($H$24="","",IF($H$24<0,-$H$24/(-$H$24+100),100/($H$24+100))) | J24: =IF($H$24="","",$F$24*IF($H$24<0,-100/$H$24,$H$24/100)-(1-$F$24)) | K24: =IF($H$24="","",MAX(0,($F$24*IF($H$24<0,-100/$H$24,$H$24/100)-(1-$F$24))/IF($H$24<0,-100/$H$24,$H$24/100))*'Settings'!$B$3) | L24: =IF($H$24="","",ROUND(MIN($K$24,'Settings'!$B$5)*'Settings'!$B$2,2)) | M24: =IF($J$24="","",IF($J$24<0,"Pass",IF($J$24<'Settings'!$B$4,"Thin",IF($J$24<0.06,"✅ Sharp band",IF($J$24<0.08,"Strong","⚠ Verify (stale?)"))))) | N24: Model 69.7% (fair -230). Your call. | P24: =IF(OR($H$24="",$O$24=""),"",(1+IF($H$24<0,-100/$H$24,$H$24/100))/(1+IF($O$24<0,-100/$O$24,$O$24/100))-1)
A25: 2026-06-28 | B25: Portland Fire @ Washington Mystics | C25: 19:00 | D25: Total | E25: Over 166.5 | F25: 0.57745098 | G25: -137 | H25: 104 | I25: =IF($H$25="","",IF($H$25<0,-$H$25/(-$H$25+100),100/($H$25+100))) | J25: =IF($H$25="","",$F$25*IF($H$25<0,-100/$H$25,$H$25/100)-(1-$F$25)) | K25: =IF($H$25="","",MAX(0,($F$25*IF($H$25<0,-100/$H$25,$H$25/100)-(1-$F$25))/IF($H$25<0,-100/$H$25,$H$25/100))*'Settings'!$B$3) | L25: =IF($H$25="","",ROUND(MIN($K$25,'Settings'!$B$5)*'Settings'!$B$2,2)) | M25: =IF($J$25="","",IF($J$25<0,"Pass",IF($J$25<'Settings'!$B$4,"Thin",IF($J$25<0.06,"✅ Sharp band",IF($J$25<0.08,"Strong","⚠ Verify (stale?)"))))) | N25: Model 57.7% (fair -137). Your call. | P25: =IF(OR($H$25="",$O$25=""),"",(1+IF($H$25<0,-100/$H$25,$H$25/100))/(1+IF($O$25<0,-100/$O$25,$O$25/100))-1)
A26: 2026-06-28 | B26: Portland Fire @ Washington Mystics | C26: 19:00 | D26: Total | E26: Under 166.5 | F26: 0.4226 | G26: 137 | H26: 104 | I26: =IF($H$26="","",IF($H$26<0,-$H$26/(-$H$26+100),100/($H$26+100))) | J26: =IF($H$26="","",$F$26*IF($H$26<0,-100/$H$26,$H$26/100)-(1-$F$26)) | K26: =IF($H$26="","",MAX(0,($F$26*IF($H$26<0,-100/$H$26,$H$26/100)-(1-$F$26))/IF($H$26<0,-100/$H$26,$H$26/100))*'Settings'!$B$3) | L26: =IF($H$26="","",ROUND(MIN($K$26,'Settings'!$B$5)*'Settings'!$B$2,2)) | M26: =IF($J$26="","",IF($J$26<0,"Pass",IF($J$26<'Settings'!$B$4,"Thin",IF($J$26<0.06,"✅ Sharp band",IF($J$26<0.08,"Strong","⚠ Verify (stale?)"))))) | N26: Model 42.3% (fair +137). Your call. | P26: =IF(OR($H$26="",$O$26=""),"",(1+IF($H$26<0,-100/$H$26,$H$26/100))/(1+IF($O$26<0,-100/$O$26,$O$26/100))-1)
A27: 2026-06-28 | B27: Portland Fire @ Washington Mystics | C27: 19:00 | D27: Spread | E27: Washington Mystics -6.5 | F27: 0.47875 | G27: 109 | H27: 100 | I27: =IF($H$27="","",IF($H$27<0,-$H$27/(-$H$27+100),100/($H$27+100))) | J27: =IF($H$27="","",$F$27*IF($H$27<0,-100/$H$27,$H$27/100)-(1-$F$27)) | K27: =IF($H$27="","",MAX(0,($F$27*IF($H$27<0,-100/$H$27,$H$27/100)-(1-$F$27))/IF($H$27<0,-100/$H$27,$H$27/100))*'Settings'!$B$3) | L27: =IF($H$27="","",ROUND(MIN($K$27,'Settings'!$B$5)*'Settings'!$B$2,2)) | M27: =IF($J$27="","",IF($J$27<0,"Pass",IF($J$27<'Settings'!$B$4,"Thin",IF($J$27<0.06,"✅ Sharp band",IF($J$27<0.08,"Strong","⚠ Verify (stale?)"))))) | N27: Model 47.9% (fair +109). Your call. | P27: =IF(OR($H$27="",$O$27=""),"",(1+IF($H$27<0,-100/$H$27,$H$27/100))/(1+IF($O$27<0,-100/$O$27,$O$27/100))-1)
A28: 2026-06-28 | B28: Portland Fire @ Washington Mystics | C28: 19:00 | D28: Spread | E28: Portland Fire +6.5 | F28: 0.52123762 | G28: -109 | H28: 102 | I28: =IF($H$28="","",IF($H$28<0,-$H$28/(-$H$28+100),100/($H$28+100))) | J28: =IF($H$28="","",$F$28*IF($H$28<0,-100/$H$28,$H$28/100)-(1-$F$28)) | K28: =IF($H$28="","",MAX(0,($F$28*IF($H$28<0,-100/$H$28,$H$28/100)-(1-$F$28))/IF($H$28<0,-100/$H$28,$H$28/100))*'Settings'!$B$3) | L28: =IF($H$28="","",ROUND(MIN($K$28,'Settings'!$B$5)*'Settings'!$B$2,2)) | M28: =IF($J$28="","",IF($J$28<0,"Pass",IF($J$28<'Settings'!$B$4,"Thin",IF($J$28<0.06,"✅ Sharp band",IF($J$28<0.08,"Strong","⚠ Verify (stale?)"))))) | N28: Model 52.1% (fair -109). Your call. | P28: =IF(OR($H$28="",$O$28=""),"",(1+IF($H$28<0,-100/$H$28,$H$28/100))/(1+IF($O$28<0,-100/$O$28,$O$28/100))-1)
A29: 2026-06-28 | B29: Las Vegas Aces @ Chicago Sky | C29: 20:00 | D29: Moneyline | E29: Las Vegas Aces | F29: 0.75202987 | G29: -303 | H29: -285 | I29: =IF($H$29="","",IF($H$29<0,-$H$29/(-$H$29+100),100/($H$29+100))) | J29: =IF($H$29="","",$F$29*IF($H$29<0,-100/$H$29,$H$29/100)-(1-$F$29)) | K29: =IF($H$29="","",MAX(0,($F$29*IF($H$29<0,-100/$H$29,$H$29/100)-(1-$F$29))/IF($H$29<0,-100/$H$29,$H$29/100))*'Settings'!$B$3) | L29: =IF($H$29="","",ROUND(MIN($K$29,'Settings'!$B$5)*'Settings'!$B$2,2)) | M29: =IF($J$29="","",IF($J$29<0,"Pass",IF($J$29<'Settings'!$B$4,"Thin",IF($J$29<0.06,"✅ Sharp band",IF($J$29<0.08,"Strong","⚠ Verify (stale?)"))))) | N29: Model 75.2% (fair -303). Your call. | P29: =IF(OR($H$29="",$O$29=""),"",(1+IF($H$29<0,-100/$H$29,$H$29/100))/(1+IF($O$29<0,-100/$O$29,$O$29/100))-1)
A30: 2026-06-28 | B30: Las Vegas Aces @ Chicago Sky | C30: 20:00 | D30: Moneyline | E30: Chicago Sky | F30: 0.247975 | G30: 303 | H30: 300 | I30: =IF($H$30="","",IF($H$30<0,-$H$30/(-$H$30+100),100/($H$30+100))) | J30: =IF($H$30="","",$F$30*IF($H$30<0,-100/$H$30,$H$30/100)-(1-$F$30)) | K30: =IF($H$30="","",MAX(0,($F$30*IF($H$30<0,-100/$H$30,$H$30/100)-(1-$F$30))/IF($H$30<0,-100/$H$30,$H$30/100))*'Settings'!$B$3) | L30: =IF($H$30="","",ROUND(MIN($K$30,'Settings'!$B$5)*'Settings'!$B$2,2)) | M30: =IF($J$30="","",IF($J$30<0,"Pass",IF($J$30<'Settings'!$B$4,"Thin",IF($J$30<0.06,"✅ Sharp band",IF($J$30<0.08,"Strong","⚠ Verify (stale?)"))))) | N30: Model 24.8% (fair +303). Your call. | P30: =IF(OR($H$30="",$O$30=""),"",(1+IF($H$30<0,-100/$H$30,$H$30/100))/(1+IF($O$30<0,-100/$O$30,$O$30/100))-1)
A31: 2026-06-28 | B31: Las Vegas Aces @ Chicago Sky | C31: 20:00 | D31: Total | E31: Over 178.5 | F31: 0.55275 | G31: -124 | H31: 100 | I31: =IF($H$31="","",IF($H$31<0,-$H$31/(-$H$31+100),100/($H$31+100))) | J31: =IF($H$31="","",$F$31*IF($H$31<0,-100/$H$31,$H$31/100)-(1-$F$31)) | K31: =IF($H$31="","",MAX(0,($F$31*IF($H$31<0,-100/$H$31,$H$31/100)-(1-$F$31))/IF($H$31<0,-100/$H$31,$H$31/100))*'Settings'!$B$3) | L31: =IF($H$31="","",ROUND(MIN($K$31,'Settings'!$B$5)*'Settings'!$B$2,2)) | M31: =IF($J$31="","",IF($J$31<0,"Pass",IF($J$31<'Settings'!$B$4,"Thin",IF($J$31<0.06,"✅ Sharp band",IF($J$31<0.08,"Strong","⚠ Verify (stale?)"))))) | N31: Model 55.3% (fair -124). Your call. | P31: =IF(OR($H$31="",$O$31=""),"",(1+IF($H$31<0,-100/$H$31,$H$31/100))/(1+IF($O$31<0,-100/$O$31,$O$31/100))-1)
A32: 2026-06-28 | B32: Las Vegas Aces @ Chicago Sky | C32: 20:00 | D32: Total | E32: Under 178.5 | F32: 0.4472 | G32: 124 | H32: 100 | I32: =IF($H$32="","",IF($H$32<0,-$H$32/(-$H$32+100),100/($H$32+100))) | J32: =IF($H$32="","",$F$32*IF($H$32<0,-100/$H$32,$H$32/100)-(1-$F$32)) | K32: =IF($H$32="","",MAX(0,($F$32*IF($H$32<0,-100/$H$32,$H$32/100)-(1-$F$32))/IF($H$32<0,-100/$H$32,$H$32/100))*'Settings'!$B$3) | L32: =IF($H$32="","",ROUND(MIN($K$32,'Settings'!$B$5)*'Settings'!$B$2,2)) | M32: =IF($J$32="","",IF($J$32<0,"Pass",IF($J$32<'Settings'!$B$4,"Thin",IF($J$32<0.06,"✅ Sharp band",IF($J$32<0.08,"Strong","⚠ Verify (stale?)"))))) | N32: Model 44.7% (fair +124). Your call. | P32: =IF(OR($H$32="",$O$32=""),"",(1+IF($H$32<0,-100/$H$32,$H$32/100))/(1+IF($O$32<0,-100/$O$32,$O$32/100))-1)
A33: 2026-06-28 | B33: Las Vegas Aces @ Chicago Sky | C33: 20:00 | D33: Spread | E33: Chicago Sky +7.5 | F33: 0.57676154 | G33: -136 | H33: -108 | I33: =IF($H$33="","",IF($H$33<0,-$H$33/(-$H$33+100),100/($H$33+100))) | J33: =IF($H$33="","",$F$33*IF($H$33<0,-100/$H$33,$H$33/100)-(1-$F$33)) | K33: =IF($H$33="","",MAX(0,($F$33*IF($H$33<0,-100/$H$33,$H$33/100)-(1-$F$33))/IF($H$33<0,-100/$H$33,$H$33/100))*'Settings'!$B$3) | L33: =IF($H$33="","",ROUND(MIN($K$33,'Settings'!$B$5)*'Settings'!$B$2,2)) | M33: =IF($J$33="","",IF($J$33<0,"Pass",IF($J$33<'Settings'!$B$4,"Thin",IF($J$33<0.06,"✅ Sharp band",IF($J$33<0.08,"Strong","⚠ Verify (stale?)"))))) | N33: Model 57.7% (fair -136). Your call. | P33: =IF(OR($H$33="",$O$33=""),"",(1+IF($H$33<0,-100/$H$33,$H$33/100))/(1+IF($O$33<0,-100/$O$33,$O$33/100))-1)
A34: 2026-06-28 | B34: Las Vegas Aces @ Chicago Sky | C34: 20:00 | D34: Spread | E34: Las Vegas Aces -7.5 | F34: 0.4232381 | G34: 136 | H34: -110 | I34: =IF($H$34="","",IF($H$34<0,-$H$34/(-$H$34+100),100/($H$34+100))) | J34: =IF($H$34="","",$F$34*IF($H$34<0,-100/$H$34,$H$34/100)-(1-$F$34)) | K34: =IF($H$34="","",MAX(0,($F$34*IF($H$34<0,-100/$H$34,$H$34/100)-(1-$F$34))/IF($H$34<0,-100/$H$34,$H$34/100))*'Settings'!$B$3) | L34: =IF($H$34="","",ROUND(MIN($K$34,'Settings'!$B$5)*'Settings'!$B$2,2)) | M34: =IF($J$34="","",IF($J$34<0,"Pass",IF($J$34<'Settings'!$B$4,"Thin",IF($J$34<0.06,"✅ Sharp band",IF($J$34<0.08,"Strong","⚠ Verify (stale?)"))))) | N34: Model 42.3% (fair +136). Your call. | P34: =IF(OR($H$34="",$O$34=""),"",(1+IF($H$34<0,-100/$H$34,$H$34/100))/(1+IF($O$34<0,-100/$O$34,$O$34/100))-1)
A35: 2026-06-28 | B35: New York Liberty @ Golden State Valkyries | C35: 23:00 | D35: Moneyline | E35: New York Liberty | F35: 0.42168269 | G35: 137 | H35: 108 | I35: =IF($H$35="","",IF($H$35<0,-$H$35/(-$H$35+100),100/($H$35+100))) | J35: =IF($H$35="","",$F$35*IF($H$35<0,-100/$H$35,$H$35/100)-(1-$F$35)) | K35: =IF($H$35="","",MAX(0,($F$35*IF($H$35<0,-100/$H$35,$H$35/100)-(1-$F$35))/IF($H$35<0,-100/$H$35,$H$35/100))*'Settings'!$B$3) | L35: =IF($H$35="","",ROUND(MIN($K$35,'Settings'!$B$5)*'Settings'!$B$2,2)) | M35: =IF($J$35="","",IF($J$35<0,"Pass",IF($J$35<'Settings'!$B$4,"Thin",IF($J$35<0.06,"✅ Sharp band",IF($J$35<0.08,"Strong","⚠ Verify (stale?)"))))) | N35: Model 42.2% (fair +137). Your call. | P35: =IF(OR($H$35="",$O$35=""),"",(1+IF($H$35<0,-100/$H$35,$H$35/100))/(1+IF($O$35<0,-100/$O$35,$O$35/100))-1)
A36: 2026-06-28 | B36: New York Liberty @ Golden State Valkyries | C36: 23:00 | D36: Moneyline | E36: Golden State Valkyries | F36: 0.57832157 | G36: -137 | H36: -104 | I36: =IF($H$36="","",IF($H$36<0,-$H$36/(-$H$36+100),100/($H$36+100))) | J36: =IF($H$36="","",$F$36*IF($H$36<0,-100/$H$36,$H$36/100)-(1-$F$36)) | K36: =IF($H$36="","",MAX(0,($F$36*IF($H$36<0,-100/$H$36,$H$36/100)-(1-$F$36))/IF($H$36<0,-100/$H$36,$H$36/100))*'Settings'!$B$3) | L36: =IF($H$36="","",ROUND(MIN($K$36,'Settings'!$B$5)*'Settings'!$B$2,2)) | M36: =IF($J$36="","",IF($J$36<0,"Pass",IF($J$36<'Settings'!$B$4,"Thin",IF($J$36<0.06,"✅ Sharp band",IF($J$36<0.08,"Strong","⚠ Verify (stale?)"))))) | N36: Model 57.8% (fair -137). Your call. | P36: =IF(OR($H$36="",$O$36=""),"",(1+IF($H$36<0,-100/$H$36,$H$36/100))/(1+IF($O$36<0,-100/$O$36,$O$36/100))-1)
A37: 2026-06-28 | B37: New York Liberty @ Golden State Valkyries | C37: 23:00 | D37: Total | E37: Over 163.5 | F37: 0.57692381 | G37: -136 | H37: -110 | I37: =IF($H$37="","",IF($H$37<0,-$H$37/(-$H$37+100),100/($H$37+100))) | J37: =IF($H$37="","",$F$37*IF($H$37<0,-100/$H$37,$H$37/100)-(1-$F$37)) | K37: =IF($H$37="","",MAX(0,($F$37*IF($H$37<0,-100/$H$37,$H$37/100)-(1-$F$37))/IF($H$37<0,-100/$H$37,$H$37/100))*'Settings'!$B$3) | L37: =IF($H$37="","",ROUND(MIN($K$37,'Settings'!$B$5)*'Settings'!$B$2,2)) | M37: =IF($J$37="","",IF($J$37<0,"Pass",IF($J$37<'Settings'!$B$4,"Thin",IF($J$37<0.06,"✅ Sharp band",IF($J$37<0.08,"Strong","⚠ Verify (stale?)"))))) | N37: Model 57.7% (fair -136). Your call. | P37: =IF(OR($H$37="",$O$37=""),"",(1+IF($H$37<0,-100/$H$37,$H$37/100))/(1+IF($O$37<0,-100/$O$37,$O$37/100))-1)
A38: 2026-06-28 | B38: New York Liberty @ Golden State Valkyries | C38: 23:00 | D38: Total | E38: Under 163.5 | F38: 0.4231 | G38: 136 | H38: -110 | I38: =IF($H$38="","",IF($H$38<0,-$H$38/(-$H$38+100),100/($H$38+100))) | J38: =IF($H$38="","",$F$38*IF($H$38<0,-100/$H$38,$H$38/100)-(1-$F$38)) | K38: =IF($H$38="","",MAX(0,($F$38*IF($H$38<0,-100/$H$38,$H$38/100)-(1-$F$38))/IF($H$38<0,-100/$H$38,$H$38/100))*'Settings'!$B$3) | L38: =IF($H$38="","",ROUND(MIN($K$38,'Settings'!$B$5)*'Settings'!$B$2,2)) | M38: =IF($J$38="","",IF($J$38<0,"Pass",IF($J$38<'Settings'!$B$4,"Thin",IF($J$38<0.06,"✅ Sharp band",IF($J$38<0.08,"Strong","⚠ Verify (stale?)"))))) | N38: Model 42.3% (fair +136). Your call. | P38: =IF(OR($H$38="",$O$38=""),"",(1+IF($H$38<0,-100/$H$38,$H$38/100))/(1+IF($O$38<0,-100/$O$38,$O$38/100))-1)
A39: 2026-06-28 | B39: New York Liberty @ Golden State Valkyries | C39: 23:00 | D39: Spread | E39: Golden State Valkyries +1.5 | F39: 0.5795451 | G39: -138 | H39: -104 | I39: =IF($H$39="","",IF($H$39<0,-$H$39/(-$H$39+100),100/($H$39+100))) | J39: =IF($H$39="","",$F$39*IF($H$39<0,-100/$H$39,$H$39/100)-(1-$F$39)) | K39: =IF($H$39="","",MAX(0,($F$39*IF($H$39<0,-100/$H$39,$H$39/100)-(1-$F$39))/IF($H$39<0,-100/$H$39,$H$39/100))*'Settings'!$B$3) | L39: =IF($H$39="","",ROUND(MIN($K$39,'Settings'!$B$5)*'Settings'!$B$2,2)) | M39: =IF($J$39="","",IF($J$39<0,"Pass",IF($J$39<'Settings'!$B$4,"Thin",IF($J$39<0.06,"✅ Sharp band",IF($J$39<0.08,"Strong","⚠ Verify (stale?)"))))) | N39: Model 58.0% (fair -138). Your call. | P39: =IF(OR($H$39="",$O$39=""),"",(1+IF($H$39<0,-100/$H$39,$H$39/100))/(1+IF($O$39<0,-100/$O$39,$O$39/100))-1)
A40: 2026-06-28 | B40: New York Liberty @ Golden State Valkyries | C40: 23:00 | D40: Spread | E40: New York Liberty -1.5 | F40: 0.4204878 | G40: 138 | H40: 105 | I40: =IF($H$40="","",IF($H$40<0,-$H$40/(-$H$40+100),100/($H$40+100))) | J40: =IF($H$40="","",$F$40*IF($H$40<0,-100/$H$40,$H$40/100)-(1-$F$40)) | K40: =IF($H$40="","",MAX(0,($F$40*IF($H$40<0,-100/$H$40,$H$40/100)-(1-$F$40))/IF($H$40<0,-100/$H$40,$H$40/100))*'Settings'!$B$3) | L40: =IF($H$40="","",ROUND(MIN($K$40,'Settings'!$B$5)*'Settings'!$B$2,2)) | M40: =IF($J$40="","",IF($J$40<0,"Pass",IF($J$40<'Settings'!$B$4,"Thin",IF($J$40<0.06,"✅ Sharp band",IF($J$40<0.08,"Strong","⚠ Verify (stale?)"))))) | N40: Model 42.0% (fair +138). Your call. | P40: =IF(OR($H$40="",$O$40=""),"",(1+IF($H$40<0,-100/$H$40,$H$40/100))/(1+IF($O$40<0,-100/$O$40,$O$40/100))-1)

Sheet Track Record
A1: 📒 Track Record — receipts, losses included
A2: Graded in the open. A process you can audit beats a hot streak you can't.
A4: Scope | B4: Graded games | C4: Model Brier | D4: Bets | E4: Win % | F4: Units | G4: ROI % | H4: Avg CLV % | I4: CLV beat %
A5: Overall | B5: 230 | C5: 0.2508 | D5: 167 | E5: 0.4611 | F5: -0.47 | G5: -0.28 | H5: 2.28 | I5: 0.5034
A6: MLB | B6: 202 | C6: 0.2512 | D6: 131 | E6: 0.4962 | F6: 4.78 | G6: 3.65 | H6: 3.61 | I6: 0.5294
A7: WNBA | B7: 27 | C7: 0.2494 | D7: 34 | E7: 0.3235 | F7: -6.05 | G7: -17.8 | H7: -4 | I7: 0.3846
A8: NBA | B8: 1 | C8: 0.1979 | D8: 2 | E8: 0.5 | F8: 0.8 | G8: 40 | H8: 4.92 | I8: 0.5
A10: Brier: lower is better (0.25 = a coin flip). CLV beat %: how often we beat the closing line — the earliest honest sign an edge is real, before win/loss catches up.
A13: Calibration — honesty check
A14: When the model said X%, how often it actually happened (n=193, ECE 0.063 — lower is better; a calibrated model's bars sit on the diagonal).
A16: Model said | B16: Games | C16: We predicted | D16: Actually won | E16: Gap
A17: 10–20% | B17: 1 | C17: 0.1885 | D17: 0 | E17: -0.1885
A18: 20–30% | B18: 6 | C18: 0.2646 | D18: 0.5 | E18: 0.2354
A19: 30–40% | B19: 18 | C19: 0.3737 | D19: 0.6111 | E19: 0.2374
A20: 40–50% | B20: 64 | C20: 0.4543 | D20: 0.4531 | E20: -0.0012
A21: 50–60% | B21: 69 | C21: 0.5434 | D21: 0.5652 | E21: 0.0218
A22: 60–70% | B22: 27 | C22: 0.6458 | D22: 0.5556 | E22: -0.0902
A23: 70–80% | B23: 6 | C23: 0.7526 | D23: 0.5 | E23: -0.2526
A24: 80–90% | B24: 2 | C24: 0.8538 | D24: 0.5 | E24: -0.3538

Sheet Research Hub
A1: 🔬 Research Hub
A2: Premium matchup breakdowns · 2026-06-27 · L5 window. Each game has its own tab.
A4: MLB: Houston Astros @ Detroit Tigers
A5: MLB: New York Yankees @ Boston Red Sox
A6: MLB: Texas Rangers @ Toronto Blue Jays
A7: MLB: Cincinnati Reds @ Pittsburgh Pirates
A8: MLB: Philadelphia Phillies @ New York Mets
A9: MLB: Kansas City Royals @ Chicago White Sox
A10: MLB: Arizona Diamondbacks @ Tampa Bay Rays
A11: MLB: Washington Nationals @ Baltimore Orioles
A12: MLB: Seattle Mariners @ Cleveland Guardians
A13: MLB: Colorado Rockies @ Minnesota Twins
A15: Tip: the website's research view lets you flip the L5/L10/L15/L20/L30/Season window live; here every window is in the table so you can read any of them.

Sheet MLB Astros @ Tigers
A1: Houston Astros @ Detroit Tigers
A2: MLB · 2026-06-27 · L5 window
A62: Houston Astros offense vs Detroit Tigers defense
A63: Stat | B63: A Season | C63: A L30 | D63: A L20 | E63: A L15 | F63: A L10 | G63: A L5 | H63: A Rk | I63: Adv | J63: H Rk | K63: H L5 | L63: H L10 | M63: H L15 | N63: H L20 | O63: H L30 | P63: H Season | Q63: Opp stat
A64: Runs/G | B64: 4.341 | C64: 4.167 | D64: 4.5 | E64: 4.733 | F64: 3.9 | G64: 5.2 | H64: 3rd | I64: ★★ | J64: 14th | K64: 3.8 | L64: 3.4 | M64: 3.733 | N64: 4.3 | O64: 4.233 | P64: 4.199 | Q64: Opp Runs/G
A65: Hits/G | B65: 8.557 | C65: 7.967 | D65: 7.9 | E65: 7.867 | F65: 7 | G65: 8.2 | H65: 6th | I65: ★ | J65: 10th | K65: 7.6 | L65: 6.8 | M65: 7.267 | N65: 7.85 | O65: 7.933 | P65: 7.972 | Q65: Opp Hits/G
A66: HR/G | B66: 1.144 | C66: 1.2 | D66: 1.25 | E66: 1.333 | F66: 1.5 | G66: 2 | H66: 2nd | J66: — | K66: — | L66: — | M66: — | N66: — | O66: — | P66: — | Q66: Opp HR/G
A67: Batter K/G | B67: 8.066 | C67: 8.533 | D67: 8.7 | E67: 8.8 | F67: 9 | G67: 9.4 | H67: 13th | J67: 1st | K67: 11.6 | L67: 10.3 | M67: 9.733 | N67: 9.65 | O67: 9.033 | P67: 8.602 | Q67: Opp Batter K/G
A68: 1st Inn R/G | B68: 0.449 | C68: 0.467 | D68: 0.55 | E68: 0.6 | F68: 0.5 | G68: 0.6 | H68: 8th | J68: 5th | K68: 0 | L68: 0.2 | M68: 0.133 | N68: 0.25 | O68: 0.4 | P68: 0.403 | Q68: Opp 1st Inn R/G
A70: Detroit Tigers offense vs Houston Astros defense
A71: Stat | B71: A Season | C71: A L30 | D71: A L20 | E71: A L15 | F71: A L10 | G71: A L5 | H71: A Rk | I71: Adv | J71: H Rk | K71: H L5 | L71: H L10 | M71: H L15 | N71: H L20 | O71: H L30 | P71: H Season | Q71: Opp stat
A72: Runs/G | B72: 4.574 | C72: 3.767 | D72: 2.9 | E72: 3.067 | F72: 3.4 | G72: 4 | H72: 12th | J72: 9th | K72: 3.6 | L72: 4.2 | M72: 4.2 | N72: 3.95 | O72: 3.933 | P72: 4.108 | Q72: Opp Runs/G
A73: Hits/G | B73: 8.222 | C73: 7.5 | D73: 7.35 | E73: 7.667 | F73: 7.5 | G73: 7.6 | H73: 14th | J73: 5th | K73: 7.4 | L73: 7.8 | M73: 8 | N73: 7.6 | O73: 7.5 | P73: 7.772 | Q73: Opp Hits/G
A74: HR/G | B74: 1.205 | C74: 0.933 | D74: 0.85 | E74: 0.733 | F74: 0.7 | G74: 1 | H74: 20th | J74: — | K74: — | L74: — | M74: — | N74: — | O74: — | P74: — | Q74: Opp HR/G
A75: Batter K/G | B75: 9.028 | C75: 10.3 | D75: 10.95 | E75: 11.2 | F75: 10.8 | G75: 11 | H75: 27th | J75: 20th | K75: 8.6 | L75: 8.1 | M75: 7.8 | N75: 7.75 | O75: 8.8 | P75: 9.413 | Q75: Opp Batter K/G
A76: 1st Inn R/G | B76: 0.506 | C76: 0.267 | D76: 0.2 | E76: 0.2 | F76: 0.1 | G76: 0 | H76: 28th | J76: 7th | K76: 0.2 | L76: 0.4 | M76: 0.333 | N76: 0.35 | O76: 0.233 | P76: 0.509 | Q76: Opp 1st Inn R/G

Sheet MLB Yankees @ Sox
A1: New York Yankees @ Boston Red Sox
A2: MLB · 2026-06-27 · L5 window
A62: New York Yankees offense vs Boston Red Sox defense
A63: Stat | B63: A Season | C63: A L30 | D63: A L20 | E63: A L15 | F63: A L10 | G63: A L5 | H63: A Rk | I63: Adv | J63: H Rk | K63: H L5 | L63: H L10 | M63: H L15 | N63: H L20 | O63: H L30 | P63: H Season | Q63: Opp stat
A64: Runs/G | B64: 5.213 | C64: 4.8 | D64: 5.15 | E64: 4.933 | F64: 4.5 | G64: 4.6 | H64: 5th | J64: 5th | K64: 2.8 | L64: 3.2 | M64: 3.533 | N64: 3.55 | O64: 4.167 | P64: 4.203 | Q64: Opp Runs/G
A65: Hits/G | B65: 8.443 | C65: 8.167 | D65: 8.65 | E65: 8.667 | F65: 8.1 | G65: 8.4 | H65: 5th | I65: ★★ | J65: 15th | K65: 8 | L65: 7.3 | M65: 7.667 | N65: 8.15 | O65: 8.367 | P65: 8.337 | Q65: Opp Hits/G
A66: HR/G | B66: 1.667 | C66: 1.367 | D66: 1.3 | E66: 1.4 | F66: 1.4 | G66: 0.8 | H66: 23rd | J66: — | K66: — | L66: — | M66: — | N66: — | O66: — | P66: — | Q66: Opp HR/G
A67: Batter K/G | B67: 9.069 | C67: 9.867 | D67: 9.8 | E67: 9.867 | F67: 9.2 | G67: 9.6 | H67: 14th | J67: 12th | K67: 9.8 | L67: 8.8 | M67: 9.4 | N67: 9.7 | O67: 9.133 | P67: 8.517 | Q67: Opp Batter K/G
A68: 1st Inn R/G | B68: 0.69 | C68: 0.8 | D68: 0.8 | E68: 0.733 | F68: 0.7 | G68: 0.2 | H68: 22nd | J68: 13th | K68: 0.4 | L68: 0.5 | M68: 0.6 | N68: 0.65 | O68: 0.533 | P68: 0.57 | Q68: Opp 1st Inn R/G
A70: Boston Red Sox offense vs New York Yankees defense
A71: Stat | B71: A Season | C71: A L30 | D71: A L20 | E71: A L15 | F71: A L10 | G71: A L5 | H71: A Rk | I71: Adv | J71: H Rk | K71: H L5 | L71: H L10 | M71: H L15 | N71: H L20 | O71: H L30 | P71: H Season | Q71: Opp stat
A72: Runs/G | B72: 4.808 | C72: 4.133 | D72: 3.8 | E72: 3.733 | F72: 3 | G72: 2.2 | H72: 28th | J72: 29th | K72: 6.8 | L72: 4.7 | M72: 3.667 | N72: 4 | O72: 4.367 | P72: 4.276 | Q72: Opp Runs/G
A73: Hits/G | B73: 8.715 | C73: 8.867 | D73: 8.35 | E73: 8.333 | F73: 7.8 | G73: 6.6 | H73: 19th | I73: ★★ | J73: 28th | K73: 11 | L73: 8.4 | M73: 7.267 | N73: 7.4 | O73: 7.967 | P73: 7.753 | Q73: Opp Hits/G
A74: HR/G | B74: 1.122 | C74: 0.8 | D74: 0.8 | E74: 0.667 | F74: 0.5 | G74: 0.6 | H74: 29th | J74: — | K74: — | L74: — | M74: — | N74: — | O74: — | P74: — | Q74: Opp HR/G
A75: Batter K/G | B75: 8.89 | C75: 8.567 | D75: 8.65 | E75: 8.733 | F75: 9.9 | G75: 10.2 | H75: 19th | I75: ★★ | J75: 27th | K75: 7.4 | L75: 8.5 | M75: 8.667 | N75: 8.7 | O75: 8.367 | P75: 8.931 | Q75: Opp Batter K/G
A76: 1st Inn R/G | B76: 0.663 | C76: 0.633 | D76: 0.8 | E76: 0.4 | F76: 0.4 | G76: 0.2 | H76: 21st | J76: 21st | K76: 0.8 | L76: 0.4 | M76: 0.267 | N76: 0.25 | O76: 0.467 | P76: 0.443 | Q76: Opp 1st Inn R/G

Sheet MLB Rangers @ Jays
A1: Texas Rangers @ Toronto Blue Jays
A2: MLB · 2026-06-27 · L5 window
A63: Texas Rangers offense vs Toronto Blue Jays defense
A64: Stat | B64: A Season | C64: A L30 | D64: A L20 | E64: A L15 | F64: A L10 | G64: A L5 | H64: A Rk | I64: Adv | J64: H Rk | K64: H L5 | L64: H L10 | M64: H L15 | N64: H L20 | O64: H L30 | P64: H Season | Q64: Opp stat
A65: Runs/G | B65: 4.202 | C65: 4.6 | D65: 3.7 | E65: 3.6 | F65: 3.3 | G65: 4.2 | H65: 11th | J65: 8th | K65: 3.4 | L65: 3.7 | M65: 3.867 | N65: 4 | O65: 4.4 | P65: 4.399 | Q65: Opp Runs/G
A66: Hits/G | B66: 7.863 | C66: 8 | D66: 6.9 | E66: 7.333 | F66: 6 | G66: 6.6 | H66: 20th | I66: ★ | J66: 26th | K66: 10.4 | L66: 8.4 | M66: 8 | N66: 8.2 | O66: 8.833 | P66: 8.109 | Q66: Opp Hits/G
A67: HR/G | B67: 1.095 | C67: 1.1 | D67: 0.85 | E67: 0.8 | F67: 0.8 | G67: 0.8 | H67: 24th | J67: — | K67: — | L67: — | M67: — | N67: — | O67: — | P67: — | Q67: Opp HR/G
A68: Batter K/G | B68: 8.22 | C68: 8.167 | D68: 8.3 | E68: 8.4 | F68: 9 | G68: 10 | H68: 17th | J68: 7th | K68: 10.4 | L68: 10 | M68: 10.2 | N68: 10.3 | O68: 9.133 | P68: 8.967 | Q68: Opp Batter K/G
A69: 1st Inn R/G | B69: 0.488 | C69: 0.7 | D69: 0.6 | E69: 0.8 | F69: 0.6 | G69: 1 | H69: 5th | J69: 2nd | K69: 0 | L69: 0.2 | M69: 0.467 | N69: 0.45 | O69: 0.667 | P69: 0.579 | Q69: Opp 1st Inn R/G
A71: Toronto Blue Jays offense vs Texas Rangers defense
A72: Stat | B72: A Season | C72: A L30 | D72: A L20 | E72: A L15 | F72: A L10 | G72: A L5 | H72: A Rk | I72: Adv | J72: H Rk | K72: H L5 | L72: H L10 | M72: H L15 | N72: H L20 | O72: H L30 | P72: H Season | Q72: Opp stat
A73: Runs/G | B73: 5.005 | C73: 5.067 | D73: 6.15 | E73: 5.067 | F73: 4.6 | G73: 4.4 | H73: 6th | I73: ★★ | J73: 15th | K73: 4.2 | L73: 4.4 | M73: 4.4 | N73: 4.3 | O73: 4.067 | P73: 3.78 | Q73: Opp Runs/G
A74: Hits/G | B74: 9.131 | C74: 9.033 | D74: 10.6 | E74: 10.133 | F74: 10.3 | G74: 11.4 | H74: 1st | I74: ★ | J74: 7th | K74: 7.4 | L74: 8.7 | M74: 8.4 | N74: 8.7 | O74: 8.4 | P74: 7.762 | Q74: Opp Hits/G
A75: HR/G | B75: 1.213 | C75: 1.367 | D75: 1.65 | E75: 1.267 | F75: 1.1 | G75: 1 | H75: 16th | J75: — | K75: — | L75: — | M75: — | N75: — | O75: — | P75: — | Q75: Opp HR/G
A76: Batter K/G | B76: 6.831 | C76: 6.967 | D76: 7.4 | E76: 7.333 | F76: 8.1 | G76: 10.4 | H76: 22nd | J76: 14th | K76: 9.6 | L76: 9 | M76: 8.533 | N76: 8.5 | O76: 8.7 | P76: 8.339 | Q76: Opp Batter K/G
A77: 1st Inn R/G | B77: 0.519 | C77: 0.6 | D77: 0.75 | E77: 0.467 | F77: 0.3 | G77: 0.4 | H77: 15th | I77: ★★★ | J77: 28th | K77: 1.6 | L77: 1 | M77: 0.867 | N77: 0.75 | O77: 0.667 | P77: 0.381 | Q77: Opp 1st Inn R/G

Sheet MLB Reds @ Pirates
A1: Cincinnati Reds @ Pittsburgh Pirates
A2: MLB · 2026-06-27 · L5 window
A61: Cincinnati Reds offense vs Pittsburgh Pirates defense
A62: Stat | B62: A Season | C62: A L30 | D62: A L20 | E62: A L15 | F62: A L10 | G62: A L5 | H62: A Rk | I62: Adv | J62: H Rk | K62: H L5 | L62: H L10 | M62: H L15 | N62: H L20 | O62: H L30 | P62: H Season | Q62: Opp stat
A63: Runs/G | B63: 4.453 | C63: 4.267 | D63: 3.75 | E63: 4 | F63: 3.5 | G63: 4.2 | H63: 9th | J63: 3rd | K63: 2.6 | L63: 2.7 | M63: 3.067 | N63: 3.4 | O63: 3.367 | P63: 3.964 | Q63: Opp Runs/G
A64: Hits/G | B64: 8.453 | C64: 7.967 | D64: 7.35 | E64: 7.6 | F64: 7.6 | G64: 7.4 | H64: 15th | J64: 14th | K64: 7.8 | L64: 6.7 | M64: 7.2 | N64: 7.5 | O64: 7.467 | P64: 7.765 | Q64: Opp Hits/G
A65: HR/G | B65: 1.07 | C65: 1.233 | D65: 1.2 | E65: 1.067 | F65: 0.9 | G65: 0.6 | H65: 28th | J65: — | K65: — | L65: — | M65: — | N65: — | O65: — | P65: — | Q65: Opp HR/G
A66: Batter K/G | B66: 9.081 | C66: 9.167 | D66: 9.2 | E66: 9.667 | F66: 10.1 | G66: 11 | H66: 24th | J66: 10th | K66: 10 | L66: 9.5 | M66: 9.4 | N66: 9.5 | O66: 9.333 | P66: 8.114 | Q66: Opp Batter K/G
A67: 1st Inn R/G | B67: 0.564 | C67: 0.333 | D67: 0.25 | E67: 0.2 | F67: 0.2 | G67: 0.4 | H67: 17th | J67: 19th | K67: 0.6 | L67: 0.7 | M67: 0.6 | N67: 0.75 | O67: 0.533 | P67: 0.422 | Q67: Opp 1st Inn R/G
A69: Pittsburgh Pirates offense vs Cincinnati Reds defense
A70: Stat | B70: A Season | C70: A L30 | D70: A L20 | E70: A L15 | F70: A L10 | G70: A L5 | H70: A Rk | I70: Adv | J70: H Rk | K70: H L5 | L70: H L10 | M70: H L15 | N70: H L20 | O70: H L30 | P70: H Season | Q70: Opp stat
A71: Runs/G | B71: 3.53 | C71: 3.667 | D71: 3.2 | E71: 3.733 | F71: 4.2 | G71: 3.6 | H71: 16th | I71: ★ | J71: 20th | K71: 5.4 | L71: 3.9 | M71: 3.6 | N71: 3.9 | O71: 4.533 | P71: 4.308 | Q71: Opp Runs/G
A72: Hits/G | B72: 7.602 | C72: 7.333 | D72: 7.15 | E72: 7.8 | F72: 8.8 | G72: 8.2 | H72: 8th | I72: ★★★ | J72: 23rd | K72: 9 | L72: 7.7 | M72: 7.467 | N72: 7.45 | O72: 7.933 | P72: 8.244 | Q72: Opp Hits/G
A73: HR/G | B73: 0.705 | C73: 0.7 | D73: 0.75 | E73: 0.8 | F73: 1 | G73: 0.8 | H73: 26th | J73: — | K73: — | L73: — | M73: — | N73: — | O73: — | P73: — | Q73: Opp HR/G
A74: Batter K/G | B74: 8.849 | C74: 9.4 | D74: 9.35 | E74: 8.933 | F74: 9.1 | G74: 10.2 | H74: 21st | J74: 21st | K74: 8.6 | L74: 8.9 | M74: 9.067 | N74: 8.55 | O74: 9 | P74: 8.936 | Q74: Opp Batter K/G
A75: 1st Inn R/G | B75: 0.5 | C75: 0.867 | D75: 0.7 | E75: 0.8 | F75: 0.8 | G75: 0 | H75: 29th | J75: 8th | K75: 0.2 | L75: 0.1 | M75: 0.2 | N75: 0.2 | O75: 0.467 | P75: 0.436 | Q75: Opp 1st Inn R/G

Sheet MLB Phillies @ Mets
A1: Philadelphia Phillies @ New York Mets
A2: MLB · 2026-06-27 · L5 window
A61: Philadelphia Phillies offense vs New York Mets defense
A62: Stat | B62: A Season | C62: A L30 | D62: A L20 | E62: A L15 | F62: A L10 | G62: A L5 | H62: A Rk | I62: Adv | J62: H Rk | K62: H L5 | L62: H L10 | M62: H L15 | N62: H L20 | O62: H L30 | P62: H Season | Q62: Opp stat
A63: Runs/G | B63: 4.802 | C63: 4.8 | D63: 4.5 | E63: 3.933 | F63: 3.7 | G63: 3.4 | H63: 17th | J63: 18th | K63: 5 | L63: 4.7 | M63: 4.667 | N63: 5 | O63: 5.367 | P63: 4.386 | Q63: Opp Runs/G
A64: Hits/G | B64: 8.802 | C64: 8.767 | D64: 8.15 | E64: 7.733 | F64: 7.4 | G64: 6.4 | H64: 23rd | J64: 9th | K64: 7.6 | L64: 7.6 | M64: 8.333 | N64: 8.7 | O64: 9.1 | P64: 8.211 | Q64: Opp Hits/G
A65: HR/G | B65: 1.285 | C65: 1.533 | D65: 1.6 | E65: 1.4 | F65: 1.5 | G65: 0.8 | H65: 21st | J65: — | K65: — | L65: — | M65: — | N65: — | O65: — | P65: — | Q65: Opp HR/G
A66: Batter K/G | B66: 8.273 | C66: 9.5 | D66: 9.6 | E66: 9.933 | F66: 10.4 | G66: 9.8 | H66: 15th | I66: ★★ | J66: 26th | K66: 7.4 | L66: 9.2 | M66: 7.933 | N66: 8.3 | O66: 8.433 | P66: 8.645 | Q66: Opp Batter K/G
A67: 1st Inn R/G | B67: 0.605 | C67: 0.567 | D67: 0.5 | E67: 0.333 | F67: 0.3 | G67: 0 | H67: 24th | J67: 4th | K67: 0 | L67: 0.3 | M67: 0.667 | N67: 0.7 | O67: 0.8 | P67: 0.416 | Q67: Opp 1st Inn R/G
A69: New York Mets offense vs Philadelphia Phillies defense
A70: Stat | B70: A Season | C70: A L30 | D70: A L20 | E70: A L15 | F70: A L10 | G70: A L5 | H70: A Rk | I70: Adv | J70: H Rk | K70: H L5 | L70: H L10 | M70: H L15 | N70: H L20 | O70: H L30 | P70: H Season | Q70: Opp stat
A71: Runs/G | B71: 4.789 | C71: 5.133 | D71: 4.2 | E71: 4.8 | F71: 5 | G71: 3.6 | H71: 15th | J71: 4th | K71: 2.8 | L71: 2.7 | M71: 3.533 | N71: 4 | O71: 3.767 | P71: 4.052 | Q71: Opp Runs/G
A72: Hits/G | B72: 8.44 | C72: 8.667 | D72: 7.75 | E72: 8.333 | F72: 8.3 | G72: 6.6 | H72: 18th | J72: 4th | K72: 7.2 | L72: 7 | M72: 8 | N72: 8.15 | O72: 7.933 | P72: 8.267 | Q72: Opp Hits/G
A73: HR/G | B73: 1.392 | C73: 1.567 | D73: 1.45 | E73: 1.667 | F73: 1.3 | G73: 1.2 | H73: 13th | J73: — | K73: — | L73: — | M73: — | N73: — | O73: — | P73: — | Q73: Opp HR/G
A74: Batter K/G | B74: 8.199 | C74: 8.9 | D74: 9.6 | E74: 8.867 | F74: 8.6 | G74: 8.8 | H74: 7th | J74: 2nd | K74: 11.4 | L74: 10.6 | M74: 9.067 | N74: 8.95 | O74: 8.867 | P74: 9.058 | Q74: Opp Batter K/G
A75: 1st Inn R/G | B75: 0.578 | C75: 1 | D75: 0.9 | E75: 0.933 | F75: 0.8 | G75: 1 | H75: 4th | J75: 1st | K75: 0 | L75: 0.1 | M75: 0.333 | N75: 0.65 | O75: 0.833 | P75: 0.407 | Q75: Opp 1st Inn R/G

Sheet MLB Royals @ Sox
A1: Kansas City Royals @ Chicago White Sox
A2: MLB · 2026-06-27 · L5 window
A63: Kansas City Royals offense vs Chicago White Sox defense
A64: Stat | B64: A Season | C64: A L30 | D64: A L20 | E64: A L15 | F64: A L10 | G64: A L5 | H64: A Rk | I64: Adv | J64: H Rk | K64: H L5 | L64: H L10 | M64: H L15 | N64: H L20 | O64: H L30 | P64: H Season | Q64: Opp stat
A65: Runs/G | B65: 4.083 | C65: 4.833 | D65: 5.05 | E65: 6.133 | F65: 6.2 | G65: 5.4 | H65: 1st | I65: ★★★ | J65: 22nd | K65: 5.6 | L65: 4.7 | M65: 4.6 | N65: 4.5 | O65: 5.1 | P65: 4.697 | Q65: Opp Runs/G
A66: Hits/G | B66: 8.429 | C66: 8.567 | D66: 9.05 | E66: 10.2 | F66: 10.1 | G66: 8 | H66: 9th | I66: ★★ | J66: 18th | K66: 8.2 | L66: 8.7 | M66: 8.333 | N66: 7.85 | O66: 8.4 | P66: 8.23 | Q66: Opp Hits/G
A67: HR/G | B67: 0.97 | C67: 1.1 | D67: 1.05 | E67: 1.333 | F67: 1.1 | G67: 1.2 | H67: 12th | J67: — | K67: — | L67: — | M67: — | N67: — | O67: — | P67: — | Q67: Opp HR/G
A68: Batter K/G | B68: 6.768 | C68: 6.533 | D68: 6.8 | E68: 6.667 | F68: 7 | G68: 8 | H68: 4th | J68: 6th | K68: 10.6 | L68: 10.5 | M68: 9.267 | N68: 9.3 | O68: 9.333 | P68: 8.03 | Q68: Opp Batter K/G
A69: 1st Inn R/G | B69: 0.542 | C69: 1 | D69: 1.1 | E69: 1.267 | F69: 1.2 | G69: 0.6 | H69: 9th | I69: ★ | J69: 12th | K69: 0.4 | L69: 0.3 | M69: 0.2 | N69: 0.4 | O69: 0.5 | P69: 0.648 | Q69: Opp 1st Inn R/G
A71: Chicago White Sox offense vs Kansas City Royals defense
A72: Stat | B72: A Season | C72: A L30 | D72: A L20 | E72: A L15 | F72: A L10 | G72: A L5 | H72: A Rk | I72: Adv | J72: H Rk | K72: H L5 | L72: H L10 | M72: H L15 | N72: H L20 | O72: H L30 | P72: H Season | Q72: Opp stat
A73: Runs/G | B73: 4.03 | C73: 4.133 | D73: 3.55 | E73: 3.333 | F73: 3.9 | G73: 5.4 | H73: 2nd | I73: ★ | J73: 6th | K73: 3 | L73: 3.1 | M73: 4.467 | N73: 4.5 | O73: 4.033 | P73: 4.012 | Q73: Opp Runs/G
A74: Hits/G | B74: 7.782 | C74: 7.567 | D74: 6.65 | E74: 6.533 | F74: 7.1 | G74: 8.4 | H74: 4th | J74: 2nd | K74: 6.8 | L74: 6.3 | M74: 7.867 | N74: 8.1 | O74: 7.9 | P74: 8.185 | Q74: Opp Hits/G
A75: HR/G | B75: 1.018 | C75: 1.1 | D75: 0.9 | E75: 1 | F75: 1.2 | G75: 1.6 | H75: 7th | J75: — | K75: — | L75: — | M75: — | N75: — | O75: — | P75: — | Q75: Opp HR/G
A76: Batter K/G | B76: 8.442 | C76: 9.1 | D76: 9.2 | E76: 9.2 | F76: 8.3 | G76: 9.2 | H76: 10th | J76: 11th | K76: 9.8 | L76: 8.5 | M76: 7.933 | N76: 8.05 | O76: 8.067 | P76: 7.857 | Q76: Opp Batter K/G
A77: 1st Inn R/G | B77: 0.594 | C77: 0.633 | D77: 0.9 | E77: 0.867 | F77: 0.9 | G77: 1.2 | H77: 3rd | J77: 3rd | K77: 0 | L77: 0.1 | M77: 0.467 | N77: 0.6 | O77: 0.5 | P77: 0.399 | Q77: Opp 1st Inn R/G

Sheet MLB Diamondbacks @ Rays
A1: Arizona Diamondbacks @ Tampa Bay Rays
A2: MLB · 2026-06-27 · L5 window
A63: Arizona Diamondbacks offense vs Tampa Bay Rays defense
A64: Stat | B64: A Season | C64: A L30 | D64: A L20 | E64: A L15 | F64: A L10 | G64: A L5 | H64: A Rk | I64: Adv | J64: H Rk | K64: H L5 | L64: H L10 | M64: H L15 | N64: H L20 | O64: H L30 | P64: H Season | Q64: Opp stat
A65: Runs/G | B65: 4.976 | C65: 4.7 | D65: 4.45 | E65: 4.467 | F65: 3.4 | G65: 2.6 | H65: 25th | J65: 26th | K65: 6 | L65: 5.6 | M65: 4.867 | N65: 4.8 | O65: 4.3 | P65: 4.234 | Q65: Opp Runs/G
A66: Hits/G | B66: 8.688 | C66: 8.7 | D66: 8.85 | E66: 9 | F66: 8.4 | G66: 7.6 | H66: 12th | I66: ★ | J66: 17th | K66: 8.2 | L66: 8.4 | M66: 8.067 | N66: 8.05 | O66: 7.8 | P66: 7.868 | Q66: Opp Hits/G
A67: HR/G | B67: 1.329 | C67: 1.033 | D67: 0.85 | E67: 1 | F67: 0.9 | G67: 0.8 | H67: 22nd | J67: — | K67: — | L67: — | M67: — | N67: — | O67: — | P67: — | Q67: Opp HR/G
A68: Batter K/G | B68: 8.265 | C68: 8.467 | D68: 8.35 | E68: 8.4 | F68: 8.6 | G68: 10.8 | H68: 23rd | J68: 15th | K68: 9.4 | L68: 8.7 | M68: 8.333 | N68: 8.8 | O68: 9.5 | P68: 8.737 | Q68: Opp Batter K/G
A69: 1st Inn R/G | B69: 0.612 | C69: 0.467 | D69: 0.5 | E69: 0.6 | F69: 0.7 | G69: 0.6 | H69: 10th | I69: ★★★ | J69: 25th | K69: 1.2 | L69: 0.8 | M69: 0.667 | N69: 0.65 | O69: 0.467 | P69: 0.473 | Q69: Opp 1st Inn R/G
A71: Tampa Bay Rays offense vs Arizona Diamondbacks defense
A72: Stat | B72: A Season | C72: A L30 | D72: A L20 | E72: A L15 | F72: A L10 | G72: A L5 | H72: A Rk | I72: Adv | J72: H Rk | K72: H L5 | L72: H L10 | M72: H L15 | N72: H L20 | O72: H L30 | P72: H Season | Q72: Opp stat
A73: Runs/G | B73: 4.437 | C73: 4.033 | D73: 3.55 | E73: 3.667 | F73: 3.9 | G73: 3.6 | H73: 14th | I73: ★★★ | J73: 30th | K73: 7.4 | L73: 5.9 | M73: 5.333 | N73: 5.35 | O73: 4.767 | P73: 4.847 | Q73: Opp Runs/G
A74: Hits/G | B74: 8.521 | C74: 8.4 | D74: 8.3 | E74: 8.667 | F74: 8.5 | G74: 9.6 | H74: 3rd | I74: ★★★ | J74: 27th | K74: 10.4 | L74: 9.8 | M74: 9.133 | N74: 8.75 | O74: 8.567 | P74: 8.841 | Q74: Opp Hits/G
A75: HR/G | B75: 1.114 | C75: 1.133 | D75: 1.15 | E75: 1 | F75: 1 | G75: 1 | H75: 17th | J75: — | K75: — | L75: — | M75: — | N75: — | O75: — | P75: — | Q75: Opp HR/G
A76: Batter K/G | B76: 8.611 | C76: 8.967 | D76: 9.5 | E76: 9.667 | F76: 9.2 | G76: 10.2 | H76: 18th | J76: 16th | K76: 9.4 | L76: 9 | M76: 8.333 | N76: 7.9 | O76: 7.8 | P76: 8.2 | Q76: Opp Batter K/G
A77: 1st Inn R/G | B77: 0.587 | C77: 0.867 | D77: 0.7 | E77: 0.667 | F77: 0.6 | G77: 0.4 | H77: 16th | I77: ★★★ | J77: 29th | K77: 1.8 | L77: 1.1 | M77: 1 | N77: 0.9 | O77: 0.733 | P77: 0.641 | Q77: Opp 1st Inn R/G

Sheet MLB Nationals @ Orioles
A1: Washington Nationals @ Baltimore Orioles
A2: MLB · 2026-06-27 · L5 window
A63: Washington Nationals offense vs Baltimore Orioles defense
A64: Stat | B64: A Season | C64: A L30 | D64: A L20 | E64: A L15 | F64: A L10 | G64: A L5 | H64: A Rk | I64: Adv | J64: H Rk | K64: H L5 | L64: H L10 | M64: H L15 | N64: H L20 | O64: H L30 | P64: H Season | Q64: Opp stat
A65: Runs/G | B65: 4.205 | C65: 4.133 | D65: 4.3 | E65: 3.667 | F65: 4.4 | G65: 4.2 | H65: 10th | I65: ★★★ | J65: 23rd | K65: 5.6 | L65: 5 | M65: 5 | N65: 4.55 | O65: 4.667 | P65: 4.886 | Q65: Opp Runs/G
A66: Hits/G | B66: 8.054 | C66: 7.833 | D66: 8.1 | E66: 7.2 | F66: 7.9 | G66: 7.6 | H66: 13th | I66: ★★ | J66: 24th | K66: 9.6 | L66: 8.3 | M66: 8.4 | N66: 8.1 | O66: 8.567 | P66: 8.837 | Q66: Opp Hits/G
A67: HR/G | B67: 0.976 | C67: 1.2 | D67: 1.35 | E67: 1.267 | F67: 1.8 | G67: 2.6 | H67: 1st | J67: — | K67: — | L67: — | M67: — | N67: — | O67: — | P67: — | Q67: Opp HR/G
A68: Batter K/G | B68: 8.373 | C68: 9.8 | D68: 10 | E68: 10.733 | F68: 11 | G68: 11 | H68: 25th | J68: 22nd | K68: 8.6 | L68: 9.8 | M68: 9.467 | N68: 9.3 | O68: 8.733 | P68: 8.398 | Q68: Opp Batter K/G
A69: 1st Inn R/G | B69: 0.584 | C69: 0.4 | D69: 0.35 | E69: 0.267 | F69: 0.4 | G69: 0.4 | H69: 18th | I69: ★ | J69: 24th | K69: 1 | L69: 1 | M69: 0.867 | N69: 0.8 | O69: 0.8 | P69: 0.657 | Q69: Opp 1st Inn R/G
A71: Baltimore Orioles offense vs Washington Nationals defense
A72: Stat | B72: A Season | C72: A L30 | D72: A L20 | E72: A L15 | F72: A L10 | G72: A L5 | H72: A Rk | I72: Adv | J72: H Rk | K72: H L5 | L72: H L10 | M72: H L15 | N72: H L20 | O72: H L30 | P72: H Season | Q72: Opp stat
A73: Runs/G | B73: 4.181 | C73: 3.567 | D73: 2.95 | E73: 3.2 | F73: 2.7 | G73: 3 | H73: 22nd | J73: 24th | K73: 5.8 | L73: 6.6 | M73: 6.4 | N73: 6.3 | O73: 5.8 | P73: 5.566 | Q73: Opp Runs/G
A74: Hits/G | B74: 7.861 | C74: 6.9 | D74: 6.2 | E74: 6.2 | F74: 5.2 | G74: 5.4 | H74: 29th | J74: 21st | K74: 8.8 | L74: 10.6 | M74: 10.2 | N74: 10.05 | O74: 9 | P74: 9.259 | Q74: Opp Hits/G
A75: HR/G | B75: 1.175 | C75: 1.067 | D75: 0.95 | E75: 1.2 | F75: 1.1 | G75: 1.6 | H75: 8th | J75: — | K75: — | L75: — | M75: — | N75: — | O75: — | P75: — | Q75: Opp HR/G
A76: Batter K/G | B76: 9.048 | C76: 10.333 | D76: 10.35 | E76: 10 | F76: 10.3 | G76: 10.2 | H76: 20th | J76: 13th | K76: 9.6 | L76: 9 | M76: 8.333 | N76: 7.75 | O76: 8.233 | P76: 7.729 | Q76: Opp Batter K/G
A77: 1st Inn R/G | B77: 0.428 | C77: 0.333 | D77: 0.35 | E77: 0.333 | F77: 0.2 | G77: 0 | H77: 27th | J77: 26th | K77: 1.2 | L77: 0.8 | M77: 0.733 | N77: 0.65 | O77: 0.8 | P77: 0.717 | Q77: Opp 1st Inn R/G

Sheet MLB Mariners @ Guardians
A1: Seattle Mariners @ Cleveland Guardians
A2: MLB · 2026-06-27 · L5 window
A63: Seattle Mariners offense vs Cleveland Guardians defense
A64: Stat | B64: A Season | C64: A L30 | D64: A L20 | E64: A L15 | F64: A L10 | G64: A L5 | H64: A Rk | I64: Adv | J64: H Rk | K64: H L5 | L64: H L10 | M64: H L15 | N64: H L20 | O64: H L30 | P64: H Season | Q64: Opp stat
A65: Runs/G | B65: 4.782 | C65: 4.8 | D65: 4.35 | E65: 3.667 | F65: 4.4 | G65: 3.4 | H65: 19th | J65: 13th | K65: 3.8 | L65: 3.9 | M65: 2.8 | N65: 2.6 | O65: 2.8 | P65: 4.064 | Q65: Opp Runs/G
A66: Hits/G | B66: 8.352 | C66: 8.2 | D66: 7.65 | E66: 7.267 | F66: 7.4 | G66: 6.6 | H66: 21st | J66: 3rd | K66: 7 | L66: 7.6 | M66: 6.533 | N66: 6.35 | O66: 7.067 | P66: 8.14 | Q66: Opp Hits/G
A67: HR/G | B67: 1.503 | C67: 1.6 | D67: 1.55 | E67: 1.4 | F67: 1.7 | G67: 2 | H67: 3rd | J67: — | K67: — | L67: — | M67: — | N67: — | O67: — | P67: — | Q67: Opp HR/G
A68: Batter K/G | B68: 9.039 | C68: 9.933 | D68: 10.8 | E68: 11.333 | F68: 11.1 | G68: 9.2 | H68: 12th | J68: 5th | K68: 10.8 | L68: 11.1 | M68: 11.267 | N68: 10.95 | O68: 9.733 | P68: 8.614 | Q68: Opp Batter K/G
A69: 1st Inn R/G | B69: 0.52 | C69: 0.6 | D69: 0.55 | E69: 0.467 | F69: 0.6 | G69: 0.6 | H69: 13th | J69: 15th | K69: 0.4 | L69: 0.8 | M69: 0.533 | N69: 0.55 | O69: 0.5 | P69: 0.497 | Q69: Opp 1st Inn R/G
A71: Cleveland Guardians offense vs Seattle Mariners defense
A72: Stat | B72: A Season | C72: A L30 | D72: A L20 | E72: A L15 | F72: A L10 | G72: A L5 | H72: A Rk | I72: Adv | J72: H Rk | K72: H L5 | L72: H L10 | M72: H L15 | N72: H L20 | O72: H L30 | P72: H Season | Q72: Opp stat
A73: Runs/G | B73: 3.994 | C73: 4.467 | D73: 4.3 | E73: 4.4 | F73: 3.9 | G73: 4.4 | H73: 8th | I73: ★★★ | J73: 28th | K73: 6.6 | L73: 5.2 | M73: 4.733 | N73: 4.25 | O73: 3.8 | P73: 4.346 | Q73: Opp Runs/G
A74: Hits/G | B74: 7.491 | C74: 7.767 | D74: 7.15 | E74: 7.133 | F74: 6.2 | G74: 6.6 | H74: 22nd | I74: ★★ | J74: 29th | K74: 11.4 | L74: 9.3 | M74: 8.267 | N74: 7.95 | O74: 7.767 | P74: 8.291 | Q74: Opp Hits/G
A75: HR/G | B75: 1.058 | C75: 1.133 | D75: 1.15 | E75: 1.067 | F75: 0.9 | G75: 1.2 | H75: 15th | J75: — | K75: — | L75: — | M75: — | N75: — | O75: — | P75: — | Q75: Opp HR/G
A76: Batter K/G | B76: 8.415 | C76: 8.367 | D76: 8.2 | E76: 8.6 | F76: 8.5 | G76: 8.2 | H76: 5th | I76: ★★★ | J76: 30th | K76: 6.2 | L76: 6.9 | M76: 8.333 | N76: 8.8 | O76: 9.7 | P76: 8.693 | Q76: Opp Batter K/G
A77: 1st Inn R/G | B77: 0.491 | C77: 0.567 | D77: 0.6 | E77: 0.8 | F77: 0.9 | G77: 1 | H77: 6th | I77: ★ | J77: 11th | K77: 0.2 | L77: 0.4 | M77: 0.267 | N77: 0.2 | O77: 0.267 | P77: 0.441 | Q77: Opp 1st Inn R/G

Sheet MLB Rockies @ Twins
A1: Colorado Rockies @ Minnesota Twins
A2: MLB · 2026-06-27 · L5 window
A59: Colorado Rockies offense vs Minnesota Twins defense
A60: Stat | B60: A Season | C60: A L30 | D60: A L20 | E60: A L15 | F60: A L10 | G60: A L5 | H60: A Rk | I60: Adv | J60: H Rk | K60: H L5 | L60: H L10 | M60: H L15 | N60: H L20 | O60: H L30 | P60: H Season | Q60: Opp stat
A61: Runs/G | B61: 3.728 | C61: 3.333 | D61: 2.8 | E61: 3.467 | F61: 3 | G61: 2 | H61: 29th | J61: 1st | K61: 1.8 | L61: 3.2 | M61: 4.2 | N61: 4.55 | O61: 5.467 | P61: 4.713 | Q61: Opp Runs/G
A62: Hits/G | B62: 7.899 | C62: 7.567 | D62: 6.35 | E62: 7.267 | F62: 6.5 | G62: 5.6 | H62: 28th | J62: 1st | K62: 5 | L62: 6.1 | M62: 7.333 | N62: 7.7 | O62: 8.733 | P62: 8.749 | Q62: Opp Hits/G
A63: HR/G | B63: 1.006 | C63: 0.867 | D63: 0.85 | E63: 1.067 | F63: 1 | G63: 1 | H63: 19th | J63: — | K63: — | L63: — | M63: — | N63: — | O63: — | P63: — | Q63: Opp HR/G
A64: Batter K/G | B64: 9.527 | C64: 10.1 | D64: 10.65 | E64: 9.933 | F64: 10.1 | G64: 11.6 | H64: 29th | J64: 4th | K64: 11.2 | L64: 9.4 | M64: 9.667 | N64: 9.15 | O64: 8.967 | P64: 8.707 | Q64: Opp Batter K/G
A65: 1st Inn R/G | B65: 0.325 | C65: 0.133 | D65: 0.2 | E65: 0.267 | F65: 0.3 | G65: 0.2 | H65: 23rd | J65: 9th | K65: 0.2 | L65: 0.7 | M65: 0.667 | N65: 0.7 | O65: 0.633 | P65: 0.563 | Q65: Opp 1st Inn R/G
A67: Minnesota Twins offense vs Colorado Rockies defense
A68: Stat | B68: A Season | C68: A L30 | D68: A L20 | E68: A L15 | F68: A L10 | G68: A L5 | H68: A Rk | I68: Adv | J68: H Rk | K68: H L5 | L68: H L10 | M68: H L15 | N68: H L20 | O68: H L30 | P68: H Season | Q68: Opp stat
A69: Runs/G | B69: 4.234 | C69: 4.333 | D69: 4.15 | E69: 3.467 | F69: 2.5 | G69: 2.6 | H69: 26th | J69: 25th | K69: 5.8 | L69: 5.2 | M69: 5.867 | N69: 5.85 | O69: 6 | P69: 6.213 | Q69: Opp Runs/G
A70: Hits/G | B70: 8.246 | C70: 8.267 | D70: 7.9 | E70: 7.533 | F70: 6.7 | G70: 7 | H70: 17th | J70: 19th | K70: 8.4 | L70: 8 | M70: 8.867 | N70: 9.05 | O70: 9.433 | P70: 10.325 | Q70: Opp Hits/G
A71: HR/G | B71: 1.168 | C71: 1.167 | D71: 1.25 | E71: 1 | F71: 0.9 | G71: 1.4 | H71: 10th | J71: — | K71: — | L71: — | M71: — | N71: — | O71: — | P71: — | Q71: Opp HR/G
A72: Batter K/G | B72: 8.467 | C72: 9.2 | D72: 10 | E72: 10 | F72: 11 | G72: 11.6 | H72: 28th | J72: 29th | K72: 6.2 | L72: 8.3 | M72: 7.2 | N72: 7.1 | O72: 7.233 | P72: 6.876 | Q72: Opp Batter K/G
A73: 1st Inn R/G | B73: 0.395 | C73: 0.3 | D73: 0.25 | E73: 0.267 | F73: 0.3 | G73: 0.6 | H73: 11th | I73: ★★★ | J73: 27th | K73: 1.2 | L73: 0.7 | M73: 0.8 | N73: 0.7 | O73: 0.7 | P73: 0.882 | Q73: Opp 1st Inn R/G
