Workbook

Sheet Read Me
A1: 🎯 Project 54.7 — Daily Wager Workbook
A2: 52.4% pays the house. 54.7% pays you.
A5: Built | B5: 2026-06-28 14:08
A7: HOW IT WORKS
A8: 1. | B8: The model's win probability for every market is locked. It does not change when odds move.
A9: 2. | B9: Type the price YOUR sportsbook is showing into the yellow “✏ Your Odds” cells (American odds, e.g. -110 or +135).
A10: 3. | B10: Implied %, Your Edge (EV), the ¼-Kelly stake and the Verdict recompute instantly — in Excel or Google Sheets, offline.
A11: 4. | B11: Set your Bankroll and Kelly fraction once on the Settings tab; every stake on every tab follows it.
A12: 5. | B12: After a game, type the closing line into the ✏ Closing column on the Games tab — CLV % shows whether you beat the close (the earliest honest sign an edge is real).
A14: READING THE VERDICT
A15: Pass | B15: Model says there's no edge at your price — skip it.
A16: Thin | B16: Positive but below your min-edge threshold.
A17: ✅ Sharp band | B17: 2–6% EV — where the model's edge has actually held up (good closing-line value). The sweet spot.
A18: Strong | B18: 6–8% EV — bigger, rarer.
A19: ⚠ Verify | B19: 8%+ EV usually means a stale or oddball price, not free money. Double-check the line before trusting it.
A21: WHY EDIT YOUR OWN ODDS?
B22: Every other tool de-vigs a sharp book for you and locks the math in an app whose lines go stale. Here the number is yours, so nothing can be out of date — and the math is in front of you.
A24: THE DEAL | B24: Personal research. Not financial advice. No bankroll promises. If gambling stops being fun, stop — call 1-800-GAMBLER.
B25: We publish our losses too — see the Track Record tab. We tell you when to pass. The trigger is always yours.

Sheet Settings
A1: ⚙ Settings
A2: Bankroll ($) | B2: 1000
A3: Kelly fraction | B3: 0.25
A4: Min edge to flag (EV) | B4: 0.02
A5: Max stake (% of bankroll) | B5: 0.05
A7: Default ¼-Kelly is deliberate: full Kelly is mathematically optimal but brutal on variance, and edges are always overestimated. Quarter-Kelly keeps ~most of the growth at a fraction of the risk.

Sheet Top Plays
A1: ⭐ Top Plays — biggest model edges today
A2: Ranked at the posted price. Swap in your book's number and watch the edge update. Nothing here is a lock.
A4: Date | B4: Matchup | C4: Start | D4: Market | E4: Selection | F4: Model Win% | G4: Model Fair | H4: ✏ Your Odds | I4: Implied% | J4: Your Edge (EV) | K4: ¼-Kelly % | L4: Stake $ | M4: Verdict | N4: Model read | O4: ✏ Closing | P4: CLV %
A5: 2026-06-29 | B5: Cincinnati Reds @ Milwaukee Brewers | C5: 23:40 | D5: Spread | E5: Milwaukee Brewers -1.5 | F5: 0.48629787 | G5: 106 | H5: 135 | I5: =IF($H$5="","",IF($H$5<0,-$H$5/(-$H$5+100),100/($H$5+100))) | J5: =IF($H$5="","",$F$5*IF($H$5<0,-100/$H$5,$H$5/100)-(1-$F$5)) | K5: =IF($H$5="","",MAX(0,($F$5*IF($H$5<0,-100/$H$5,$H$5/100)-(1-$F$5))/IF($H$5<0,-100/$H$5,$H$5/100))*'Settings'!$B$3) | L5: =IF($H$5="","",ROUND(MIN($K$5,'Settings'!$B$5)*'Settings'!$B$2,2)) | M5: =IF($J$5="","",IF($J$5<0,"Pass",IF($J$5<'Settings'!$B$4,"Thin",IF($J$5<0.06,"✅ Sharp band",IF($J$5<0.08,"Strong","⚠ Verify (stale?)"))))) | N5: Model 48.6% (fair +106). Your call. | P5: =IF(OR($H$5="",$O$5=""),"",(1+IF($H$5<0,-100/$H$5,$H$5/100))/(1+IF($O$5<0,-100/$O$5,$O$5/100))-1)
A6: 2026-06-28 | B6: New York Liberty @ Golden State Valkyries | C6: 23:00 | D6: Total | E6: Over 165.5 | F6: 0.52419355 | G6: -110 | H6: 117 | I6: =IF($H$6="","",IF($H$6<0,-$H$6/(-$H$6+100),100/($H$6+100))) | J6: =IF($H$6="","",$F$6*IF($H$6<0,-100/$H$6,$H$6/100)-(1-$F$6)) | K6: =IF($H$6="","",MAX(0,($F$6*IF($H$6<0,-100/$H$6,$H$6/100)-(1-$F$6))/IF($H$6<0,-100/$H$6,$H$6/100))*'Settings'!$B$3) | L6: =IF($H$6="","",ROUND(MIN($K$6,'Settings'!$B$5)*'Settings'!$B$2,2)) | M6: =IF($J$6="","",IF($J$6<0,"Pass",IF($J$6<'Settings'!$B$4,"Thin",IF($J$6<0.06,"✅ Sharp band",IF($J$6<0.08,"Strong","⚠ Verify (stale?)"))))) | N6: Model 52.4% (fair -110). Your call. | P6: =IF(OR($H$6="",$O$6=""),"",(1+IF($H$6<0,-100/$H$6,$H$6/100))/(1+IF($O$6<0,-100/$O$6,$O$6/100))-1)
A7: 2026-06-28 | B7: Cincinnati Reds @ Pittsburgh Pirates | C7: 17:35 | D7: Moneyline | E7: Pittsburgh Pirates | F7: 0.63259427 | G7: -172 | H7: -127 | I7: =IF($H$7="","",IF($H$7<0,-$H$7/(-$H$7+100),100/($H$7+100))) | J7: =IF($H$7="","",$F$7*IF($H$7<0,-100/$H$7,$H$7/100)-(1-$F$7)) | K7: =IF($H$7="","",MAX(0,($F$7*IF($H$7<0,-100/$H$7,$H$7/100)-(1-$F$7))/IF($H$7<0,-100/$H$7,$H$7/100))*'Settings'!$B$3) | L7: =IF($H$7="","",ROUND(MIN($K$7,'Settings'!$B$5)*'Settings'!$B$2,2)) | M7: =IF($J$7="","",IF($J$7<0,"Pass",IF($J$7<'Settings'!$B$4,"Thin",IF($J$7<0.06,"✅ Sharp band",IF($J$7<0.08,"Strong","⚠ Verify (stale?)"))))) | N7: Model 63.3% (fair -172). Your call. | P7: =IF(OR($H$7="",$O$7=""),"",(1+IF($H$7<0,-100/$H$7,$H$7/100))/(1+IF($O$7<0,-100/$O$7,$O$7/100))-1)
A8: 2026-06-28 | B8: Chicago Cubs @ Milwaukee Brewers | C8: 18:10 | D8: Total | E8: Over 8.5 | F8: 0.54153846 | G8: -118 | H8: 108 | I8: =IF($H$8="","",IF($H$8<0,-$H$8/(-$H$8+100),100/($H$8+100))) | J8: =IF($H$8="","",$F$8*IF($H$8<0,-100/$H$8,$H$8/100)-(1-$F$8)) | K8: =IF($H$8="","",MAX(0,($F$8*IF($H$8<0,-100/$H$8,$H$8/100)-(1-$F$8))/IF($H$8<0,-100/$H$8,$H$8/100))*'Settings'!$B$3) | L8: =IF($H$8="","",ROUND(MIN($K$8,'Settings'!$B$5)*'Settings'!$B$2,2)) | M8: =IF($J$8="","",IF($J$8<0,"Pass",IF($J$8<'Settings'!$B$4,"Thin",IF($J$8<0.06,"✅ Sharp band",IF($J$8<0.08,"Strong","⚠ Verify (stale?)"))))) | N8: Model 54.2% (fair -118). Your call. | P8: =IF(OR($H$8="",$O$8=""),"",(1+IF($H$8<0,-100/$H$8,$H$8/100))/(1+IF($O$8<0,-100/$O$8,$O$8/100))-1)
A9: 2026-06-29 | B9: Pittsburgh Pirates @ Philadelphia Phillies | C9: 22:40 | D9: Moneyline | E9: Pittsburgh Pirates | F9: 0.5427451 | G9: -119 | H9: 104 | I9: =IF($H$9="","",IF($H$9<0,-$H$9/(-$H$9+100),100/($H$9+100))) | J9: =IF($H$9="","",$F$9*IF($H$9<0,-100/$H$9,$H$9/100)-(1-$F$9)) | K9: =IF($H$9="","",MAX(0,($F$9*IF($H$9<0,-100/$H$9,$H$9/100)-(1-$F$9))/IF($H$9<0,-100/$H$9,$H$9/100))*'Settings'!$B$3) | L9: =IF($H$9="","",ROUND(MIN($K$9,'Settings'!$B$5)*'Settings'!$B$2,2)) | M9: =IF($J$9="","",IF($J$9<0,"Pass",IF($J$9<'Settings'!$B$4,"Thin",IF($J$9<0.06,"✅ Sharp band",IF($J$9<0.08,"Strong","⚠ Verify (stale?)"))))) | N9: Model 54.3% (fair -119). Your call. | P9: =IF(OR($H$9="",$O$9=""),"",(1+IF($H$9<0,-100/$H$9,$H$9/100))/(1+IF($O$9<0,-100/$O$9,$O$9/100))-1)
A10: 2026-06-28 | B10: Seattle Mariners @ Cleveland Guardians | C10: 17:40 | D10: Moneyline | E10: Seattle Mariners | F10: 0.51488372 | G10: -106 | H10: 115 | I10: =IF($H$10="","",IF($H$10<0,-$H$10/(-$H$10+100),100/($H$10+100))) | J10: =IF($H$10="","",$F$10*IF($H$10<0,-100/$H$10,$H$10/100)-(1-$F$10)) | K10: =IF($H$10="","",MAX(0,($F$10*IF($H$10<0,-100/$H$10,$H$10/100)-(1-$F$10))/IF($H$10<0,-100/$H$10,$H$10/100))*'Settings'!$B$3) | L10: =IF($H$10="","",ROUND(MIN($K$10,'Settings'!$B$5)*'Settings'!$B$2,2)) | M10: =IF($J$10="","",IF($J$10<0,"Pass",IF($J$10<'Settings'!$B$4,"Thin",IF($J$10<0.06,"✅ Sharp band",IF($J$10<0.08,"Strong","⚠ Verify (stale?)"))))) | N10: Model 51.5% (fair -106). Your call. | P10: =IF(OR($H$10="",$O$10=""),"",(1+IF($H$10<0,-100/$H$10,$H$10/100))/(1+IF($O$10<0,-100/$O$10,$O$10/100))-1)
A11: 2026-06-29 | B11: Washington Nationals @ Boston Red Sox | C11: 23:10 | D11: Spread | E11: Boston Red Sox -1.5 | F11: 0.42438462 | G11: 136 | H11: 160 | I11: =IF($H$11="","",IF($H$11<0,-$H$11/(-$H$11+100),100/($H$11+100))) | J11: =IF($H$11="","",$F$11*IF($H$11<0,-100/$H$11,$H$11/100)-(1-$F$11)) | K11: =IF($H$11="","",MAX(0,($F$11*IF($H$11<0,-100/$H$11,$H$11/100)-(1-$F$11))/IF($H$11<0,-100/$H$11,$H$11/100))*'Settings'!$B$3) | L11: =IF($H$11="","",ROUND(MIN($K$11,'Settings'!$B$5)*'Settings'!$B$2,2)) | M11: =IF($J$11="","",IF($J$11<0,"Pass",IF($J$11<'Settings'!$B$4,"Thin",IF($J$11<0.06,"✅ Sharp band",IF($J$11<0.08,"Strong","⚠ Verify (stale?)"))))) | N11: Model 42.4% (fair +136). Your call. | P11: =IF(OR($H$11="",$O$11=""),"",(1+IF($H$11<0,-100/$H$11,$H$11/100))/(1+IF($O$11<0,-100/$O$11,$O$11/100))-1)
A12: 2026-06-29 | B12: Miami Marlins @ Colorado Rockies | C12: 00:40 | D12: Moneyline | E12: Colorado Rockies | F12: 0.4727897 | G12: 112 | H12: 133 | I12: =IF($H$12="","",IF($H$12<0,-$H$12/(-$H$12+100),100/($H$12+100))) | J12: =IF($H$12="","",$F$12*IF($H$12<0,-100/$H$12,$H$12/100)-(1-$F$12)) | K12: =IF($H$12="","",MAX(0,($F$12*IF($H$12<0,-100/$H$12,$H$12/100)-(1-$F$12))/IF($H$12<0,-100/$H$12,$H$12/100))*'Settings'!$B$3) | L12: =IF($H$12="","",ROUND(MIN($K$12,'Settings'!$B$5)*'Settings'!$B$2,2)) | M12: =IF($J$12="","",IF($J$12<0,"Pass",IF($J$12<'Settings'!$B$4,"Thin",IF($J$12<0.06,"✅ Sharp band",IF($J$12<0.08,"Strong","⚠ Verify (stale?)"))))) | N12: Model 47.3% (fair +112). Your call. | P12: =IF(OR($H$12="",$O$12=""),"",(1+IF($H$12<0,-100/$H$12,$H$12/100))/(1+IF($O$12<0,-100/$O$12,$O$12/100))-1)
A13: 2026-06-28 | B13: New York Liberty @ Golden State Valkyries | C13: 23:00 | D13: Moneyline | E13: Golden State Valkyries | F13: 0.59060737 | G13: -144 | H13: -117 | I13: =IF($H$13="","",IF($H$13<0,-$H$13/(-$H$13+100),100/($H$13+100))) | J13: =IF($H$13="","",$F$13*IF($H$13<0,-100/$H$13,$H$13/100)-(1-$F$13)) | K13: =IF($H$13="","",MAX(0,($F$13*IF($H$13<0,-100/$H$13,$H$13/100)-(1-$F$13))/IF($H$13<0,-100/$H$13,$H$13/100))*'Settings'!$B$3) | L13: =IF($H$13="","",ROUND(MIN($K$13,'Settings'!$B$5)*'Settings'!$B$2,2)) | M13: =IF($J$13="","",IF($J$13<0,"Pass",IF($J$13<'Settings'!$B$4,"Thin",IF($J$13<0.06,"✅ Sharp band",IF($J$13<0.08,"Strong","⚠ Verify (stale?)"))))) | N13: Model 59.1% (fair -144). Your call. | P13: =IF(OR($H$13="",$O$13=""),"",(1+IF($H$13<0,-100/$H$13,$H$13/100))/(1+IF($O$13<0,-100/$O$13,$O$13/100))-1)
A14: 2026-06-28 | B14: Arizona Diamondbacks @ Tampa Bay Rays | C14: 17:40 | D14: Moneyline | E14: Arizona Diamondbacks | F14: 0.37761404 | G14: 165 | H14: 185 | I14: =IF($H$14="","",IF($H$14<0,-$H$14/(-$H$14+100),100/($H$14+100))) | J14: =IF($H$14="","",$F$14*IF($H$14<0,-100/$H$14,$H$14/100)-(1-$F$14)) | K14: =IF($H$14="","",MAX(0,($F$14*IF($H$14<0,-100/$H$14,$H$14/100)-(1-$F$14))/IF($H$14<0,-100/$H$14,$H$14/100))*'Settings'!$B$3) | L14: =IF($H$14="","",ROUND(MIN($K$14,'Settings'!$B$5)*'Settings'!$B$2,2)) | M14: =IF($J$14="","",IF($J$14<0,"Pass",IF($J$14<'Settings'!$B$4,"Thin",IF($J$14<0.06,"✅ Sharp band",IF($J$14<0.08,"Strong","⚠ Verify (stale?)"))))) | N14: Model 37.8% (fair +165). Your call. | P14: =IF(OR($H$14="",$O$14=""),"",(1+IF($H$14<0,-100/$H$14,$H$14/100))/(1+IF($O$14<0,-100/$O$14,$O$14/100))-1)
A15: 2026-06-28 | B15: Colorado Rockies @ Minnesota Twins | C15: 18:10 | D15: Moneyline | E15: Colorado Rockies | F15: 0.4286 | G15: 133 | H15: 150 | I15: =IF($H$15="","",IF($H$15<0,-$H$15/(-$H$15+100),100/($H$15+100))) | J15: =IF($H$15="","",$F$15*IF($H$15<0,-100/$H$15,$H$15/100)-(1-$F$15)) | K15: =IF($H$15="","",MAX(0,($F$15*IF($H$15<0,-100/$H$15,$H$15/100)-(1-$F$15))/IF($H$15<0,-100/$H$15,$H$15/100))*'Settings'!$B$3) | L15: =IF($H$15="","",ROUND(MIN($K$15,'Settings'!$B$5)*'Settings'!$B$2,2)) | M15: =IF($J$15="","",IF($J$15<0,"Pass",IF($J$15<'Settings'!$B$4,"Thin",IF($J$15<0.06,"✅ Sharp band",IF($J$15<0.08,"Strong","⚠ Verify (stale?)"))))) | N15: Model 42.9% (fair +133). Your call. | P15: =IF(OR($H$15="",$O$15=""),"",(1+IF($H$15<0,-100/$H$15,$H$15/100))/(1+IF($O$15<0,-100/$O$15,$O$15/100))-1)
A16: 2026-06-28 | B16: Portland Fire @ Washington Mystics | C16: 19:00 | D16: Total | E16: Over 167.5 | F16: 0.5512 | G16: -123 | H16: -106 | I16: =IF($H$16="","",IF($H$16<0,-$H$16/(-$H$16+100),100/($H$16+100))) | J16: =IF($H$16="","",$F$16*IF($H$16<0,-100/$H$16,$H$16/100)-(1-$F$16)) | K16: =IF($H$16="","",MAX(0,($F$16*IF($H$16<0,-100/$H$16,$H$16/100)-(1-$F$16))/IF($H$16<0,-100/$H$16,$H$16/100))*'Settings'!$B$3) | L16: =IF($H$16="","",ROUND(MIN($K$16,'Settings'!$B$5)*'Settings'!$B$2,2)) | M16: =IF($J$16="","",IF($J$16<0,"Pass",IF($J$16<'Settings'!$B$4,"Thin",IF($J$16<0.06,"✅ Sharp band",IF($J$16<0.08,"Strong","⚠ Verify (stale?)"))))) | N16: Model 55.1% (fair -123). Your call. | P16: =IF(OR($H$16="",$O$16=""),"",(1+IF($H$16<0,-100/$H$16,$H$16/100))/(1+IF($O$16<0,-100/$O$16,$O$16/100))-1)
A17: 2026-06-29 | B17: Washington Nationals @ Boston Red Sox | C17: 23:10 | D17: Total | E17: Over 8.5 | F17: 0.57045349 | G17: -133 | H17: -115 | I17: =IF($H$17="","",IF($H$17<0,-$H$17/(-$H$17+100),100/($H$17+100))) | J17: =IF($H$17="","",$F$17*IF($H$17<0,-100/$H$17,$H$17/100)-(1-$F$17)) | K17: =IF($H$17="","",MAX(0,($F$17*IF($H$17<0,-100/$H$17,$H$17/100)-(1-$F$17))/IF($H$17<0,-100/$H$17,$H$17/100))*'Settings'!$B$3) | L17: =IF($H$17="","",ROUND(MIN($K$17,'Settings'!$B$5)*'Settings'!$B$2,2)) | M17: =IF($J$17="","",IF($J$17<0,"Pass",IF($J$17<'Settings'!$B$4,"Thin",IF($J$17<0.06,"✅ Sharp band",IF($J$17<0.08,"Strong","⚠ Verify (stale?)"))))) | N17: Model 57.0% (fair -133). Your call. | P17: =IF(OR($H$17="",$O$17=""),"",(1+IF($H$17<0,-100/$H$17,$H$17/100))/(1+IF($O$17<0,-100/$O$17,$O$17/100))-1)
A18: 2026-06-29 | B18: Detroit Tigers @ New York Yankees | C18: 23:05 | D18: Moneyline | E18: Detroit Tigers | F18: 0.45613734 | G18: 119 | H18: 133 | I18: =IF($H$18="","",IF($H$18<0,-$H$18/(-$H$18+100),100/($H$18+100))) | J18: =IF($H$18="","",$F$18*IF($H$18<0,-100/$H$18,$H$18/100)-(1-$F$18)) | K18: =IF($H$18="","",MAX(0,($F$18*IF($H$18<0,-100/$H$18,$H$18/100)-(1-$F$18))/IF($H$18<0,-100/$H$18,$H$18/100))*'Settings'!$B$3) | L18: =IF($H$18="","",ROUND(MIN($K$18,'Settings'!$B$5)*'Settings'!$B$2,2)) | M18: =IF($J$18="","",IF($J$18<0,"Pass",IF($J$18<'Settings'!$B$4,"Thin",IF($J$18<0.06,"✅ Sharp band",IF($J$18<0.08,"Strong","⚠ Verify (stale?)"))))) | N18: Model 45.6% (fair +119). Your call. | P18: =IF(OR($H$18="",$O$18=""),"",(1+IF($H$18<0,-100/$H$18,$H$18/100))/(1+IF($O$18<0,-100/$O$18,$O$18/100))-1)
A19: 2026-06-28 | B19: Texas Rangers @ Toronto Blue Jays | C19: 17:37 | D19: Moneyline | E19: Texas Rangers | F19: 0.48738532 | G19: 105 | H19: 118 | I19: =IF($H$19="","",IF($H$19<0,-$H$19/(-$H$19+100),100/($H$19+100))) | J19: =IF($H$19="","",$F$19*IF($H$19<0,-100/$H$19,$H$19/100)-(1-$F$19)) | K19: =IF($H$19="","",MAX(0,($F$19*IF($H$19<0,-100/$H$19,$H$19/100)-(1-$F$19))/IF($H$19<0,-100/$H$19,$H$19/100))*'Settings'!$B$3) | L19: =IF($H$19="","",ROUND(MIN($K$19,'Settings'!$B$5)*'Settings'!$B$2,2)) | M19: =IF($J$19="","",IF($J$19<0,"Pass",IF($J$19<'Settings'!$B$4,"Thin",IF($J$19<0.06,"✅ Sharp band",IF($J$19<0.08,"Strong","⚠ Verify (stale?)"))))) | N19: Model 48.7% (fair +105). Your call. | P19: =IF(OR($H$19="",$O$19=""),"",(1+IF($H$19<0,-100/$H$19,$H$19/100))/(1+IF($O$19<0,-100/$O$19,$O$19/100))-1)
A20: 2026-06-28 | B20: Washington Nationals @ Baltimore Orioles | C20: 17:35 | D20: Spread | E20: Baltimore Orioles -1.5 | F20: 0.50802885 | G20: -103 | H20: 108 | I20: =IF($H$20="","",IF($H$20<0,-$H$20/(-$H$20+100),100/($H$20+100))) | J20: =IF($H$20="","",$F$20*IF($H$20<0,-100/$H$20,$H$20/100)-(1-$F$20)) | K20: =IF($H$20="","",MAX(0,($F$20*IF($H$20<0,-100/$H$20,$H$20/100)-(1-$F$20))/IF($H$20<0,-100/$H$20,$H$20/100))*'Settings'!$B$3) | L20: =IF($H$20="","",ROUND(MIN($K$20,'Settings'!$B$5)*'Settings'!$B$2,2)) | M20: =IF($J$20="","",IF($J$20<0,"Pass",IF($J$20<'Settings'!$B$4,"Thin",IF($J$20<0.06,"✅ Sharp band",IF($J$20<0.08,"Strong","⚠ Verify (stale?)"))))) | N20: Model 50.8% (fair -103). Your call. | P20: =IF(OR($H$20="",$O$20=""),"",(1+IF($H$20<0,-100/$H$20,$H$20/100))/(1+IF($O$20<0,-100/$O$20,$O$20/100))-1)
A21: 2026-06-29 | B21: Texas Rangers @ Cleveland Guardians | C21: 23:10 | D21: Moneyline | E21: Texas Rangers | F21: 0.49384977 | G21: 102 | H21: 113 | I21: =IF($H$21="","",IF($H$21<0,-$H$21/(-$H$21+100),100/($H$21+100))) | J21: =IF($H$21="","",$F$21*IF($H$21<0,-100/$H$21,$H$21/100)-(1-$F$21)) | K21: =IF($H$21="","",MAX(0,($F$21*IF($H$21<0,-100/$H$21,$H$21/100)-(1-$F$21))/IF($H$21<0,-100/$H$21,$H$21/100))*'Settings'!$B$3) | L21: =IF($H$21="","",ROUND(MIN($K$21,'Settings'!$B$5)*'Settings'!$B$2,2)) | M21: =IF($J$21="","",IF($J$21<0,"Pass",IF($J$21<'Settings'!$B$4,"Thin",IF($J$21<0.06,"✅ Sharp band",IF($J$21<0.08,"Strong","⚠ Verify (stale?)"))))) | N21: Model 49.4% (fair +102). Your call. | P21: =IF(OR($H$21="",$O$21=""),"",(1+IF($H$21<0,-100/$H$21,$H$21/100))/(1+IF($O$21<0,-100/$O$21,$O$21/100))-1)
A22: 2026-06-28 | B22: Philadelphia Phillies @ New York Mets | C22: 17:40 | D22: Spread | E22: New York Mets +1.5 | F22: 0.55322254 | G22: -124 | H22: -113 | I22: =IF($H$22="","",IF($H$22<0,-$H$22/(-$H$22+100),100/($H$22+100))) | J22: =IF($H$22="","",$F$22*IF($H$22<0,-100/$H$22,$H$22/100)-(1-$F$22)) | K22: =IF($H$22="","",MAX(0,($F$22*IF($H$22<0,-100/$H$22,$H$22/100)-(1-$F$22))/IF($H$22<0,-100/$H$22,$H$22/100))*'Settings'!$B$3) | L22: =IF($H$22="","",ROUND(MIN($K$22,'Settings'!$B$5)*'Settings'!$B$2,2)) | M22: =IF($J$22="","",IF($J$22<0,"Pass",IF($J$22<'Settings'!$B$4,"Thin",IF($J$22<0.06,"✅ Sharp band",IF($J$22<0.08,"Strong","⚠ Verify (stale?)"))))) | N22: Model 55.3% (fair -124). Your call. | P22: =IF(OR($H$22="",$O$22=""),"",(1+IF($H$22<0,-100/$H$22,$H$22/100))/(1+IF($O$22<0,-100/$O$22,$O$22/100))-1)
A23: 2026-06-28 | B23: Minnesota Lynx @ Dallas Wings | C23: 18:00 | D23: Moneyline | E23: Minnesota Lynx | F23: 0.61465574 | G23: -160 | H23: -144 | I23: =IF($H$23="","",IF($H$23<0,-$H$23/(-$H$23+100),100/($H$23+100))) | J23: =IF($H$23="","",$F$23*IF($H$23<0,-100/$H$23,$H$23/100)-(1-$F$23)) | K23: =IF($H$23="","",MAX(0,($F$23*IF($H$23<0,-100/$H$23,$H$23/100)-(1-$F$23))/IF($H$23<0,-100/$H$23,$H$23/100))*'Settings'!$B$3) | L23: =IF($H$23="","",ROUND(MIN($K$23,'Settings'!$B$5)*'Settings'!$B$2,2)) | M23: =IF($J$23="","",IF($J$23<0,"Pass",IF($J$23<'Settings'!$B$4,"Thin",IF($J$23<0.06,"✅ Sharp band",IF($J$23<0.08,"Strong","⚠ Verify (stale?)"))))) | N23: Model 61.5% (fair -160). Your call. | P23: =IF(OR($H$23="",$O$23=""),"",(1+IF($H$23<0,-100/$H$23,$H$23/100))/(1+IF($O$23<0,-100/$O$23,$O$23/100))-1)
A24: 2026-06-29 | B24: Cincinnati Reds @ Milwaukee Brewers | C24: 23:40 | D24: Total | E24: Over 8.5 | F24: 0.54319048 | G24: -119 | H24: -110 | I24: =IF($H$24="","",IF($H$24<0,-$H$24/(-$H$24+100),100/($H$24+100))) | J24: =IF($H$24="","",$F$24*IF($H$24<0,-100/$H$24,$H$24/100)-(1-$F$24)) | K24: =IF($H$24="","",MAX(0,($F$24*IF($H$24<0,-100/$H$24,$H$24/100)-(1-$F$24))/IF($H$24<0,-100/$H$24,$H$24/100))*'Settings'!$B$3) | L24: =IF($H$24="","",ROUND(MIN($K$24,'Settings'!$B$5)*'Settings'!$B$2,2)) | M24: =IF($J$24="","",IF($J$24<0,"Pass",IF($J$24<'Settings'!$B$4,"Thin",IF($J$24<0.06,"✅ Sharp band",IF($J$24<0.08,"Strong","⚠ Verify (stale?)"))))) | N24: Model 54.3% (fair -119). Your call. | P24: =IF(OR($H$24="",$O$24=""),"",(1+IF($H$24<0,-100/$H$24,$H$24/100))/(1+IF($O$24<0,-100/$O$24,$O$24/100))-1)
A25: 2026-06-28 | B25: Kansas City Royals @ Chicago White Sox | C25: 18:10 | D25: Moneyline | E25: Chicago White Sox | F25: 0.57798987 | G25: -137 | H25: -127 | I25: =IF($H$25="","",IF($H$25<0,-$H$25/(-$H$25+100),100/($H$25+100))) | J25: =IF($H$25="","",$F$25*IF($H$25<0,-100/$H$25,$H$25/100)-(1-$F$25)) | K25: =IF($H$25="","",MAX(0,($F$25*IF($H$25<0,-100/$H$25,$H$25/100)-(1-$F$25))/IF($H$25<0,-100/$H$25,$H$25/100))*'Settings'!$B$3) | L25: =IF($H$25="","",ROUND(MIN($K$25,'Settings'!$B$5)*'Settings'!$B$2,2)) | M25: =IF($J$25="","",IF($J$25<0,"Pass",IF($J$25<'Settings'!$B$4,"Thin",IF($J$25<0.06,"✅ Sharp band",IF($J$25<0.08,"Strong","⚠ Verify (stale?)"))))) | N25: Model 57.8% (fair -137). Your call. | P25: =IF(OR($H$25="",$O$25=""),"",(1+IF($H$25<0,-100/$H$25,$H$25/100))/(1+IF($O$25<0,-100/$O$25,$O$25/100))-1)
A26: 2026-06-29 | B26: Pittsburgh Pirates @ Philadelphia Phillies | C26: 22:40 | D26: Spread | E26: Pittsburgh Pirates -1.5 | F26: 0.43020833 | G26: 132 | H26: 140 | I26: =IF($H$26="","",IF($H$26<0,-$H$26/(-$H$26+100),100/($H$26+100))) | J26: =IF($H$26="","",$F$26*IF($H$26<0,-100/$H$26,$H$26/100)-(1-$F$26)) | K26: =IF($H$26="","",MAX(0,($F$26*IF($H$26<0,-100/$H$26,$H$26/100)-(1-$F$26))/IF($H$26<0,-100/$H$26,$H$26/100))*'Settings'!$B$3) | L26: =IF($H$26="","",ROUND(MIN($K$26,'Settings'!$B$5)*'Settings'!$B$2,2)) | M26: =IF($J$26="","",IF($J$26<0,"Pass",IF($J$26<'Settings'!$B$4,"Thin",IF($J$26<0.06,"✅ Sharp band",IF($J$26<0.08,"Strong","⚠ Verify (stale?)"))))) | N26: Model 43.0% (fair +132). Your call. | P26: =IF(OR($H$26="",$O$26=""),"",(1+IF($H$26<0,-100/$H$26,$H$26/100))/(1+IF($O$26<0,-100/$O$26,$O$26/100))-1)
A27: 2026-06-28 | B27: Portland Fire @ Washington Mystics | C27: 19:00 | D27: Moneyline | E27: Portland Fire | F27: 0.29921739 | G27: 234 | H27: 245 | I27: =IF($H$27="","",IF($H$27<0,-$H$27/(-$H$27+100),100/($H$27+100))) | J27: =IF($H$27="","",$F$27*IF($H$27<0,-100/$H$27,$H$27/100)-(1-$F$27)) | K27: =IF($H$27="","",MAX(0,($F$27*IF($H$27<0,-100/$H$27,$H$27/100)-(1-$F$27))/IF($H$27<0,-100/$H$27,$H$27/100))*'Settings'!$B$3) | L27: =IF($H$27="","",ROUND(MIN($K$27,'Settings'!$B$5)*'Settings'!$B$2,2)) | M27: =IF($J$27="","",IF($J$27<0,"Pass",IF($J$27<'Settings'!$B$4,"Thin",IF($J$27<0.06,"✅ Sharp band",IF($J$27<0.08,"Strong","⚠ Verify (stale?)"))))) | N27: Model 29.9% (fair +234). Your call. | P27: =IF(OR($H$27="",$O$27=""),"",(1+IF($H$27<0,-100/$H$27,$H$27/100))/(1+IF($O$27<0,-100/$O$27,$O$27/100))-1)
A28: 2026-06-29 | B28: New York Mets @ Toronto Blue Jays | C28: 23:07 | D28: Moneyline | E28: New York Mets | F28: 0.49456731 | G28: 102 | H28: 108 | I28: =IF($H$28="","",IF($H$28<0,-$H$28/(-$H$28+100),100/($H$28+100))) | J28: =IF($H$28="","",$F$28*IF($H$28<0,-100/$H$28,$H$28/100)-(1-$F$28)) | K28: =IF($H$28="","",MAX(0,($F$28*IF($H$28<0,-100/$H$28,$H$28/100)-(1-$F$28))/IF($H$28<0,-100/$H$28,$H$28/100))*'Settings'!$B$3) | L28: =IF($H$28="","",ROUND(MIN($K$28,'Settings'!$B$5)*'Settings'!$B$2,2)) | M28: =IF($J$28="","",IF($J$28<0,"Pass",IF($J$28<'Settings'!$B$4,"Thin",IF($J$28<0.06,"✅ Sharp band",IF($J$28<0.08,"Strong","⚠ Verify (stale?)"))))) | N28: Model 49.5% (fair +102). Your call. | P28: =IF(OR($H$28="",$O$28=""),"",(1+IF($H$28<0,-100/$H$28,$H$28/100))/(1+IF($O$28<0,-100/$O$28,$O$28/100))-1)
A29: 2026-06-29 | B29: Pittsburgh Pirates @ Philadelphia Phillies | C29: 22:40 | D29: Total | E29: Over 8.5 | F29: 0.53753333 | G29: -116 | H29: -110 | I29: =IF($H$29="","",IF($H$29<0,-$H$29/(-$H$29+100),100/($H$29+100))) | J29: =IF($H$29="","",$F$29*IF($H$29<0,-100/$H$29,$H$29/100)-(1-$F$29)) | K29: =IF($H$29="","",MAX(0,($F$29*IF($H$29<0,-100/$H$29,$H$29/100)-(1-$F$29))/IF($H$29<0,-100/$H$29,$H$29/100))*'Settings'!$B$3) | L29: =IF($H$29="","",ROUND(MIN($K$29,'Settings'!$B$5)*'Settings'!$B$2,2)) | M29: =IF($J$29="","",IF($J$29<0,"Pass",IF($J$29<'Settings'!$B$4,"Thin",IF($J$29<0.06,"✅ Sharp band",IF($J$29<0.08,"Strong","⚠ Verify (stale?)"))))) | N29: Model 53.8% (fair -116). Your call. | P29: =IF(OR($H$29="",$O$29=""),"",(1+IF($H$29<0,-100/$H$29,$H$29/100))/(1+IF($O$29<0,-100/$O$29,$O$29/100))-1)

Sheet MLB Games
A1: MLB — game markets
A2: Moneyline · Total · Spread. Yellow = your price.
A4: Date | B4: Matchup | C4: Start | D4: Market | E4: Selection | F4: Model Win% | G4: Model Fair | H4: ✏ Your Odds | I4: Implied% | J4: Your Edge (EV) | K4: ¼-Kelly % | L4: Stake $ | M4: Verdict | N4: Model read | O4: ✏ Closing | P4: CLV %
A5: 2026-06-28 | B5: Washington Nationals @ Baltimore Orioles | C5: 17:35 | D5: Moneyline | E5: Washington Nationals | F5: 0.34545455 | G5: 189 | H5: 186 | I5: =IF($H$5="","",IF($H$5<0,-$H$5/(-$H$5+100),100/($H$5+100))) | J5: =IF($H$5="","",$F$5*IF($H$5<0,-100/$H$5,$H$5/100)-(1-$F$5)) | K5: =IF($H$5="","",MAX(0,($F$5*IF($H$5<0,-100/$H$5,$H$5/100)-(1-$F$5))/IF($H$5<0,-100/$H$5,$H$5/100))*'Settings'!$B$3) | L5: =IF($H$5="","",ROUND(MIN($K$5,'Settings'!$B$5)*'Settings'!$B$2,2)) | M5: =IF($J$5="","",IF($J$5<0,"Pass",IF($J$5<'Settings'!$B$4,"Thin",IF($J$5<0.06,"✅ Sharp band",IF($J$5<0.08,"Strong","⚠ Verify (stale?)"))))) | N5: Model 34.5% (fair +189). Your call. | P5: =IF(OR($H$5="",$O$5=""),"",(1+IF($H$5<0,-100/$H$5,$H$5/100))/(1+IF($O$5<0,-100/$O$5,$O$5/100))-1)
A6: 2026-06-28 | B6: Washington Nationals @ Baltimore Orioles | C6: 17:35 | D6: Moneyline | E6: Baltimore Orioles | F6: 0.65456619 | G6: -189 | H6: -178 | I6: =IF($H$6="","",IF($H$6<0,-$H$6/(-$H$6+100),100/($H$6+100))) | J6: =IF($H$6="","",$F$6*IF($H$6<0,-100/$H$6,$H$6/100)-(1-$F$6)) | K6: =IF($H$6="","",MAX(0,($F$6*IF($H$6<0,-100/$H$6,$H$6/100)-(1-$F$6))/IF($H$6<0,-100/$H$6,$H$6/100))*'Settings'!$B$3) | L6: =IF($H$6="","",ROUND(MIN($K$6,'Settings'!$B$5)*'Settings'!$B$2,2)) | M6: =IF($J$6="","",IF($J$6<0,"Pass",IF($J$6<'Settings'!$B$4,"Thin",IF($J$6<0.06,"✅ Sharp band",IF($J$6<0.08,"Strong","⚠ Verify (stale?)"))))) | N6: Model 65.5% (fair -189). Your call. | P6: =IF(OR($H$6="",$O$6=""),"",(1+IF($H$6<0,-100/$H$6,$H$6/100))/(1+IF($O$6<0,-100/$O$6,$O$6/100))-1)
A7: 2026-06-28 | B7: Washington Nationals @ Baltimore Orioles | C7: 17:35 | D7: Total | E7: Over 10 | F7: 0.5276 | G7: -112 | H7: 127 | I7: =IF($H$7="","",IF($H$7<0,-$H$7/(-$H$7+100),100/($H$7+100))) | J7: =IF($H$7="","",$F$7*IF($H$7<0,-100/$H$7,$H$7/100)-(1-$F$7)) | K7: =IF($H$7="","",MAX(0,($F$7*IF($H$7<0,-100/$H$7,$H$7/100)-(1-$F$7))/IF($H$7<0,-100/$H$7,$H$7/100))*'Settings'!$B$3) | L7: =IF($H$7="","",ROUND(MIN($K$7,'Settings'!$B$5)*'Settings'!$B$2,2)) | M7: =IF($J$7="","",IF($J$7<0,"Pass",IF($J$7<'Settings'!$B$4,"Thin",IF($J$7<0.06,"✅ Sharp band",IF($J$7<0.08,"Strong","⚠ Verify (stale?)"))))) | N7: Model 52.8% (fair -112). Your call. | P7: =IF(OR($H$7="",$O$7=""),"",(1+IF($H$7<0,-100/$H$7,$H$7/100))/(1+IF($O$7<0,-100/$O$7,$O$7/100))-1)
A8: 2026-06-28 | B8: Washington Nationals @ Baltimore Orioles | C8: 17:35 | D8: Total | E8: Under 10 | F8: 0.4724 | G8: 112 | H8: -108 | I8: =IF($H$8="","",IF($H$8<0,-$H$8/(-$H$8+100),100/($H$8+100))) | J8: =IF($H$8="","",$F$8*IF($H$8<0,-100/$H$8,$H$8/100)-(1-$F$8)) | K8: =IF($H$8="","",MAX(0,($F$8*IF($H$8<0,-100/$H$8,$H$8/100)-(1-$F$8))/IF($H$8<0,-100/$H$8,$H$8/100))*'Settings'!$B$3) | L8: =IF($H$8="","",ROUND(MIN($K$8,'Settings'!$B$5)*'Settings'!$B$2,2)) | M8: =IF($J$8="","",IF($J$8<0,"Pass",IF($J$8<'Settings'!$B$4,"Thin",IF($J$8<0.06,"✅ Sharp band",IF($J$8<0.08,"Strong","⚠ Verify (stale?)"))))) | N8: Model 47.2% (fair +112). Your call. | P8: =IF(OR($H$8="",$O$8=""),"",(1+IF($H$8<0,-100/$H$8,$H$8/100))/(1+IF($O$8<0,-100/$O$8,$O$8/100))-1)
A9: 2026-06-28 | B9: Washington Nationals @ Baltimore Orioles | C9: 17:35 | D9: Spread | E9: Baltimore Orioles -1.5 | F9: 0.50802885 | G9: -103 | H9: 108 | I9: =IF($H$9="","",IF($H$9<0,-$H$9/(-$H$9+100),100/($H$9+100))) | J9: =IF($H$9="","",$F$9*IF($H$9<0,-100/$H$9,$H$9/100)-(1-$F$9)) | K9: =IF($H$9="","",MAX(0,($F$9*IF($H$9<0,-100/$H$9,$H$9/100)-(1-$F$9))/IF($H$9<0,-100/$H$9,$H$9/100))*'Settings'!$B$3) | L9: =IF($H$9="","",ROUND(MIN($K$9,'Settings'!$B$5)*'Settings'!$B$2,2)) | M9: =IF($J$9="","",IF($J$9<0,"Pass",IF($J$9<'Settings'!$B$4,"Thin",IF($J$9<0.06,"✅ Sharp band",IF($J$9<0.08,"Strong","⚠ Verify (stale?)"))))) | N9: Model 50.8% (fair -103). Your call. | P9: =IF(OR($H$9="",$O$9=""),"",(1+IF($H$9<0,-100/$H$9,$H$9/100))/(1+IF($O$9<0,-100/$O$9,$O$9/100))-1)
A10: 2026-06-28 | B10: Washington Nationals @ Baltimore Orioles | C10: 17:35 | D10: Spread | E10: Washington Nationals +1.5 | F10: 0.4919619 | G10: 103 | H10: -110 | I10: =IF($H$10="","",IF($H$10<0,-$H$10/(-$H$10+100),100/($H$10+100))) | J10: =IF($H$10="","",$F$10*IF($H$10<0,-100/$H$10,$H$10/100)-(1-$F$10)) | K10: =IF($H$10="","",MAX(0,($F$10*IF($H$10<0,-100/$H$10,$H$10/100)-(1-$F$10))/IF($H$10<0,-100/$H$10,$H$10/100))*'Settings'!$B$3) | L10: =IF($H$10="","",ROUND(MIN($K$10,'Settings'!$B$5)*'Settings'!$B$2,2)) | M10: =IF($J$10="","",IF($J$10<0,"Pass",IF($J$10<'Settings'!$B$4,"Thin",IF($J$10<0.06,"✅ Sharp band",IF($J$10<0.08,"Strong","⚠ Verify (stale?)"))))) | N10: Model 49.2% (fair +103). Your call. | P10: =IF(OR($H$10="",$O$10=""),"",(1+IF($H$10<0,-100/$H$10,$H$10/100))/(1+IF($O$10<0,-100/$O$10,$O$10/100))-1)
A11: 2026-06-28 | B11: Cincinnati Reds @ Pittsburgh Pirates | C11: 17:35 | D11: Moneyline | E11: Cincinnati Reds | F11: 0.36740088 | G11: 172 | H11: 127 | I11: =IF($H$11="","",IF($H$11<0,-$H$11/(-$H$11+100),100/($H$11+100))) | J11: =IF($H$11="","",$F$11*IF($H$11<0,-100/$H$11,$H$11/100)-(1-$F$11)) | K11: =IF($H$11="","",MAX(0,($F$11*IF($H$11<0,-100/$H$11,$H$11/100)-(1-$F$11))/IF($H$11<0,-100/$H$11,$H$11/100))*'Settings'!$B$3) | L11: =IF($H$11="","",ROUND(MIN($K$11,'Settings'!$B$5)*'Settings'!$B$2,2)) | M11: =IF($J$11="","",IF($J$11<0,"Pass",IF($J$11<'Settings'!$B$4,"Thin",IF($J$11<0.06,"✅ Sharp band",IF($J$11<0.08,"Strong","⚠ Verify (stale?)"))))) | N11: Model 36.7% (fair +172). Your call. | P11: =IF(OR($H$11="",$O$11=""),"",(1+IF($H$11<0,-100/$H$11,$H$11/100))/(1+IF($O$11<0,-100/$O$11,$O$11/100))-1)
A12: 2026-06-28 | B12: Cincinnati Reds @ Pittsburgh Pirates | C12: 17:35 | D12: Moneyline | E12: Pittsburgh Pirates | F12: 0.63259427 | G12: -172 | H12: -127 | I12: =IF($H$12="","",IF($H$12<0,-$H$12/(-$H$12+100),100/($H$12+100))) | J12: =IF($H$12="","",$F$12*IF($H$12<0,-100/$H$12,$H$12/100)-(1-$F$12)) | K12: =IF($H$12="","",MAX(0,($F$12*IF($H$12<0,-100/$H$12,$H$12/100)-(1-$F$12))/IF($H$12<0,-100/$H$12,$H$12/100))*'Settings'!$B$3) | L12: =IF($H$12="","",ROUND(MIN($K$12,'Settings'!$B$5)*'Settings'!$B$2,2)) | M12: =IF($J$12="","",IF($J$12<0,"Pass",IF($J$12<'Settings'!$B$4,"Thin",IF($J$12<0.06,"✅ Sharp band",IF($J$12<0.08,"Strong","⚠ Verify (stale?)"))))) | N12: Model 63.3% (fair -172). Your call. | P12: =IF(OR($H$12="",$O$12=""),"",(1+IF($H$12<0,-100/$H$12,$H$12/100))/(1+IF($O$12<0,-100/$O$12,$O$12/100))-1)
A13: 2026-06-28 | B13: Cincinnati Reds @ Pittsburgh Pirates | C13: 17:35 | D13: Total | E13: Over 9.5 | F13: 0.5379 | G13: -116 | H13: 117 | I13: =IF($H$13="","",IF($H$13<0,-$H$13/(-$H$13+100),100/($H$13+100))) | J13: =IF($H$13="","",$F$13*IF($H$13<0,-100/$H$13,$H$13/100)-(1-$F$13)) | K13: =IF($H$13="","",MAX(0,($F$13*IF($H$13<0,-100/$H$13,$H$13/100)-(1-$F$13))/IF($H$13<0,-100/$H$13,$H$13/100))*'Settings'!$B$3) | L13: =IF($H$13="","",ROUND(MIN($K$13,'Settings'!$B$5)*'Settings'!$B$2,2)) | M13: =IF($J$13="","",IF($J$13<0,"Pass",IF($J$13<'Settings'!$B$4,"Thin",IF($J$13<0.06,"✅ Sharp band",IF($J$13<0.08,"Strong","⚠ Verify (stale?)"))))) | N13: Model 53.8% (fair -116). Your call. | P13: =IF(OR($H$13="",$O$13=""),"",(1+IF($H$13<0,-100/$H$13,$H$13/100))/(1+IF($O$13<0,-100/$O$13,$O$13/100))-1)
A14: 2026-06-28 | B14: Cincinnati Reds @ Pittsburgh Pirates | C14: 17:35 | D14: Total | E14: Under 9.5 | F14: 0.4621 | G14: 116 | H14: 128 | I14: =IF($H$14="","",IF($H$14<0,-$H$14/(-$H$14+100),100/($H$14+100))) | J14: =IF($H$14="","",$F$14*IF($H$14<0,-100/$H$14,$H$14/100)-(1-$F$14)) | K14: =IF($H$14="","",MAX(0,($F$14*IF($H$14<0,-100/$H$14,$H$14/100)-(1-$F$14))/IF($H$14<0,-100/$H$14,$H$14/100))*'Settings'!$B$3) | L14: =IF($H$14="","",ROUND(MIN($K$14,'Settings'!$B$5)*'Settings'!$B$2,2)) | M14: =IF($J$14="","",IF($J$14<0,"Pass",IF($J$14<'Settings'!$B$4,"Thin",IF($J$14<0.06,"✅ Sharp band",IF($J$14<0.08,"Strong","⚠ Verify (stale?)"))))) | N14: Model 46.2% (fair +116). Your call. | P14: =IF(OR($H$14="",$O$14=""),"",(1+IF($H$14<0,-100/$H$14,$H$14/100))/(1+IF($O$14<0,-100/$O$14,$O$14/100))-1)
A15: 2026-06-28 | B15: Cincinnati Reds @ Pittsburgh Pirates | C15: 17:35 | D15: Spread | E15: Pittsburgh Pirates -1.5 | F15: 0.577 | G15: -136 | H15: 160 | I15: =IF($H$15="","",IF($H$15<0,-$H$15/(-$H$15+100),100/($H$15+100))) | J15: =IF($H$15="","",$F$15*IF($H$15<0,-100/$H$15,$H$15/100)-(1-$F$15)) | K15: =IF($H$15="","",MAX(0,($F$15*IF($H$15<0,-100/$H$15,$H$15/100)-(1-$F$15))/IF($H$15<0,-100/$H$15,$H$15/100))*'Settings'!$B$3) | L15: =IF($H$15="","",ROUND(MIN($K$15,'Settings'!$B$5)*'Settings'!$B$2,2)) | M15: =IF($J$15="","",IF($J$15<0,"Pass",IF($J$15<'Settings'!$B$4,"Thin",IF($J$15<0.06,"✅ Sharp band",IF($J$15<0.08,"Strong","⚠ Verify (stale?)"))))) | N15: Model 57.7% (fair -136). Your call. | P15: =IF(OR($H$15="",$O$15=""),"",(1+IF($H$15<0,-100/$H$15,$H$15/100))/(1+IF($O$15<0,-100/$O$15,$O$15/100))-1)
A16: 2026-06-28 | B16: Cincinnati Reds @ Pittsburgh Pirates | C16: 17:35 | D16: Spread | E16: Cincinnati Reds +1.5 | F16: 0.423 | G16: 136 | H16: -117 | I16: =IF($H$16="","",IF($H$16<0,-$H$16/(-$H$16+100),100/($H$16+100))) | J16: =IF($H$16="","",$F$16*IF($H$16<0,-100/$H$16,$H$16/100)-(1-$F$16)) | K16: =IF($H$16="","",MAX(0,($F$16*IF($H$16<0,-100/$H$16,$H$16/100)-(1-$F$16))/IF($H$16<0,-100/$H$16,$H$16/100))*'Settings'!$B$3) | L16: =IF($H$16="","",ROUND(MIN($K$16,'Settings'!$B$5)*'Settings'!$B$2,2)) | M16: =IF($J$16="","",IF($J$16<0,"Pass",IF($J$16<'Settings'!$B$4,"Thin",IF($J$16<0.06,"✅ Sharp band",IF($J$16<0.08,"Strong","⚠ Verify (stale?)"))))) | N16: Model 42.3% (fair +136). Your call. | P16: =IF(OR($H$16="",$O$16=""),"",(1+IF($H$16<0,-100/$H$16,$H$16/100))/(1+IF($O$16<0,-100/$O$16,$O$16/100))-1)
A17: 2026-06-28 | B17: Texas Rangers @ Toronto Blue Jays | C17: 17:37 | D17: Moneyline | E17: Texas Rangers | F17: 0.48738532 | G17: 105 | H17: 118 | I17: =IF($H$17="","",IF($H$17<0,-$H$17/(-$H$17+100),100/($H$17+100))) | J17: =IF($H$17="","",$F$17*IF($H$17<0,-100/$H$17,$H$17/100)-(1-$F$17)) | K17: =IF($H$17="","",MAX(0,($F$17*IF($H$17<0,-100/$H$17,$H$17/100)-(1-$F$17))/IF($H$17<0,-100/$H$17,$H$17/100))*'Settings'!$B$3) | L17: =IF($H$17="","",ROUND(MIN($K$17,'Settings'!$B$5)*'Settings'!$B$2,2)) | M17: =IF($J$17="","",IF($J$17<0,"Pass",IF($J$17<'Settings'!$B$4,"Thin",IF($J$17<0.06,"✅ Sharp band",IF($J$17<0.08,"Strong","⚠ Verify (stale?)"))))) | N17: Model 48.7% (fair +105). Your call. | P17: =IF(OR($H$17="",$O$17=""),"",(1+IF($H$17<0,-100/$H$17,$H$17/100))/(1+IF($O$17<0,-100/$O$17,$O$17/100))-1)
A18: 2026-06-28 | B18: Texas Rangers @ Toronto Blue Jays | C18: 17:37 | D18: Moneyline | E18: Toronto Blue Jays | F18: 0.51261818 | G18: -105 | H18: -120 | I18: =IF($H$18="","",IF($H$18<0,-$H$18/(-$H$18+100),100/($H$18+100))) | J18: =IF($H$18="","",$F$18*IF($H$18<0,-100/$H$18,$H$18/100)-(1-$F$18)) | K18: =IF($H$18="","",MAX(0,($F$18*IF($H$18<0,-100/$H$18,$H$18/100)-(1-$F$18))/IF($H$18<0,-100/$H$18,$H$18/100))*'Settings'!$B$3) | L18: =IF($H$18="","",ROUND(MIN($K$18,'Settings'!$B$5)*'Settings'!$B$2,2)) | M18: =IF($J$18="","",IF($J$18<0,"Pass",IF($J$18<'Settings'!$B$4,"Thin",IF($J$18<0.06,"✅ Sharp band",IF($J$18<0.08,"Strong","⚠ Verify (stale?)"))))) | N18: Model 51.3% (fair -105). Your call. | P18: =IF(OR($H$18="",$O$18=""),"",(1+IF($H$18<0,-100/$H$18,$H$18/100))/(1+IF($O$18<0,-100/$O$18,$O$18/100))-1)
A19: 2026-06-28 | B19: Texas Rangers @ Toronto Blue Jays | C19: 17:37 | D19: Total | E19: Over 9 | F19: 0.4591 | G19: 118 | H19: 104 | I19: =IF($H$19="","",IF($H$19<0,-$H$19/(-$H$19+100),100/($H$19+100))) | J19: =IF($H$19="","",$F$19*IF($H$19<0,-100/$H$19,$H$19/100)-(1-$F$19)) | K19: =IF($H$19="","",MAX(0,($F$19*IF($H$19<0,-100/$H$19,$H$19/100)-(1-$F$19))/IF($H$19<0,-100/$H$19,$H$19/100))*'Settings'!$B$3) | L19: =IF($H$19="","",ROUND(MIN($K$19,'Settings'!$B$5)*'Settings'!$B$2,2)) | M19: =IF($J$19="","",IF($J$19<0,"Pass",IF($J$19<'Settings'!$B$4,"Thin",IF($J$19<0.06,"✅ Sharp band",IF($J$19<0.08,"Strong","⚠ Verify (stale?)"))))) | N19: Model 45.9% (fair +118). Your call. | P19: =IF(OR($H$19="",$O$19=""),"",(1+IF($H$19<0,-100/$H$19,$H$19/100))/(1+IF($O$19<0,-100/$O$19,$O$19/100))-1)
A20: 2026-06-28 | B20: Texas Rangers @ Toronto Blue Jays | C20: 17:37 | D20: Total | E20: Under 9 | F20: 0.5409 | G20: -118 | H20: 117 | I20: =IF($H$20="","",IF($H$20<0,-$H$20/(-$H$20+100),100/($H$20+100))) | J20: =IF($H$20="","",$F$20*IF($H$20<0,-100/$H$20,$H$20/100)-(1-$F$20)) | K20: =IF($H$20="","",MAX(0,($F$20*IF($H$20<0,-100/$H$20,$H$20/100)-(1-$F$20))/IF($H$20<0,-100/$H$20,$H$20/100))*'Settings'!$B$3) | L20: =IF($H$20="","",ROUND(MIN($K$20,'Settings'!$B$5)*'Settings'!$B$2,2)) | M20: =IF($J$20="","",IF($J$20<0,"Pass",IF($J$20<'Settings'!$B$4,"Thin",IF($J$20<0.06,"✅ Sharp band",IF($J$20<0.08,"Strong","⚠ Verify (stale?)"))))) | N20: Model 54.1% (fair -118). Your call. | P20: =IF(OR($H$20="",$O$20=""),"",(1+IF($H$20<0,-100/$H$20,$H$20/100))/(1+IF($O$20<0,-100/$O$20,$O$20/100))-1)
A21: 2026-06-28 | B21: Texas Rangers @ Toronto Blue Jays | C21: 17:37 | D21: Spread | E21: Toronto Blue Jays -1.5 | F21: 0.3575 | G21: 180 | H21: 174 | I21: =IF($H$21="","",IF($H$21<0,-$H$21/(-$H$21+100),100/($H$21+100))) | J21: =IF($H$21="","",$F$21*IF($H$21<0,-100/$H$21,$H$21/100)-(1-$F$21)) | K21: =IF($H$21="","",MAX(0,($F$21*IF($H$21<0,-100/$H$21,$H$21/100)-(1-$F$21))/IF($H$21<0,-100/$H$21,$H$21/100))*'Settings'!$B$3) | L21: =IF($H$21="","",ROUND(MIN($K$21,'Settings'!$B$5)*'Settings'!$B$2,2)) | M21: =IF($J$21="","",IF($J$21<0,"Pass",IF($J$21<'Settings'!$B$4,"Thin",IF($J$21<0.06,"✅ Sharp band",IF($J$21<0.08,"Strong","⚠ Verify (stale?)"))))) | N21: Model 35.8% (fair +180). Your call. | P21: =IF(OR($H$21="",$O$21=""),"",(1+IF($H$21<0,-100/$H$21,$H$21/100))/(1+IF($O$21<0,-100/$O$21,$O$21/100))-1)
A22: 2026-06-28 | B22: Texas Rangers @ Toronto Blue Jays | C22: 17:37 | D22: Spread | E22: Texas Rangers +1.5 | F22: 0.6425 | G22: -180 | H22: 163 | I22: =IF($H$22="","",IF($H$22<0,-$H$22/(-$H$22+100),100/($H$22+100))) | J22: =IF($H$22="","",$F$22*IF($H$22<0,-100/$H$22,$H$22/100)-(1-$F$22)) | K22: =IF($H$22="","",MAX(0,($F$22*IF($H$22<0,-100/$H$22,$H$22/100)-(1-$F$22))/IF($H$22<0,-100/$H$22,$H$22/100))*'Settings'!$B$3) | L22: =IF($H$22="","",ROUND(MIN($K$22,'Settings'!$B$5)*'Settings'!$B$2,2)) | M22: =IF($J$22="","",IF($J$22<0,"Pass",IF($J$22<'Settings'!$B$4,"Thin",IF($J$22<0.06,"✅ Sharp band",IF($J$22<0.08,"Strong","⚠ Verify (stale?)"))))) | N22: Model 64.2% (fair -180). Your call. | P22: =IF(OR($H$22="",$O$22=""),"",(1+IF($H$22<0,-100/$H$22,$H$22/100))/(1+IF($O$22<0,-100/$O$22,$O$22/100))-1)
A23: 2026-06-28 | B23: Houston Astros @ Detroit Tigers | C23: 17:40 | D23: Moneyline | E23: Houston Astros | F23: 0.51095 | G23: -104 | H23: 100 | I23: =IF($H$23="","",IF($H$23<0,-$H$23/(-$H$23+100),100/($H$23+100))) | J23: =IF($H$23="","",$F$23*IF($H$23<0,-100/$H$23,$H$23/100)-(1-$F$23)) | K23: =IF($H$23="","",MAX(0,($F$23*IF($H$23<0,-100/$H$23,$H$23/100)-(1-$F$23))/IF($H$23<0,-100/$H$23,$H$23/100))*'Settings'!$B$3) | L23: =IF($H$23="","",ROUND(MIN($K$23,'Settings'!$B$5)*'Settings'!$B$2,2)) | M23: =IF($J$23="","",IF($J$23<0,"Pass",IF($J$23<'Settings'!$B$4,"Thin",IF($J$23<0.06,"✅ Sharp band",IF($J$23<0.08,"Strong","⚠ Verify (stale?)"))))) | N23: Model 51.1% (fair -104). Your call. | P23: =IF(OR($H$23="",$O$23=""),"",(1+IF($H$23<0,-100/$H$23,$H$23/100))/(1+IF($O$23<0,-100/$O$23,$O$23/100))-1)
A24: 2026-06-28 | B24: Houston Astros @ Detroit Tigers | C24: 17:40 | D24: Moneyline | E24: Detroit Tigers | F24: 0.48903846 | G24: 104 | H24: 108 | I24: =IF($H$24="","",IF($H$24<0,-$H$24/(-$H$24+100),100/($H$24+100))) | J24: =IF($H$24="","",$F$24*IF($H$24<0,-100/$H$24,$H$24/100)-(1-$F$24)) | K24: =IF($H$24="","",MAX(0,($F$24*IF($H$24<0,-100/$H$24,$H$24/100)-(1-$F$24))/IF($H$24<0,-100/$H$24,$H$24/100))*'Settings'!$B$3) | L24: =IF($H$24="","",ROUND(MIN($K$24,'Settings'!$B$5)*'Settings'!$B$2,2)) | M24: =IF($J$24="","",IF($J$24<0,"Pass",IF($J$24<'Settings'!$B$4,"Thin",IF($J$24<0.06,"✅ Sharp band",IF($J$24<0.08,"Strong","⚠ Verify (stale?)"))))) | N24: Model 48.9% (fair +104). Your call. | P24: =IF(OR($H$24="",$O$24=""),"",(1+IF($H$24<0,-100/$H$24,$H$24/100))/(1+IF($O$24<0,-100/$O$24,$O$24/100))-1)
A25: 2026-06-28 | B25: Houston Astros @ Detroit Tigers | C25: 17:40 | D25: Total | E25: Over 8.5 | F25: 0.551 | G25: -123 | H25: 113 | I25: =IF($H$25="","",IF($H$25<0,-$H$25/(-$H$25+100),100/($H$25+100))) | J25: =IF($H$25="","",$F$25*IF($H$25<0,-100/$H$25,$H$25/100)-(1-$F$25)) | K25: =IF($H$25="","",MAX(0,($F$25*IF($H$25<0,-100/$H$25,$H$25/100)-(1-$F$25))/IF($H$25<0,-100/$H$25,$H$25/100))*'Settings'!$B$3) | L25: =IF($H$25="","",ROUND(MIN($K$25,'Settings'!$B$5)*'Settings'!$B$2,2)) | M25: =IF($J$25="","",IF($J$25<0,"Pass",IF($J$25<'Settings'!$B$4,"Thin",IF($J$25<0.06,"✅ Sharp band",IF($J$25<0.08,"Strong","⚠ Verify (stale?)"))))) | N25: Model 55.1% (fair -123). Your call. | P25: =IF(OR($H$25="",$O$25=""),"",(1+IF($H$25<0,-100/$H$25,$H$25/100))/(1+IF($O$25<0,-100/$O$25,$O$25/100))-1)
A26: 2026-06-28 | B26: Houston Astros @ Detroit Tigers | C26: 17:40 | D26: Total | E26: Under 8.5 | F26: 0.449 | G26: 123 | H26: 107 | I26: =IF($H$26="","",IF($H$26<0,-$H$26/(-$H$26+100),100/($H$26+100))) | J26: =IF($H$26="","",$F$26*IF($H$26<0,-100/$H$26,$H$26/100)-(1-$F$26)) | K26: =IF($H$26="","",MAX(0,($F$26*IF($H$26<0,-100/$H$26,$H$26/100)-(1-$F$26))/IF($H$26<0,-100/$H$26,$H$26/100))*'Settings'!$B$3) | L26: =IF($H$26="","",ROUND(MIN($K$26,'Settings'!$B$5)*'Settings'!$B$2,2)) | M26: =IF($J$26="","",IF($J$26<0,"Pass",IF($J$26<'Settings'!$B$4,"Thin",IF($J$26<0.06,"✅ Sharp band",IF($J$26<0.08,"Strong","⚠ Verify (stale?)"))))) | N26: Model 44.9% (fair +123). Your call. | P26: =IF(OR($H$26="",$O$26=""),"",(1+IF($H$26<0,-100/$H$26,$H$26/100))/(1+IF($O$26<0,-100/$O$26,$O$26/100))-1)
A27: 2026-06-28 | B27: Houston Astros @ Detroit Tigers | C27: 17:40 | D27: Spread | E27: Detroit Tigers -1.5 | F27: 0.3589 | G27: 179 | H27: 150 | I27: =IF($H$27="","",IF($H$27<0,-$H$27/(-$H$27+100),100/($H$27+100))) | J27: =IF($H$27="","",$F$27*IF($H$27<0,-100/$H$27,$H$27/100)-(1-$F$27)) | K27: =IF($H$27="","",MAX(0,($F$27*IF($H$27<0,-100/$H$27,$H$27/100)-(1-$F$27))/IF($H$27<0,-100/$H$27,$H$27/100))*'Settings'!$B$3) | L27: =IF($H$27="","",ROUND(MIN($K$27,'Settings'!$B$5)*'Settings'!$B$2,2)) | M27: =IF($J$27="","",IF($J$27<0,"Pass",IF($J$27<'Settings'!$B$4,"Thin",IF($J$27<0.06,"✅ Sharp band",IF($J$27<0.08,"Strong","⚠ Verify (stale?)"))))) | N27: Model 35.9% (fair +179). Your call. | P27: =IF(OR($H$27="",$O$27=""),"",(1+IF($H$27<0,-100/$H$27,$H$27/100))/(1+IF($O$27<0,-100/$O$27,$O$27/100))-1)
A28: 2026-06-28 | B28: Houston Astros @ Detroit Tigers | C28: 17:40 | D28: Spread | E28: Houston Astros +1.5 | F28: 0.6411 | G28: -179 | H28: 163 | I28: =IF($H$28="","",IF($H$28<0,-$H$28/(-$H$28+100),100/($H$28+100))) | J28: =IF($H$28="","",$F$28*IF($H$28<0,-100/$H$28,$H$28/100)-(1-$F$28)) | K28: =IF($H$28="","",MAX(0,($F$28*IF($H$28<0,-100/$H$28,$H$28/100)-(1-$F$28))/IF($H$28<0,-100/$H$28,$H$28/100))*'Settings'!$B$3) | L28: =IF($H$28="","",ROUND(MIN($K$28,'Settings'!$B$5)*'Settings'!$B$2,2)) | M28: =IF($J$28="","",IF($J$28<0,"Pass",IF($J$28<'Settings'!$B$4,"Thin",IF($J$28<0.06,"✅ Sharp band",IF($J$28<0.08,"Strong","⚠ Verify (stale?)"))))) | N28: Model 64.1% (fair -179). Your call. | P28: =IF(OR($H$28="",$O$28=""),"",(1+IF($H$28<0,-100/$H$28,$H$28/100))/(1+IF($O$28<0,-100/$O$28,$O$28/100))-1)
A29: 2026-06-28 | B29: Seattle Mariners @ Cleveland Guardians | C29: 17:40 | D29: Moneyline | E29: Seattle Mariners | F29: 0.51488372 | G29: -106 | H29: 115 | I29: =IF($H$29="","",IF($H$29<0,-$H$29/(-$H$29+100),100/($H$29+100))) | J29: =IF($H$29="","",$F$29*IF($H$29<0,-100/$H$29,$H$29/100)-(1-$F$29)) | K29: =IF($H$29="","",MAX(0,($F$29*IF($H$29<0,-100/$H$29,$H$29/100)-(1-$F$29))/IF($H$29<0,-100/$H$29,$H$29/100))*'Settings'!$B$3) | L29: =IF($H$29="","",ROUND(MIN($K$29,'Settings'!$B$5)*'Settings'!$B$2,2)) | M29: =IF($J$29="","",IF($J$29<0,"Pass",IF($J$29<'Settings'!$B$4,"Thin",IF($J$29<0.06,"✅ Sharp band",IF($J$29<0.08,"Strong","⚠ Verify (stale?)"))))) | N29: Model 51.5% (fair -106). Your call. | P29: =IF(OR($H$29="",$O$29=""),"",(1+IF($H$29<0,-100/$H$29,$H$29/100))/(1+IF($O$29<0,-100/$O$29,$O$29/100))-1)
A30: 2026-06-28 | B30: Seattle Mariners @ Cleveland Guardians | C30: 17:40 | D30: Moneyline | E30: Cleveland Guardians | F30: 0.48510423 | G30: 106 | H30: -113 | I30: =IF($H$30="","",IF($H$30<0,-$H$30/(-$H$30+100),100/($H$30+100))) | J30: =IF($H$30="","",$F$30*IF($H$30<0,-100/$H$30,$H$30/100)-(1-$F$30)) | K30: =IF($H$30="","",MAX(0,($F$30*IF($H$30<0,-100/$H$30,$H$30/100)-(1-$F$30))/IF($H$30<0,-100/$H$30,$H$30/100))*'Settings'!$B$3) | L30: =IF($H$30="","",ROUND(MIN($K$30,'Settings'!$B$5)*'Settings'!$B$2,2)) | M30: =IF($J$30="","",IF($J$30<0,"Pass",IF($J$30<'Settings'!$B$4,"Thin",IF($J$30<0.06,"✅ Sharp band",IF($J$30<0.08,"Strong","⚠ Verify (stale?)"))))) | N30: Model 48.5% (fair +106). Your call. | P30: =IF(OR($H$30="",$O$30=""),"",(1+IF($H$30<0,-100/$H$30,$H$30/100))/(1+IF($O$30<0,-100/$O$30,$O$30/100))-1)
A31: 2026-06-28 | B31: Seattle Mariners @ Cleveland Guardians | C31: 17:40 | D31: Total | E31: Over 7.5 | F31: 0.4395 | G31: 128 | H31: 104 | I31: =IF($H$31="","",IF($H$31<0,-$H$31/(-$H$31+100),100/($H$31+100))) | J31: =IF($H$31="","",$F$31*IF($H$31<0,-100/$H$31,$H$31/100)-(1-$F$31)) | K31: =IF($H$31="","",MAX(0,($F$31*IF($H$31<0,-100/$H$31,$H$31/100)-(1-$F$31))/IF($H$31<0,-100/$H$31,$H$31/100))*'Settings'!$B$3) | L31: =IF($H$31="","",ROUND(MIN($K$31,'Settings'!$B$5)*'Settings'!$B$2,2)) | M31: =IF($J$31="","",IF($J$31<0,"Pass",IF($J$31<'Settings'!$B$4,"Thin",IF($J$31<0.06,"✅ Sharp band",IF($J$31<0.08,"Strong","⚠ Verify (stale?)"))))) | N31: Model 44.0% (fair +128). Your call. | P31: =IF(OR($H$31="",$O$31=""),"",(1+IF($H$31<0,-100/$H$31,$H$31/100))/(1+IF($O$31<0,-100/$O$31,$O$31/100))-1)
A32: 2026-06-28 | B32: Seattle Mariners @ Cleveland Guardians | C32: 17:40 | D32: Total | E32: Under 7.5 | F32: 0.5605 | G32: -128 | H32: 121 | I32: =IF($H$32="","",IF($H$32<0,-$H$32/(-$H$32+100),100/($H$32+100))) | J32: =IF($H$32="","",$F$32*IF($H$32<0,-100/$H$32,$H$32/100)-(1-$F$32)) | K32: =IF($H$32="","",MAX(0,($F$32*IF($H$32<0,-100/$H$32,$H$32/100)-(1-$F$32))/IF($H$32<0,-100/$H$32,$H$32/100))*'Settings'!$B$3) | L32: =IF($H$32="","",ROUND(MIN($K$32,'Settings'!$B$5)*'Settings'!$B$2,2)) | M32: =IF($J$32="","",IF($J$32<0,"Pass",IF($J$32<'Settings'!$B$4,"Thin",IF($J$32<0.06,"✅ Sharp band",IF($J$32<0.08,"Strong","⚠ Verify (stale?)"))))) | N32: Model 56.0% (fair -128). Your call. | P32: =IF(OR($H$32="",$O$32=""),"",(1+IF($H$32<0,-100/$H$32,$H$32/100))/(1+IF($O$32<0,-100/$O$32,$O$32/100))-1)
A33: 2026-06-28 | B33: Seattle Mariners @ Cleveland Guardians | C33: 17:40 | D33: Spread | E33: Cleveland Guardians -1.5 | F33: 0.2906 | G33: 244 | H33: 186 | I33: =IF($H$33="","",IF($H$33<0,-$H$33/(-$H$33+100),100/($H$33+100))) | J33: =IF($H$33="","",$F$33*IF($H$33<0,-100/$H$33,$H$33/100)-(1-$F$33)) | K33: =IF($H$33="","",MAX(0,($F$33*IF($H$33<0,-100/$H$33,$H$33/100)-(1-$F$33))/IF($H$33<0,-100/$H$33,$H$33/100))*'Settings'!$B$3) | L33: =IF($H$33="","",ROUND(MIN($K$33,'Settings'!$B$5)*'Settings'!$B$2,2)) | M33: =IF($J$33="","",IF($J$33<0,"Pass",IF($J$33<'Settings'!$B$4,"Thin",IF($J$33<0.06,"✅ Sharp band",IF($J$33<0.08,"Strong","⚠ Verify (stale?)"))))) | N33: Model 29.1% (fair +244). Your call. | P33: =IF(OR($H$33="",$O$33=""),"",(1+IF($H$33<0,-100/$H$33,$H$33/100))/(1+IF($O$33<0,-100/$O$33,$O$33/100))-1)
A34: 2026-06-28 | B34: Seattle Mariners @ Cleveland Guardians | C34: 17:40 | D34: Spread | E34: Seattle Mariners +1.5 | F34: 0.7094 | G34: -244 | H34: 186 | I34: =IF($H$34="","",IF($H$34<0,-$H$34/(-$H$34+100),100/($H$34+100))) | J34: =IF($H$34="","",$F$34*IF($H$34<0,-100/$H$34,$H$34/100)-(1-$F$34)) | K34: =IF($H$34="","",MAX(0,($F$34*IF($H$34<0,-100/$H$34,$H$34/100)-(1-$F$34))/IF($H$34<0,-100/$H$34,$H$34/100))*'Settings'!$B$3) | L34: =IF($H$34="","",ROUND(MIN($K$34,'Settings'!$B$5)*'Settings'!$B$2,2)) | M34: =IF($J$34="","",IF($J$34<0,"Pass",IF($J$34<'Settings'!$B$4,"Thin",IF($J$34<0.06,"✅ Sharp band",IF($J$34<0.08,"Strong","⚠ Verify (stale?)"))))) | N34: Model 70.9% (fair -244). Your call. | P34: =IF(OR($H$34="",$O$34=""),"",(1+IF($H$34<0,-100/$H$34,$H$34/100))/(1+IF($O$34<0,-100/$O$34,$O$34/100))-1)
A35: 2026-06-28 | B35: Arizona Diamondbacks @ Tampa Bay Rays | C35: 17:40 | D35: Moneyline | E35: Arizona Diamondbacks | F35: 0.37761404 | G35: 165 | H35: 185 | I35: =IF($H$35="","",IF($H$35<0,-$H$35/(-$H$35+100),100/($H$35+100))) | J35: =IF($H$35="","",$F$35*IF($H$35<0,-100/$H$35,$H$35/100)-(1-$F$35)) | K35: =IF($H$35="","",MAX(0,($F$35*IF($H$35<0,-100/$H$35,$H$35/100)-(1-$F$35))/IF($H$35<0,-100/$H$35,$H$35/100))*'Settings'!$B$3) | L35: =IF($H$35="","",ROUND(MIN($K$35,'Settings'!$B$5)*'Settings'!$B$2,2)) | M35: =IF($J$35="","",IF($J$35<0,"Pass",IF($J$35<'Settings'!$B$4,"Thin",IF($J$35<0.06,"✅ Sharp band",IF($J$35<0.08,"Strong","⚠ Verify (stale?)"))))) | N35: Model 37.8% (fair +165). Your call. | P35: =IF(OR($H$35="",$O$35=""),"",(1+IF($H$35<0,-100/$H$35,$H$35/100))/(1+IF($O$35<0,-100/$O$35,$O$35/100))-1)
A36: 2026-06-28 | B36: Arizona Diamondbacks @ Tampa Bay Rays | C36: 17:40 | D36: Moneyline | E36: Tampa Bay Rays | F36: 0.62242374 | G36: -165 | H36: -178 | I36: =IF($H$36="","",IF($H$36<0,-$H$36/(-$H$36+100),100/($H$36+100))) | J36: =IF($H$36="","",$F$36*IF($H$36<0,-100/$H$36,$H$36/100)-(1-$F$36)) | K36: =IF($H$36="","",MAX(0,($F$36*IF($H$36<0,-100/$H$36,$H$36/100)-(1-$F$36))/IF($H$36<0,-100/$H$36,$H$36/100))*'Settings'!$B$3) | L36: =IF($H$36="","",ROUND(MIN($K$36,'Settings'!$B$5)*'Settings'!$B$2,2)) | M36: =IF($J$36="","",IF($J$36<0,"Pass",IF($J$36<'Settings'!$B$4,"Thin",IF($J$36<0.06,"✅ Sharp band",IF($J$36<0.08,"Strong","⚠ Verify (stale?)"))))) | N36: Model 62.2% (fair -165). Your call. | P36: =IF(OR($H$36="",$O$36=""),"",(1+IF($H$36<0,-100/$H$36,$H$36/100))/(1+IF($O$36<0,-100/$O$36,$O$36/100))-1)
A37: 2026-06-28 | B37: Arizona Diamondbacks @ Tampa Bay Rays | C37: 17:40 | D37: Total | E37: Over 8 | F37: 0.4802 | G37: 108 | H37: -102 | I37: =IF($H$37="","",IF($H$37<0,-$H$37/(-$H$37+100),100/($H$37+100))) | J37: =IF($H$37="","",$F$37*IF($H$37<0,-100/$H$37,$H$37/100)-(1-$F$37)) | K37: =IF($H$37="","",MAX(0,($F$37*IF($H$37<0,-100/$H$37,$H$37/100)-(1-$F$37))/IF($H$37<0,-100/$H$37,$H$37/100))*'Settings'!$B$3) | L37: =IF($H$37="","",ROUND(MIN($K$37,'Settings'!$B$5)*'Settings'!$B$2,2)) | M37: =IF($J$37="","",IF($J$37<0,"Pass",IF($J$37<'Settings'!$B$4,"Thin",IF($J$37<0.06,"✅ Sharp band",IF($J$37<0.08,"Strong","⚠ Verify (stale?)"))))) | N37: Model 48.0% (fair +108). Your call. | P37: =IF(OR($H$37="",$O$37=""),"",(1+IF($H$37<0,-100/$H$37,$H$37/100))/(1+IF($O$37<0,-100/$O$37,$O$37/100))-1)
A38: 2026-06-28 | B38: Arizona Diamondbacks @ Tampa Bay Rays | C38: 17:40 | D38: Total | E38: Under 8 | F38: 0.5198 | G38: -108 | H38: 115 | I38: =IF($H$38="","",IF($H$38<0,-$H$38/(-$H$38+100),100/($H$38+100))) | J38: =IF($H$38="","",$F$38*IF($H$38<0,-100/$H$38,$H$38/100)-(1-$F$38)) | K38: =IF($H$38="","",MAX(0,($F$38*IF($H$38<0,-100/$H$38,$H$38/100)-(1-$F$38))/IF($H$38<0,-100/$H$38,$H$38/100))*'Settings'!$B$3) | L38: =IF($H$38="","",ROUND(MIN($K$38,'Settings'!$B$5)*'Settings'!$B$2,2)) | M38: =IF($J$38="","",IF($J$38<0,"Pass",IF($J$38<'Settings'!$B$4,"Thin",IF($J$38<0.06,"✅ Sharp band",IF($J$38<0.08,"Strong","⚠ Verify (stale?)"))))) | N38: Model 52.0% (fair -108). Your call. | P38: =IF(OR($H$38="",$O$38=""),"",(1+IF($H$38<0,-100/$H$38,$H$38/100))/(1+IF($O$38<0,-100/$O$38,$O$38/100))-1)
A39: 2026-06-28 | B39: Arizona Diamondbacks @ Tampa Bay Rays | C39: 17:40 | D39: Spread | E39: Tampa Bay Rays -1.5 | F39: 0.45525346 | G39: 120 | H39: 117 | I39: =IF($H$39="","",IF($H$39<0,-$H$39/(-$H$39+100),100/($H$39+100))) | J39: =IF($H$39="","",$F$39*IF($H$39<0,-100/$H$39,$H$39/100)-(1-$F$39)) | K39: =IF($H$39="","",MAX(0,($F$39*IF($H$39<0,-100/$H$39,$H$39/100)-(1-$F$39))/IF($H$39<0,-100/$H$39,$H$39/100))*'Settings'!$B$3) | L39: =IF($H$39="","",ROUND(MIN($K$39,'Settings'!$B$5)*'Settings'!$B$2,2)) | M39: =IF($J$39="","",IF($J$39<0,"Pass",IF($J$39<'Settings'!$B$4,"Thin",IF($J$39<0.06,"✅ Sharp band",IF($J$39<0.08,"Strong","⚠ Verify (stale?)"))))) | N39: Model 45.5% (fair +120). Your call. | P39: =IF(OR($H$39="",$O$39=""),"",(1+IF($H$39<0,-100/$H$39,$H$39/100))/(1+IF($O$39<0,-100/$O$39,$O$39/100))-1)
A40: 2026-06-28 | B40: Arizona Diamondbacks @ Tampa Bay Rays | C40: 17:40 | D40: Spread | E40: Arizona Diamondbacks +1.5 | F40: 0.54474545 | G40: -120 | H40: -120 | I40: =IF($H$40="","",IF($H$40<0,-$H$40/(-$H$40+100),100/($H$40+100))) | J40: =IF($H$40="","",$F$40*IF($H$40<0,-100/$H$40,$H$40/100)-(1-$F$40)) | K40: =IF($H$40="","",MAX(0,($F$40*IF($H$40<0,-100/$H$40,$H$40/100)-(1-$F$40))/IF($H$40<0,-100/$H$40,$H$40/100))*'Settings'!$B$3) | L40: =IF($H$40="","",ROUND(MIN($K$40,'Settings'!$B$5)*'Settings'!$B$2,2)) | M40: =IF($J$40="","",IF($J$40<0,"Pass",IF($J$40<'Settings'!$B$4,"Thin",IF($J$40<0.06,"✅ Sharp band",IF($J$40<0.08,"Strong","⚠ Verify (stale?)"))))) | N40: Model 54.5% (fair -120). Your call. | P40: =IF(OR($H$40="",$O$40=""),"",(1+IF($H$40<0,-100/$H$40,$H$40/100))/(1+IF($O$40<0,-100/$O$40,$O$40/100))-1)
A41: 2026-06-28 | B41: Philadelphia Phillies @ New York Mets | C41: 17:40 | D41: Moneyline | E41: Philadelphia Phillies | F41: 0.591 | G41: -144 | H41: -150 | I41: =IF($H$41="","",IF($H$41<0,-$H$41/(-$H$41+100),100/($H$41+100))) | J41: =IF($H$41="","",$F$41*IF($H$41<0,-100/$H$41,$H$41/100)-(1-$F$41)) | K41: =IF($H$41="","",MAX(0,($F$41*IF($H$41<0,-100/$H$41,$H$41/100)-(1-$F$41))/IF($H$41<0,-100/$H$41,$H$41/100))*'Settings'!$B$3) | L41: =IF($H$41="","",ROUND(MIN($K$41,'Settings'!$B$5)*'Settings'!$B$2,2)) | M41: =IF($J$41="","",IF($J$41<0,"Pass",IF($J$41<'Settings'!$B$4,"Thin",IF($J$41<0.06,"✅ Sharp band",IF($J$41<0.08,"Strong","⚠ Verify (stale?)"))))) | N41: Model 59.1% (fair -144). Your call. | P41: =IF(OR($H$41="",$O$41=""),"",(1+IF($H$41<0,-100/$H$41,$H$41/100))/(1+IF($O$41<0,-100/$O$41,$O$41/100))-1)
A42: 2026-06-28 | B42: Philadelphia Phillies @ New York Mets | C42: 17:40 | D42: Moneyline | E42: New York Mets | F42: 0.409 | G42: 144 | H42: 150 | I42: =IF($H$42="","",IF($H$42<0,-$H$42/(-$H$42+100),100/($H$42+100))) | J42: =IF($H$42="","",$F$42*IF($H$42<0,-100/$H$42,$H$42/100)-(1-$F$42)) | K42: =IF($H$42="","",MAX(0,($F$42*IF($H$42<0,-100/$H$42,$H$42/100)-(1-$F$42))/IF($H$42<0,-100/$H$42,$H$42/100))*'Settings'!$B$3) | L42: =IF($H$42="","",ROUND(MIN($K$42,'Settings'!$B$5)*'Settings'!$B$2,2)) | M42: =IF($J$42="","",IF($J$42<0,"Pass",IF($J$42<'Settings'!$B$4,"Thin",IF($J$42<0.06,"✅ Sharp band",IF($J$42<0.08,"Strong","⚠ Verify (stale?)"))))) | N42: Model 40.9% (fair +144). Your call. | P42: =IF(OR($H$42="",$O$42=""),"",(1+IF($H$42<0,-100/$H$42,$H$42/100))/(1+IF($O$42<0,-100/$O$42,$O$42/100))-1)
A43: 2026-06-28 | B43: Philadelphia Phillies @ New York Mets | C43: 17:40 | D43: Total | E43: Over 8.5 | F43: 0.423 | G43: 136 | H43: 108 | I43: =IF($H$43="","",IF($H$43<0,-$H$43/(-$H$43+100),100/($H$43+100))) | J43: =IF($H$43="","",$F$43*IF($H$43<0,-100/$H$43,$H$43/100)-(1-$F$43)) | K43: =IF($H$43="","",MAX(0,($F$43*IF($H$43<0,-100/$H$43,$H$43/100)-(1-$F$43))/IF($H$43<0,-100/$H$43,$H$43/100))*'Settings'!$B$3) | L43: =IF($H$43="","",ROUND(MIN($K$43,'Settings'!$B$5)*'Settings'!$B$2,2)) | M43: =IF($J$43="","",IF($J$43<0,"Pass",IF($J$43<'Settings'!$B$4,"Thin",IF($J$43<0.06,"✅ Sharp band",IF($J$43<0.08,"Strong","⚠ Verify (stale?)"))))) | N43: Model 42.3% (fair +136). Your call. | P43: =IF(OR($H$43="",$O$43=""),"",(1+IF($H$43<0,-100/$H$43,$H$43/100))/(1+IF($O$43<0,-100/$O$43,$O$43/100))-1)
A44: 2026-06-28 | B44: Philadelphia Phillies @ New York Mets | C44: 17:40 | D44: Total | E44: Under 8.5 | F44: 0.577 | G44: -136 | H44: 114 | I44: =IF($H$44="","",IF($H$44<0,-$H$44/(-$H$44+100),100/($H$44+100))) | J44: =IF($H$44="","",$F$44*IF($H$44<0,-100/$H$44,$H$44/100)-(1-$F$44)) | K44: =IF($H$44="","",MAX(0,($F$44*IF($H$44<0,-100/$H$44,$H$44/100)-(1-$F$44))/IF($H$44<0,-100/$H$44,$H$44/100))*'Settings'!$B$3) | L44: =IF($H$44="","",ROUND(MIN($K$44,'Settings'!$B$5)*'Settings'!$B$2,2)) | M44: =IF($J$44="","",IF($J$44<0,"Pass",IF($J$44<'Settings'!$B$4,"Thin",IF($J$44<0.06,"✅ Sharp band",IF($J$44<0.08,"Strong","⚠ Verify (stale?)"))))) | N44: Model 57.7% (fair -136). Your call. | P44: =IF(OR($H$44="",$O$44=""),"",(1+IF($H$44<0,-100/$H$44,$H$44/100))/(1+IF($O$44<0,-100/$O$44,$O$44/100))-1)
A45: 2026-06-28 | B45: Philadelphia Phillies @ New York Mets | C45: 17:40 | D45: Spread | E45: New York Mets +1.5 | F45: 0.55322254 | G45: -124 | H45: -113 | I45: =IF($H$45="","",IF($H$45<0,-$H$45/(-$H$45+100),100/($H$45+100))) | J45: =IF($H$45="","",$F$45*IF($H$45<0,-100/$H$45,$H$45/100)-(1-$F$45)) | K45: =IF($H$45="","",MAX(0,($F$45*IF($H$45<0,-100/$H$45,$H$45/100)-(1-$F$45))/IF($H$45<0,-100/$H$45,$H$45/100))*'Settings'!$B$3) | L45: =IF($H$45="","",ROUND(MIN($K$45,'Settings'!$B$5)*'Settings'!$B$2,2)) | M45: =IF($J$45="","",IF($J$45<0,"Pass",IF($J$45<'Settings'!$B$4,"Thin",IF($J$45<0.06,"✅ Sharp band",IF($J$45<0.08,"Strong","⚠ Verify (stale?)"))))) | N45: Model 55.3% (fair -124). Your call. | P45: =IF(OR($H$45="",$O$45=""),"",(1+IF($H$45<0,-100/$H$45,$H$45/100))/(1+IF($O$45<0,-100/$O$45,$O$45/100))-1)
A46: 2026-06-28 | B46: Philadelphia Phillies @ New York Mets | C46: 17:40 | D46: Spread | E46: Philadelphia Phillies -1.5 | F46: 0.4467757 | G46: 124 | H46: 114 | I46: =IF($H$46="","",IF($H$46<0,-$H$46/(-$H$46+100),100/($H$46+100))) | J46: =IF($H$46="","",$F$46*IF($H$46<0,-100/$H$46,$H$46/100)-(1-$F$46)) | K46: =IF($H$46="","",MAX(0,($F$46*IF($H$46<0,-100/$H$46,$H$46/100)-(1-$F$46))/IF($H$46<0,-100/$H$46,$H$46/100))*'Settings'!$B$3) | L46: =IF($H$46="","",ROUND(MIN($K$46,'Settings'!$B$5)*'Settings'!$B$2,2)) | M46: =IF($J$46="","",IF($J$46<0,"Pass",IF($J$46<'Settings'!$B$4,"Thin",IF($J$46<0.06,"✅ Sharp band",IF($J$46<0.08,"Strong","⚠ Verify (stale?)"))))) | N46: Model 44.7% (fair +124). Your call. | P46: =IF(OR($H$46="",$O$46=""),"",(1+IF($H$46<0,-100/$H$46,$H$46/100))/(1+IF($O$46<0,-100/$O$46,$O$46/100))-1)
A47: 2026-06-28 | B47: Colorado Rockies @ Minnesota Twins | C47: 18:10 | D47: Moneyline | E47: Colorado Rockies | F47: 0.4286 | G47: 133 | H47: 150 | I47: =IF($H$47="","",IF($H$47<0,-$H$47/(-$H$47+100),100/($H$47+100))) | J47: =IF($H$47="","",$F$47*IF($H$47<0,-100/$H$47,$H$47/100)-(1-$F$47)) | K47: =IF($H$47="","",MAX(0,($F$47*IF($H$47<0,-100/$H$47,$H$47/100)-(1-$F$47))/IF($H$47<0,-100/$H$47,$H$47/100))*'Settings'!$B$3) | L47: =IF($H$47="","",ROUND(MIN($K$47,'Settings'!$B$5)*'Settings'!$B$2,2)) | M47: =IF($J$47="","",IF($J$47<0,"Pass",IF($J$47<'Settings'!$B$4,"Thin",IF($J$47<0.06,"✅ Sharp band",IF($J$47<0.08,"Strong","⚠ Verify (stale?)"))))) | N47: Model 42.9% (fair +133). Your call. | P47: =IF(OR($H$47="",$O$47=""),"",(1+IF($H$47<0,-100/$H$47,$H$47/100))/(1+IF($O$47<0,-100/$O$47,$O$47/100))-1)
A48: 2026-06-28 | B48: Colorado Rockies @ Minnesota Twins | C48: 18:10 | D48: Moneyline | E48: Minnesota Twins | F48: 0.57139672 | G48: -133 | H48: -144 | I48: =IF($H$48="","",IF($H$48<0,-$H$48/(-$H$48+100),100/($H$48+100))) | J48: =IF($H$48="","",$F$48*IF($H$48<0,-100/$H$48,$H$48/100)-(1-$F$48)) | K48: =IF($H$48="","",MAX(0,($F$48*IF($H$48<0,-100/$H$48,$H$48/100)-(1-$F$48))/IF($H$48<0,-100/$H$48,$H$48/100))*'Settings'!$B$3) | L48: =IF($H$48="","",ROUND(MIN($K$48,'Settings'!$B$5)*'Settings'!$B$2,2)) | M48: =IF($J$48="","",IF($J$48<0,"Pass",IF($J$48<'Settings'!$B$4,"Thin",IF($J$48<0.06,"✅ Sharp band",IF($J$48<0.08,"Strong","⚠ Verify (stale?)"))))) | N48: Model 57.1% (fair -133). Your call. | P48: =IF(OR($H$48="",$O$48=""),"",(1+IF($H$48<0,-100/$H$48,$H$48/100))/(1+IF($O$48<0,-100/$O$48,$O$48/100))-1)
A49: 2026-06-28 | B49: Colorado Rockies @ Minnesota Twins | C49: 18:10 | D49: Total | E49: Over 9.5 | F49: 0.5232 | G49: -110 | H49: 117 | I49: =IF($H$49="","",IF($H$49<0,-$H$49/(-$H$49+100),100/($H$49+100))) | J49: =IF($H$49="","",$F$49*IF($H$49<0,-100/$H$49,$H$49/100)-(1-$F$49)) | K49: =IF($H$49="","",MAX(0,($F$49*IF($H$49<0,-100/$H$49,$H$49/100)-(1-$F$49))/IF($H$49<0,-100/$H$49,$H$49/100))*'Settings'!$B$3) | L49: =IF($H$49="","",ROUND(MIN($K$49,'Settings'!$B$5)*'Settings'!$B$2,2)) | M49: =IF($J$49="","",IF($J$49<0,"Pass",IF($J$49<'Settings'!$B$4,"Thin",IF($J$49<0.06,"✅ Sharp band",IF($J$49<0.08,"Strong","⚠ Verify (stale?)"))))) | N49: Model 52.3% (fair -110). Your call. | P49: =IF(OR($H$49="",$O$49=""),"",(1+IF($H$49<0,-100/$H$49,$H$49/100))/(1+IF($O$49<0,-100/$O$49,$O$49/100))-1)
A50: 2026-06-28 | B50: Colorado Rockies @ Minnesota Twins | C50: 18:10 | D50: Total | E50: Under 9.5 | F50: 0.4768 | G50: 110 | H50: 110 | I50: =IF($H$50="","",IF($H$50<0,-$H$50/(-$H$50+100),100/($H$50+100))) | J50: =IF($H$50="","",$F$50*IF($H$50<0,-100/$H$50,$H$50/100)-(1-$F$50)) | K50: =IF($H$50="","",MAX(0,($F$50*IF($H$50<0,-100/$H$50,$H$50/100)-(1-$F$50))/IF($H$50<0,-100/$H$50,$H$50/100))*'Settings'!$B$3) | L50: =IF($H$50="","",ROUND(MIN($K$50,'Settings'!$B$5)*'Settings'!$B$2,2)) | M50: =IF($J$50="","",IF($J$50<0,"Pass",IF($J$50<'Settings'!$B$4,"Thin",IF($J$50<0.06,"✅ Sharp band",IF($J$50<0.08,"Strong","⚠ Verify (stale?)"))))) | N50: Model 47.7% (fair +110). Your call. | P50: =IF(OR($H$50="",$O$50=""),"",(1+IF($H$50<0,-100/$H$50,$H$50/100))/(1+IF($O$50<0,-100/$O$50,$O$50/100))-1)
A51: 2026-06-28 | B51: Colorado Rockies @ Minnesota Twins | C51: 18:10 | D51: Spread | E51: Minnesota Twins -1.5 | F51: 0.421 | G51: 138 | H51: 138 | I51: =IF($H$51="","",IF($H$51<0,-$H$51/(-$H$51+100),100/($H$51+100))) | J51: =IF($H$51="","",$F$51*IF($H$51<0,-100/$H$51,$H$51/100)-(1-$F$51)) | K51: =IF($H$51="","",MAX(0,($F$51*IF($H$51<0,-100/$H$51,$H$51/100)-(1-$F$51))/IF($H$51<0,-100/$H$51,$H$51/100))*'Settings'!$B$3) | L51: =IF($H$51="","",ROUND(MIN($K$51,'Settings'!$B$5)*'Settings'!$B$2,2)) | M51: =IF($J$51="","",IF($J$51<0,"Pass",IF($J$51<'Settings'!$B$4,"Thin",IF($J$51<0.06,"✅ Sharp band",IF($J$51<0.08,"Strong","⚠ Verify (stale?)"))))) | N51: Model 42.1% (fair +138). Your call. | P51: =IF(OR($H$51="",$O$51=""),"",(1+IF($H$51<0,-100/$H$51,$H$51/100))/(1+IF($O$51<0,-100/$O$51,$O$51/100))-1)
A52: 2026-06-28 | B52: Colorado Rockies @ Minnesota Twins | C52: 18:10 | D52: Spread | E52: Colorado Rockies +1.5 | F52: 0.579 | G52: -138 | H52: 104 | I52: =IF($H$52="","",IF($H$52<0,-$H$52/(-$H$52+100),100/($H$52+100))) | J52: =IF($H$52="","",$F$52*IF($H$52<0,-100/$H$52,$H$52/100)-(1-$F$52)) | K52: =IF($H$52="","",MAX(0,($F$52*IF($H$52<0,-100/$H$52,$H$52/100)-(1-$F$52))/IF($H$52<0,-100/$H$52,$H$52/100))*'Settings'!$B$3) | L52: =IF($H$52="","",ROUND(MIN($K$52,'Settings'!$B$5)*'Settings'!$B$2,2)) | M52: =IF($J$52="","",IF($J$52<0,"Pass",IF($J$52<'Settings'!$B$4,"Thin",IF($J$52<0.06,"✅ Sharp band",IF($J$52<0.08,"Strong","⚠ Verify (stale?)"))))) | N52: Model 57.9% (fair -138). Your call. | P52: =IF(OR($H$52="",$O$52=""),"",(1+IF($H$52<0,-100/$H$52,$H$52/100))/(1+IF($O$52<0,-100/$O$52,$O$52/100))-1)
A53: 2026-06-28 | B53: Kansas City Royals @ Chicago White Sox | C53: 18:10 | D53: Moneyline | E53: Kansas City Royals | F53: 0.42202643 | G53: 137 | H53: 127 | I53: =IF($H$53="","",IF($H$53<0,-$H$53/(-$H$53+100),100/($H$53+100))) | J53: =IF($H$53="","",$F$53*IF($H$53<0,-100/$H$53,$H$53/100)-(1-$F$53)) | K53: =IF($H$53="","",MAX(0,($F$53*IF($H$53<0,-100/$H$53,$H$53/100)-(1-$F$53))/IF($H$53<0,-100/$H$53,$H$53/100))*'Settings'!$B$3) | L53: =IF($H$53="","",ROUND(MIN($K$53,'Settings'!$B$5)*'Settings'!$B$2,2)) | M53: =IF($J$53="","",IF($J$53<0,"Pass",IF($J$53<'Settings'!$B$4,"Thin",IF($J$53<0.06,"✅ Sharp band",IF($J$53<0.08,"Strong","⚠ Verify (stale?)"))))) | N53: Model 42.2% (fair +137). Your call. | P53: =IF(OR($H$53="",$O$53=""),"",(1+IF($H$53<0,-100/$H$53,$H$53/100))/(1+IF($O$53<0,-100/$O$53,$O$53/100))-1)
A54: 2026-06-28 | B54: Kansas City Royals @ Chicago White Sox | C54: 18:10 | D54: Moneyline | E54: Chicago White Sox | F54: 0.57798987 | G54: -137 | H54: -127 | I54: =IF($H$54="","",IF($H$54<0,-$H$54/(-$H$54+100),100/($H$54+100))) | J54: =IF($H$54="","",$F$54*IF($H$54<0,-100/$H$54,$H$54/100)-(1-$F$54)) | K54: =IF($H$54="","",MAX(0,($F$54*IF($H$54<0,-100/$H$54,$H$54/100)-(1-$F$54))/IF($H$54<0,-100/$H$54,$H$54/100))*'Settings'!$B$3) | L54: =IF($H$54="","",ROUND(MIN($K$54,'Settings'!$B$5)*'Settings'!$B$2,2)) | M54: =IF($J$54="","",IF($J$54<0,"Pass",IF($J$54<'Settings'!$B$4,"Thin",IF($J$54<0.06,"✅ Sharp band",IF($J$54<0.08,"Strong","⚠ Verify (stale?)"))))) | N54: Model 57.8% (fair -137). Your call. | P54: =IF(OR($H$54="",$O$54=""),"",(1+IF($H$54<0,-100/$H$54,$H$54/100))/(1+IF($O$54<0,-100/$O$54,$O$54/100))-1)
A55: 2026-06-28 | B55: Kansas City Royals @ Chicago White Sox | C55: 18:10 | D55: Total | E55: Over 8.5 | F55: 0.6612 | G55: -195 | H55: -104 | I55: =IF($H$55="","",IF($H$55<0,-$H$55/(-$H$55+100),100/($H$55+100))) | J55: =IF($H$55="","",$F$55*IF($H$55<0,-100/$H$55,$H$55/100)-(1-$F$55)) | K55: =IF($H$55="","",MAX(0,($F$55*IF($H$55<0,-100/$H$55,$H$55/100)-(1-$F$55))/IF($H$55<0,-100/$H$55,$H$55/100))*'Settings'!$B$3) | L55: =IF($H$55="","",ROUND(MIN($K$55,'Settings'!$B$5)*'Settings'!$B$2,2)) | M55: =IF($J$55="","",IF($J$55<0,"Pass",IF($J$55<'Settings'!$B$4,"Thin",IF($J$55<0.06,"✅ Sharp band",IF($J$55<0.08,"Strong","⚠ Verify (stale?)"))))) | N55: Model 66.1% (fair -195). Your call. | P55: =IF(OR($H$55="",$O$55=""),"",(1+IF($H$55<0,-100/$H$55,$H$55/100))/(1+IF($O$55<0,-100/$O$55,$O$55/100))-1)
A56: 2026-06-28 | B56: Kansas City Royals @ Chicago White Sox | C56: 18:10 | D56: Total | E56: Under 8.5 | F56: 0.3388 | G56: 195 | H56: 120 | I56: =IF($H$56="","",IF($H$56<0,-$H$56/(-$H$56+100),100/($H$56+100))) | J56: =IF($H$56="","",$F$56*IF($H$56<0,-100/$H$56,$H$56/100)-(1-$F$56)) | K56: =IF($H$56="","",MAX(0,($F$56*IF($H$56<0,-100/$H$56,$H$56/100)-(1-$F$56))/IF($H$56<0,-100/$H$56,$H$56/100))*'Settings'!$B$3) | L56: =IF($H$56="","",ROUND(MIN($K$56,'Settings'!$B$5)*'Settings'!$B$2,2)) | M56: =IF($J$56="","",IF($J$56<0,"Pass",IF($J$56<'Settings'!$B$4,"Thin",IF($J$56<0.06,"✅ Sharp band",IF($J$56<0.08,"Strong","⚠ Verify (stale?)"))))) | N56: Model 33.9% (fair +195). Your call. | P56: =IF(OR($H$56="",$O$56=""),"",(1+IF($H$56<0,-100/$H$56,$H$56/100))/(1+IF($O$56<0,-100/$O$56,$O$56/100))-1)
A57: 2026-06-28 | B57: Kansas City Royals @ Chicago White Sox | C57: 18:10 | D57: Spread | E57: Chicago White Sox -1.5 | F57: 0.4723 | G57: 112 | H57: 160 | I57: =IF($H$57="","",IF($H$57<0,-$H$57/(-$H$57+100),100/($H$57+100))) | J57: =IF($H$57="","",$F$57*IF($H$57<0,-100/$H$57,$H$57/100)-(1-$F$57)) | K57: =IF($H$57="","",MAX(0,($F$57*IF($H$57<0,-100/$H$57,$H$57/100)-(1-$F$57))/IF($H$57<0,-100/$H$57,$H$57/100))*'Settings'!$B$3) | L57: =IF($H$57="","",ROUND(MIN($K$57,'Settings'!$B$5)*'Settings'!$B$2,2)) | M57: =IF($J$57="","",IF($J$57<0,"Pass",IF($J$57<'Settings'!$B$4,"Thin",IF($J$57<0.06,"✅ Sharp band",IF($J$57<0.08,"Strong","⚠ Verify (stale?)"))))) | N57: Model 47.2% (fair +112). Your call. | P57: =IF(OR($H$57="",$O$57=""),"",(1+IF($H$57<0,-100/$H$57,$H$57/100))/(1+IF($O$57<0,-100/$O$57,$O$57/100))-1)
A58: 2026-06-28 | B58: Kansas City Royals @ Chicago White Sox | C58: 18:10 | D58: Spread | E58: Kansas City Royals +1.5 | F58: 0.5277 | G58: -112 | H58: -118 | I58: =IF($H$58="","",IF($H$58<0,-$H$58/(-$H$58+100),100/($H$58+100))) | J58: =IF($H$58="","",$F$58*IF($H$58<0,-100/$H$58,$H$58/100)-(1-$F$58)) | K58: =IF($H$58="","",MAX(0,($F$58*IF($H$58<0,-100/$H$58,$H$58/100)-(1-$F$58))/IF($H$58<0,-100/$H$58,$H$58/100))*'Settings'!$B$3) | L58: =IF($H$58="","",ROUND(MIN($K$58,'Settings'!$B$5)*'Settings'!$B$2,2)) | M58: =IF($J$58="","",IF($J$58<0,"Pass",IF($J$58<'Settings'!$B$4,"Thin",IF($J$58<0.06,"✅ Sharp band",IF($J$58<0.08,"Strong","⚠ Verify (stale?)"))))) | N58: Model 52.8% (fair -112). Your call. | P58: =IF(OR($H$58="",$O$58=""),"",(1+IF($H$58<0,-100/$H$58,$H$58/100))/(1+IF($O$58<0,-100/$O$58,$O$58/100))-1)
A59: 2026-06-28 | B59: Chicago Cubs @ Milwaukee Brewers | C59: 18:10 | D59: Moneyline | E59: Chicago Cubs | F59: 0.40988 | G59: 144 | H59: 150 | I59: =IF($H$59="","",IF($H$59<0,-$H$59/(-$H$59+100),100/($H$59+100))) | J59: =IF($H$59="","",$F$59*IF($H$59<0,-100/$H$59,$H$59/100)-(1-$F$59)) | K59: =IF($H$59="","",MAX(0,($F$59*IF($H$59<0,-100/$H$59,$H$59/100)-(1-$F$59))/IF($H$59<0,-100/$H$59,$H$59/100))*'Settings'!$B$3) | L59: =IF($H$59="","",ROUND(MIN($K$59,'Settings'!$B$5)*'Settings'!$B$2,2)) | M59: =IF($J$59="","",IF($J$59<0,"Pass",IF($J$59<'Settings'!$B$4,"Thin",IF($J$59<0.06,"✅ Sharp band",IF($J$59<0.08,"Strong","⚠ Verify (stale?)"))))) | N59: Model 41.0% (fair +144). Your call. | P59: =IF(OR($H$59="",$O$59=""),"",(1+IF($H$59<0,-100/$H$59,$H$59/100))/(1+IF($O$59<0,-100/$O$59,$O$59/100))-1)
A60: 2026-06-28 | B60: Chicago Cubs @ Milwaukee Brewers | C60: 18:10 | D60: Moneyline | E60: Milwaukee Brewers | F60: 0.59009032 | G60: -144 | H60: -148 | I60: =IF($H$60="","",IF($H$60<0,-$H$60/(-$H$60+100),100/($H$60+100))) | J60: =IF($H$60="","",$F$60*IF($H$60<0,-100/$H$60,$H$60/100)-(1-$F$60)) | K60: =IF($H$60="","",MAX(0,($F$60*IF($H$60<0,-100/$H$60,$H$60/100)-(1-$F$60))/IF($H$60<0,-100/$H$60,$H$60/100))*'Settings'!$B$3) | L60: =IF($H$60="","",ROUND(MIN($K$60,'Settings'!$B$5)*'Settings'!$B$2,2)) | M60: =IF($J$60="","",IF($J$60<0,"Pass",IF($J$60<'Settings'!$B$4,"Thin",IF($J$60<0.06,"✅ Sharp band",IF($J$60<0.08,"Strong","⚠ Verify (stale?)"))))) | N60: Model 59.0% (fair -144). Your call. | P60: =IF(OR($H$60="",$O$60=""),"",(1+IF($H$60<0,-100/$H$60,$H$60/100))/(1+IF($O$60<0,-100/$O$60,$O$60/100))-1)
A61: 2026-06-28 | B61: Chicago Cubs @ Milwaukee Brewers | C61: 18:10 | D61: Total | E61: Over 8.5 | F61: 0.54153846 | G61: -118 | H61: 108 | I61: =IF($H$61="","",IF($H$61<0,-$H$61/(-$H$61+100),100/($H$61+100))) | J61: =IF($H$61="","",$F$61*IF($H$61<0,-100/$H$61,$H$61/100)-(1-$F$61)) | K61: =IF($H$61="","",MAX(0,($F$61*IF($H$61<0,-100/$H$61,$H$61/100)-(1-$F$61))/IF($H$61<0,-100/$H$61,$H$61/100))*'Settings'!$B$3) | L61: =IF($H$61="","",ROUND(MIN($K$61,'Settings'!$B$5)*'Settings'!$B$2,2)) | M61: =IF($J$61="","",IF($J$61<0,"Pass",IF($J$61<'Settings'!$B$4,"Thin",IF($J$61<0.06,"✅ Sharp band",IF($J$61<0.08,"Strong","⚠ Verify (stale?)"))))) | N61: Model 54.2% (fair -118). Your call. | P61: =IF(OR($H$61="",$O$61=""),"",(1+IF($H$61<0,-100/$H$61,$H$61/100))/(1+IF($O$61<0,-100/$O$61,$O$61/100))-1)
A62: 2026-06-28 | B62: Chicago Cubs @ Milwaukee Brewers | C62: 18:10 | D62: Total | E62: Under 8.5 | F62: 0.45846965 | G62: 118 | H62: -101 | I62: =IF($H$62="","",IF($H$62<0,-$H$62/(-$H$62+100),100/($H$62+100))) | J62: =IF($H$62="","",$F$62*IF($H$62<0,-100/$H$62,$H$62/100)-(1-$F$62)) | K62: =IF($H$62="","",MAX(0,($F$62*IF($H$62<0,-100/$H$62,$H$62/100)-(1-$F$62))/IF($H$62<0,-100/$H$62,$H$62/100))*'Settings'!$B$3) | L62: =IF($H$62="","",ROUND(MIN($K$62,'Settings'!$B$5)*'Settings'!$B$2,2)) | M62: =IF($J$62="","",IF($J$62<0,"Pass",IF($J$62<'Settings'!$B$4,"Thin",IF($J$62<0.06,"✅ Sharp band",IF($J$62<0.08,"Strong","⚠ Verify (stale?)"))))) | N62: Model 45.8% (fair +118). Your call. | P62: =IF(OR($H$62="",$O$62=""),"",(1+IF($H$62<0,-100/$H$62,$H$62/100))/(1+IF($O$62<0,-100/$O$62,$O$62/100))-1)
A63: 2026-06-28 | B63: Chicago Cubs @ Milwaukee Brewers | C63: 18:10 | D63: Spread | E63: Milwaukee Brewers -1.5 | F63: 0.4523 | G63: 121 | H63: 138 | I63: =IF($H$63="","",IF($H$63<0,-$H$63/(-$H$63+100),100/($H$63+100))) | J63: =IF($H$63="","",$F$63*IF($H$63<0,-100/$H$63,$H$63/100)-(1-$F$63)) | K63: =IF($H$63="","",MAX(0,($F$63*IF($H$63<0,-100/$H$63,$H$63/100)-(1-$F$63))/IF($H$63<0,-100/$H$63,$H$63/100))*'Settings'!$B$3) | L63: =IF($H$63="","",ROUND(MIN($K$63,'Settings'!$B$5)*'Settings'!$B$2,2)) | M63: =IF($J$63="","",IF($J$63<0,"Pass",IF($J$63<'Settings'!$B$4,"Thin",IF($J$63<0.06,"✅ Sharp band",IF($J$63<0.08,"Strong","⚠ Verify (stale?)"))))) | N63: Model 45.2% (fair +121). Your call. | P63: =IF(OR($H$63="",$O$63=""),"",(1+IF($H$63<0,-100/$H$63,$H$63/100))/(1+IF($O$63<0,-100/$O$63,$O$63/100))-1)
A64: 2026-06-28 | B64: Chicago Cubs @ Milwaukee Brewers | C64: 18:10 | D64: Spread | E64: Chicago Cubs +1.5 | F64: 0.5477 | G64: -121 | H64: 102 | I64: =IF($H$64="","",IF($H$64<0,-$H$64/(-$H$64+100),100/($H$64+100))) | J64: =IF($H$64="","",$F$64*IF($H$64<0,-100/$H$64,$H$64/100)-(1-$F$64)) | K64: =IF($H$64="","",MAX(0,($F$64*IF($H$64<0,-100/$H$64,$H$64/100)-(1-$F$64))/IF($H$64<0,-100/$H$64,$H$64/100))*'Settings'!$B$3) | L64: =IF($H$64="","",ROUND(MIN($K$64,'Settings'!$B$5)*'Settings'!$B$2,2)) | M64: =IF($J$64="","",IF($J$64<0,"Pass",IF($J$64<'Settings'!$B$4,"Thin",IF($J$64<0.06,"✅ Sharp band",IF($J$64<0.08,"Strong","⚠ Verify (stale?)"))))) | N64: Model 54.8% (fair -121). Your call. | P64: =IF(OR($H$64="",$O$64=""),"",(1+IF($H$64<0,-100/$H$64,$H$64/100))/(1+IF($O$64<0,-100/$O$64,$O$64/100))-1)
A65: 2026-06-28 | B65: Miami Marlins @ St. Louis Cardinals | C65: 18:15 | D65: Moneyline | E65: Miami Marlins | F65: 0.4834 | G65: 107 | I65: =IF($H$65="","",IF($H$65<0,-$H$65/(-$H$65+100),100/($H$65+100))) | J65: =IF($H$65="","",$F$65*IF($H$65<0,-100/$H$65,$H$65/100)-(1-$F$65)) | K65: =IF($H$65="","",MAX(0,($F$65*IF($H$65<0,-100/$H$65,$H$65/100)-(1-$F$65))/IF($H$65<0,-100/$H$65,$H$65/100))*'Settings'!$B$3) | L65: =IF($H$65="","",ROUND(MIN($K$65,'Settings'!$B$5)*'Settings'!$B$2,2)) | M65: =IF($J$65="","",IF($J$65<0,"Pass",IF($J$65<'Settings'!$B$4,"Thin",IF($J$65<0.06,"✅ Sharp band",IF($J$65<0.08,"Strong","⚠ Verify (stale?)"))))) | N65: Model 48.3% (fair +107). Your call. | P65: =IF(OR($H$65="",$O$65=""),"",(1+IF($H$65<0,-100/$H$65,$H$65/100))/(1+IF($O$65<0,-100/$O$65,$O$65/100))-1)
A66: 2026-06-28 | B66: Miami Marlins @ St. Louis Cardinals | C66: 18:15 | D66: Moneyline | E66: St. Louis Cardinals | F66: 0.5166 | G66: -107 | I66: =IF($H$66="","",IF($H$66<0,-$H$66/(-$H$66+100),100/($H$66+100))) | J66: =IF($H$66="","",$F$66*IF($H$66<0,-100/$H$66,$H$66/100)-(1-$F$66)) | K66: =IF($H$66="","",MAX(0,($F$66*IF($H$66<0,-100/$H$66,$H$66/100)-(1-$F$66))/IF($H$66<0,-100/$H$66,$H$66/100))*'Settings'!$B$3) | L66: =IF($H$66="","",ROUND(MIN($K$66,'Settings'!$B$5)*'Settings'!$B$2,2)) | M66: =IF($J$66="","",IF($J$66<0,"Pass",IF($J$66<'Settings'!$B$4,"Thin",IF($J$66<0.06,"✅ Sharp band",IF($J$66<0.08,"Strong","⚠ Verify (stale?)"))))) | N66: Model 51.7% (fair -107). Your call. | P66: =IF(OR($H$66="",$O$66=""),"",(1+IF($H$66<0,-100/$H$66,$H$66/100))/(1+IF($O$66<0,-100/$O$66,$O$66/100))-1)
A67: 2026-06-28 | B67: Athletics @ Los Angeles Angels | C67: 19:15 | D67: Moneyline | E67: Athletics | F67: 0.4649 | G67: 115 | I67: =IF($H$67="","",IF($H$67<0,-$H$67/(-$H$67+100),100/($H$67+100))) | J67: =IF($H$67="","",$F$67*IF($H$67<0,-100/$H$67,$H$67/100)-(1-$F$67)) | K67: =IF($H$67="","",MAX(0,($F$67*IF($H$67<0,-100/$H$67,$H$67/100)-(1-$F$67))/IF($H$67<0,-100/$H$67,$H$67/100))*'Settings'!$B$3) | L67: =IF($H$67="","",ROUND(MIN($K$67,'Settings'!$B$5)*'Settings'!$B$2,2)) | M67: =IF($J$67="","",IF($J$67<0,"Pass",IF($J$67<'Settings'!$B$4,"Thin",IF($J$67<0.06,"✅ Sharp band",IF($J$67<0.08,"Strong","⚠ Verify (stale?)"))))) | N67: Model 46.5% (fair +115). Your call. | P67: =IF(OR($H$67="",$O$67=""),"",(1+IF($H$67<0,-100/$H$67,$H$67/100))/(1+IF($O$67<0,-100/$O$67,$O$67/100))-1)
A68: 2026-06-28 | B68: Athletics @ Los Angeles Angels | C68: 19:15 | D68: Moneyline | E68: Los Angeles Angels | F68: 0.5351 | G68: -115 | I68: =IF($H$68="","",IF($H$68<0,-$H$68/(-$H$68+100),100/($H$68+100))) | J68: =IF($H$68="","",$F$68*IF($H$68<0,-100/$H$68,$H$68/100)-(1-$F$68)) | K68: =IF($H$68="","",MAX(0,($F$68*IF($H$68<0,-100/$H$68,$H$68/100)-(1-$F$68))/IF($H$68<0,-100/$H$68,$H$68/100))*'Settings'!$B$3) | L68: =IF($H$68="","",ROUND(MIN($K$68,'Settings'!$B$5)*'Settings'!$B$2,2)) | M68: =IF($J$68="","",IF($J$68<0,"Pass",IF($J$68<'Settings'!$B$4,"Thin",IF($J$68<0.06,"✅ Sharp band",IF($J$68<0.08,"Strong","⚠ Verify (stale?)"))))) | N68: Model 53.5% (fair -115). Your call. | P68: =IF(OR($H$68="",$O$68=""),"",(1+IF($H$68<0,-100/$H$68,$H$68/100))/(1+IF($O$68<0,-100/$O$68,$O$68/100))-1)
A69: 2026-06-28 | B69: Atlanta Braves @ San Francisco Giants | C69: 20:05 | D69: Moneyline | E69: Atlanta Braves | F69: 0.521 | G69: -109 | I69: =IF($H$69="","",IF($H$69<0,-$H$69/(-$H$69+100),100/($H$69+100))) | J69: =IF($H$69="","",$F$69*IF($H$69<0,-100/$H$69,$H$69/100)-(1-$F$69)) | K69: =IF($H$69="","",MAX(0,($F$69*IF($H$69<0,-100/$H$69,$H$69/100)-(1-$F$69))/IF($H$69<0,-100/$H$69,$H$69/100))*'Settings'!$B$3) | L69: =IF($H$69="","",ROUND(MIN($K$69,'Settings'!$B$5)*'Settings'!$B$2,2)) | M69: =IF($J$69="","",IF($J$69<0,"Pass",IF($J$69<'Settings'!$B$4,"Thin",IF($J$69<0.06,"✅ Sharp band",IF($J$69<0.08,"Strong","⚠ Verify (stale?)"))))) | N69: Model 52.1% (fair -109). Your call. | P69: =IF(OR($H$69="",$O$69=""),"",(1+IF($H$69<0,-100/$H$69,$H$69/100))/(1+IF($O$69<0,-100/$O$69,$O$69/100))-1)
A70: 2026-06-28 | B70: Atlanta Braves @ San Francisco Giants | C70: 20:05 | D70: Moneyline | E70: San Francisco Giants | F70: 0.479 | G70: 109 | I70: =IF($H$70="","",IF($H$70<0,-$H$70/(-$H$70+100),100/($H$70+100))) | J70: =IF($H$70="","",$F$70*IF($H$70<0,-100/$H$70,$H$70/100)-(1-$F$70)) | K70: =IF($H$70="","",MAX(0,($F$70*IF($H$70<0,-100/$H$70,$H$70/100)-(1-$F$70))/IF($H$70<0,-100/$H$70,$H$70/100))*'Settings'!$B$3) | L70: =IF($H$70="","",ROUND(MIN($K$70,'Settings'!$B$5)*'Settings'!$B$2,2)) | M70: =IF($J$70="","",IF($J$70<0,"Pass",IF($J$70<'Settings'!$B$4,"Thin",IF($J$70<0.06,"✅ Sharp band",IF($J$70<0.08,"Strong","⚠ Verify (stale?)"))))) | N70: Model 47.9% (fair +109). Your call. | P70: =IF(OR($H$70="",$O$70=""),"",(1+IF($H$70<0,-100/$H$70,$H$70/100))/(1+IF($O$70<0,-100/$O$70,$O$70/100))-1)
A71: 2026-06-28 | B71: Los Angeles Dodgers @ San Diego Padres | C71: 20:10 | D71: Moneyline | E71: Los Angeles Dodgers | F71: 0.5511 | G71: -123 | I71: =IF($H$71="","",IF($H$71<0,-$H$71/(-$H$71+100),100/($H$71+100))) | J71: =IF($H$71="","",$F$71*IF($H$71<0,-100/$H$71,$H$71/100)-(1-$F$71)) | K71: =IF($H$71="","",MAX(0,($F$71*IF($H$71<0,-100/$H$71,$H$71/100)-(1-$F$71))/IF($H$71<0,-100/$H$71,$H$71/100))*'Settings'!$B$3) | L71: =IF($H$71="","",ROUND(MIN($K$71,'Settings'!$B$5)*'Settings'!$B$2,2)) | M71: =IF($J$71="","",IF($J$71<0,"Pass",IF($J$71<'Settings'!$B$4,"Thin",IF($J$71<0.06,"✅ Sharp band",IF($J$71<0.08,"Strong","⚠ Verify (stale?)"))))) | N71: Model 55.1% (fair -123). Your call. | P71: =IF(OR($H$71="",$O$71=""),"",(1+IF($H$71<0,-100/$H$71,$H$71/100))/(1+IF($O$71<0,-100/$O$71,$O$71/100))-1)
A72: 2026-06-28 | B72: Los Angeles Dodgers @ San Diego Padres | C72: 20:10 | D72: Moneyline | E72: San Diego Padres | F72: 0.4489 | G72: 123 | I72: =IF($H$72="","",IF($H$72<0,-$H$72/(-$H$72+100),100/($H$72+100))) | J72: =IF($H$72="","",$F$72*IF($H$72<0,-100/$H$72,$H$72/100)-(1-$F$72)) | K72: =IF($H$72="","",MAX(0,($F$72*IF($H$72<0,-100/$H$72,$H$72/100)-(1-$F$72))/IF($H$72<0,-100/$H$72,$H$72/100))*'Settings'!$B$3) | L72: =IF($H$72="","",ROUND(MIN($K$72,'Settings'!$B$5)*'Settings'!$B$2,2)) | M72: =IF($J$72="","",IF($J$72<0,"Pass",IF($J$72<'Settings'!$B$4,"Thin",IF($J$72<0.06,"✅ Sharp band",IF($J$72<0.08,"Strong","⚠ Verify (stale?)"))))) | N72: Model 44.9% (fair +123). Your call. | P72: =IF(OR($H$72="",$O$72=""),"",(1+IF($H$72<0,-100/$H$72,$H$72/100))/(1+IF($O$72<0,-100/$O$72,$O$72/100))-1)
A73: 2026-06-28 | B73: New York Yankees @ Boston Red Sox | C73: 23:20 | D73: Moneyline | E73: New York Yankees | F73: 0.5324 | G73: -114 | I73: =IF($H$73="","",IF($H$73<0,-$H$73/(-$H$73+100),100/($H$73+100))) | J73: =IF($H$73="","",$F$73*IF($H$73<0,-100/$H$73,$H$73/100)-(1-$F$73)) | K73: =IF($H$73="","",MAX(0,($F$73*IF($H$73<0,-100/$H$73,$H$73/100)-(1-$F$73))/IF($H$73<0,-100/$H$73,$H$73/100))*'Settings'!$B$3) | L73: =IF($H$73="","",ROUND(MIN($K$73,'Settings'!$B$5)*'Settings'!$B$2,2)) | M73: =IF($J$73="","",IF($J$73<0,"Pass",IF($J$73<'Settings'!$B$4,"Thin",IF($J$73<0.06,"✅ Sharp band",IF($J$73<0.08,"Strong","⚠ Verify (stale?)"))))) | N73: Model 53.2% (fair -114). Your call. | P73: =IF(OR($H$73="",$O$73=""),"",(1+IF($H$73<0,-100/$H$73,$H$73/100))/(1+IF($O$73<0,-100/$O$73,$O$73/100))-1)
A74: 2026-06-28 | B74: New York Yankees @ Boston Red Sox | C74: 23:20 | D74: Moneyline | E74: Boston Red Sox | F74: 0.46760617 | G74: 114 | H74: -127 | I74: =IF($H$74="","",IF($H$74<0,-$H$74/(-$H$74+100),100/($H$74+100))) | J74: =IF($H$74="","",$F$74*IF($H$74<0,-100/$H$74,$H$74/100)-(1-$F$74)) | K74: =IF($H$74="","",MAX(0,($F$74*IF($H$74<0,-100/$H$74,$H$74/100)-(1-$F$74))/IF($H$74<0,-100/$H$74,$H$74/100))*'Settings'!$B$3) | L74: =IF($H$74="","",ROUND(MIN($K$74,'Settings'!$B$5)*'Settings'!$B$2,2)) | M74: =IF($J$74="","",IF($J$74<0,"Pass",IF($J$74<'Settings'!$B$4,"Thin",IF($J$74<0.06,"✅ Sharp band",IF($J$74<0.08,"Strong","⚠ Verify (stale?)"))))) | N74: Model 46.8% (fair +114). Your call. | P74: =IF(OR($H$74="",$O$74=""),"",(1+IF($H$74<0,-100/$H$74,$H$74/100))/(1+IF($O$74<0,-100/$O$74,$O$74/100))-1)
A75: 2026-06-28 | B75: New York Yankees @ Boston Red Sox | C75: 23:20 | D75: Total | E75: Over 8.5 | F75: 0.5239 | G75: -110 | H75: -104 | I75: =IF($H$75="","",IF($H$75<0,-$H$75/(-$H$75+100),100/($H$75+100))) | J75: =IF($H$75="","",$F$75*IF($H$75<0,-100/$H$75,$H$75/100)-(1-$F$75)) | K75: =IF($H$75="","",MAX(0,($F$75*IF($H$75<0,-100/$H$75,$H$75/100)-(1-$F$75))/IF($H$75<0,-100/$H$75,$H$75/100))*'Settings'!$B$3) | L75: =IF($H$75="","",ROUND(MIN($K$75,'Settings'!$B$5)*'Settings'!$B$2,2)) | M75: =IF($J$75="","",IF($J$75<0,"Pass",IF($J$75<'Settings'!$B$4,"Thin",IF($J$75<0.06,"✅ Sharp band",IF($J$75<0.08,"Strong","⚠ Verify (stale?)"))))) | N75: Model 52.4% (fair -110). Your call. | P75: =IF(OR($H$75="",$O$75=""),"",(1+IF($H$75<0,-100/$H$75,$H$75/100))/(1+IF($O$75<0,-100/$O$75,$O$75/100))-1)
A76: 2026-06-28 | B76: New York Yankees @ Boston Red Sox | C76: 23:20 | D76: Total | E76: Under 8.5 | F76: 0.4761 | G76: 110 | H76: 120 | I76: =IF($H$76="","",IF($H$76<0,-$H$76/(-$H$76+100),100/($H$76+100))) | J76: =IF($H$76="","",$F$76*IF($H$76<0,-100/$H$76,$H$76/100)-(1-$F$76)) | K76: =IF($H$76="","",MAX(0,($F$76*IF($H$76<0,-100/$H$76,$H$76/100)-(1-$F$76))/IF($H$76<0,-100/$H$76,$H$76/100))*'Settings'!$B$3) | L76: =IF($H$76="","",ROUND(MIN($K$76,'Settings'!$B$5)*'Settings'!$B$2,2)) | M76: =IF($J$76="","",IF($J$76<0,"Pass",IF($J$76<'Settings'!$B$4,"Thin",IF($J$76<0.06,"✅ Sharp band",IF($J$76<0.08,"Strong","⚠ Verify (stale?)"))))) | N76: Model 47.6% (fair +110). Your call. | P76: =IF(OR($H$76="",$O$76=""),"",(1+IF($H$76<0,-100/$H$76,$H$76/100))/(1+IF($O$76<0,-100/$O$76,$O$76/100))-1)
A77: 2026-06-28 | B77: New York Yankees @ Boston Red Sox | C77: 23:20 | D77: Spread | E77: Boston Red Sox -1.5 | F77: 0.33796154 | G77: 196 | H77: 160 | I77: =IF($H$77="","",IF($H$77<0,-$H$77/(-$H$77+100),100/($H$77+100))) | J77: =IF($H$77="","",$F$77*IF($H$77<0,-100/$H$77,$H$77/100)-(1-$F$77)) | K77: =IF($H$77="","",MAX(0,($F$77*IF($H$77<0,-100/$H$77,$H$77/100)-(1-$F$77))/IF($H$77<0,-100/$H$77,$H$77/100))*'Settings'!$B$3) | L77: =IF($H$77="","",ROUND(MIN($K$77,'Settings'!$B$5)*'Settings'!$B$2,2)) | M77: =IF($J$77="","",IF($J$77<0,"Pass",IF($J$77<'Settings'!$B$4,"Thin",IF($J$77<0.06,"✅ Sharp band",IF($J$77<0.08,"Strong","⚠ Verify (stale?)"))))) | N77: Model 33.8% (fair +196). Your call. | P77: =IF(OR($H$77="",$O$77=""),"",(1+IF($H$77<0,-100/$H$77,$H$77/100))/(1+IF($O$77<0,-100/$O$77,$O$77/100))-1)
A78: 2026-06-28 | B78: New York Yankees @ Boston Red Sox | C78: 23:20 | D78: Spread | E78: New York Yankees +1.5 | F78: 0.6621 | G78: -196 | I78: =IF($H$78="","",IF($H$78<0,-$H$78/(-$H$78+100),100/($H$78+100))) | J78: =IF($H$78="","",$F$78*IF($H$78<0,-100/$H$78,$H$78/100)-(1-$F$78)) | K78: =IF($H$78="","",MAX(0,($F$78*IF($H$78<0,-100/$H$78,$H$78/100)-(1-$F$78))/IF($H$78<0,-100/$H$78,$H$78/100))*'Settings'!$B$3) | L78: =IF($H$78="","",ROUND(MIN($K$78,'Settings'!$B$5)*'Settings'!$B$2,2)) | M78: =IF($J$78="","",IF($J$78<0,"Pass",IF($J$78<'Settings'!$B$4,"Thin",IF($J$78<0.06,"✅ Sharp band",IF($J$78<0.08,"Strong","⚠ Verify (stale?)"))))) | N78: Model 66.2% (fair -196). Your call. | P78: =IF(OR($H$78="",$O$78=""),"",(1+IF($H$78<0,-100/$H$78,$H$78/100))/(1+IF($O$78<0,-100/$O$78,$O$78/100))-1)
A79: 2026-06-29 | B79: Chicago White Sox @ Baltimore Orioles | C79: 22:35 | D79: Moneyline | E79: Chicago White Sox | F79: 0.46076577 | G79: 117 | H79: 122 | I79: =IF($H$79="","",IF($H$79<0,-$H$79/(-$H$79+100),100/($H$79+100))) | J79: =IF($H$79="","",$F$79*IF($H$79<0,-100/$H$79,$H$79/100)-(1-$F$79)) | K79: =IF($H$79="","",MAX(0,($F$79*IF($H$79<0,-100/$H$79,$H$79/100)-(1-$F$79))/IF($H$79<0,-100/$H$79,$H$79/100))*'Settings'!$B$3) | L79: =IF($H$79="","",ROUND(MIN($K$79,'Settings'!$B$5)*'Settings'!$B$2,2)) | M79: =IF($J$79="","",IF($J$79<0,"Pass",IF($J$79<'Settings'!$B$4,"Thin",IF($J$79<0.06,"✅ Sharp band",IF($J$79<0.08,"Strong","⚠ Verify (stale?)"))))) | N79: Model 46.1% (fair +117). Your call. | P79: =IF(OR($H$79="",$O$79=""),"",(1+IF($H$79<0,-100/$H$79,$H$79/100))/(1+IF($O$79<0,-100/$O$79,$O$79/100))-1)
A80: 2026-06-29 | B80: Chicago White Sox @ Baltimore Orioles | C80: 22:35 | D80: Moneyline | E80: Baltimore Orioles | F80: 0.53922222 | G80: -117 | H80: -125 | I80: =IF($H$80="","",IF($H$80<0,-$H$80/(-$H$80+100),100/($H$80+100))) | J80: =IF($H$80="","",$F$80*IF($H$80<0,-100/$H$80,$H$80/100)-(1-$F$80)) | K80: =IF($H$80="","",MAX(0,($F$80*IF($H$80<0,-100/$H$80,$H$80/100)-(1-$F$80))/IF($H$80<0,-100/$H$80,$H$80/100))*'Settings'!$B$3) | L80: =IF($H$80="","",ROUND(MIN($K$80,'Settings'!$B$5)*'Settings'!$B$2,2)) | M80: =IF($J$80="","",IF($J$80<0,"Pass",IF($J$80<'Settings'!$B$4,"Thin",IF($J$80<0.06,"✅ Sharp band",IF($J$80<0.08,"Strong","⚠ Verify (stale?)"))))) | N80: Model 53.9% (fair -117). Your call. | P80: =IF(OR($H$80="",$O$80=""),"",(1+IF($H$80<0,-100/$H$80,$H$80/100))/(1+IF($O$80<0,-100/$O$80,$O$80/100))-1)
A81: 2026-06-29 | B81: Chicago White Sox @ Baltimore Orioles | C81: 22:35 | D81: Total | E81: Over 8.5 | F81: 0.54772093 | G81: -121 | H81: -115 | I81: =IF($H$81="","",IF($H$81<0,-$H$81/(-$H$81+100),100/($H$81+100))) | J81: =IF($H$81="","",$F$81*IF($H$81<0,-100/$H$81,$H$81/100)-(1-$F$81)) | K81: =IF($H$81="","",MAX(0,($F$81*IF($H$81<0,-100/$H$81,$H$81/100)-(1-$F$81))/IF($H$81<0,-100/$H$81,$H$81/100))*'Settings'!$B$3) | L81: =IF($H$81="","",ROUND(MIN($K$81,'Settings'!$B$5)*'Settings'!$B$2,2)) | M81: =IF($J$81="","",IF($J$81<0,"Pass",IF($J$81<'Settings'!$B$4,"Thin",IF($J$81<0.06,"✅ Sharp band",IF($J$81<0.08,"Strong","⚠ Verify (stale?)"))))) | N81: Model 54.8% (fair -121). Your call. | P81: =IF(OR($H$81="",$O$81=""),"",(1+IF($H$81<0,-100/$H$81,$H$81/100))/(1+IF($O$81<0,-100/$O$81,$O$81/100))-1)
A82: 2026-06-29 | B82: Chicago White Sox @ Baltimore Orioles | C82: 22:35 | D82: Total | E82: Under 8.5 | F82: 0.45226829 | G82: 121 | H82: -105 | I82: =IF($H$82="","",IF($H$82<0,-$H$82/(-$H$82+100),100/($H$82+100))) | J82: =IF($H$82="","",$F$82*IF($H$82<0,-100/$H$82,$H$82/100)-(1-$F$82)) | K82: =IF($H$82="","",MAX(0,($F$82*IF($H$82<0,-100/$H$82,$H$82/100)-(1-$F$82))/IF($H$82<0,-100/$H$82,$H$82/100))*'Settings'!$B$3) | L82: =IF($H$82="","",ROUND(MIN($K$82,'Settings'!$B$5)*'Settings'!$B$2,2)) | M82: =IF($J$82="","",IF($J$82<0,"Pass",IF($J$82<'Settings'!$B$4,"Thin",IF($J$82<0.06,"✅ Sharp band",IF($J$82<0.08,"Strong","⚠ Verify (stale?)"))))) | N82: Model 45.2% (fair +121). Your call. | P82: =IF(OR($H$82="",$O$82=""),"",(1+IF($H$82<0,-100/$H$82,$H$82/100))/(1+IF($O$82<0,-100/$O$82,$O$82/100))-1)
A83: 2026-06-29 | B83: Chicago White Sox @ Baltimore Orioles | C83: 22:35 | D83: Spread | E83: Baltimore Orioles +1.5 | F83: 0.6434339 | G83: -180 | H83: -195 | I83: =IF($H$83="","",IF($H$83<0,-$H$83/(-$H$83+100),100/($H$83+100))) | J83: =IF($H$83="","",$F$83*IF($H$83<0,-100/$H$83,$H$83/100)-(1-$F$83)) | K83: =IF($H$83="","",MAX(0,($F$83*IF($H$83<0,-100/$H$83,$H$83/100)-(1-$F$83))/IF($H$83<0,-100/$H$83,$H$83/100))*'Settings'!$B$3) | L83: =IF($H$83="","",ROUND(MIN($K$83,'Settings'!$B$5)*'Settings'!$B$2,2)) | M83: =IF($J$83="","",IF($J$83<0,"Pass",IF($J$83<'Settings'!$B$4,"Thin",IF($J$83<0.06,"✅ Sharp band",IF($J$83<0.08,"Strong","⚠ Verify (stale?)"))))) | N83: Model 64.3% (fair -180). Your call. | P83: =IF(OR($H$83="",$O$83=""),"",(1+IF($H$83<0,-100/$H$83,$H$83/100))/(1+IF($O$83<0,-100/$O$83,$O$83/100))-1)
A84: 2026-06-29 | B84: Chicago White Sox @ Baltimore Orioles | C84: 22:35 | D84: Spread | E84: Chicago White Sox -1.5 | F84: 0.35657692 | G84: 180 | H84: 160 | I84: =IF($H$84="","",IF($H$84<0,-$H$84/(-$H$84+100),100/($H$84+100))) | J84: =IF($H$84="","",$F$84*IF($H$84<0,-100/$H$84,$H$84/100)-(1-$F$84)) | K84: =IF($H$84="","",MAX(0,($F$84*IF($H$84<0,-100/$H$84,$H$84/100)-(1-$F$84))/IF($H$84<0,-100/$H$84,$H$84/100))*'Settings'!$B$3) | L84: =IF($H$84="","",ROUND(MIN($K$84,'Settings'!$B$5)*'Settings'!$B$2,2)) | M84: =IF($J$84="","",IF($J$84<0,"Pass",IF($J$84<'Settings'!$B$4,"Thin",IF($J$84<0.06,"✅ Sharp band",IF($J$84<0.08,"Strong","⚠ Verify (stale?)"))))) | N84: Model 35.7% (fair +180). Your call. | P84: =IF(OR($H$84="",$O$84=""),"",(1+IF($H$84<0,-100/$H$84,$H$84/100))/(1+IF($O$84<0,-100/$O$84,$O$84/100))-1)
A85: 2026-06-29 | B85: Pittsburgh Pirates @ Philadelphia Phillies | C85: 22:40 | D85: Moneyline | E85: Pittsburgh Pirates | F85: 0.5427451 | G85: -119 | H85: 104 | I85: =IF($H$85="","",IF($H$85<0,-$H$85/(-$H$85+100),100/($H$85+100))) | J85: =IF($H$85="","",$F$85*IF($H$85<0,-100/$H$85,$H$85/100)-(1-$F$85)) | K85: =IF($H$85="","",MAX(0,($F$85*IF($H$85<0,-100/$H$85,$H$85/100)-(1-$F$85))/IF($H$85<0,-100/$H$85,$H$85/100))*'Settings'!$B$3) | L85: =IF($H$85="","",ROUND(MIN($K$85,'Settings'!$B$5)*'Settings'!$B$2,2)) | M85: =IF($J$85="","",IF($J$85<0,"Pass",IF($J$85<'Settings'!$B$4,"Thin",IF($J$85<0.06,"✅ Sharp band",IF($J$85<0.08,"Strong","⚠ Verify (stale?)"))))) | N85: Model 54.3% (fair -119). Your call. | P85: =IF(OR($H$85="",$O$85=""),"",(1+IF($H$85<0,-100/$H$85,$H$85/100))/(1+IF($O$85<0,-100/$O$85,$O$85/100))-1)
A86: 2026-06-29 | B86: Pittsburgh Pirates @ Philadelphia Phillies | C86: 22:40 | D86: Moneyline | E86: Philadelphia Phillies | F86: 0.45723659 | G86: 119 | H86: -105 | I86: =IF($H$86="","",IF($H$86<0,-$H$86/(-$H$86+100),100/($H$86+100))) | J86: =IF($H$86="","",$F$86*IF($H$86<0,-100/$H$86,$H$86/100)-(1-$F$86)) | K86: =IF($H$86="","",MAX(0,($F$86*IF($H$86<0,-100/$H$86,$H$86/100)-(1-$F$86))/IF($H$86<0,-100/$H$86,$H$86/100))*'Settings'!$B$3) | L86: =IF($H$86="","",ROUND(MIN($K$86,'Settings'!$B$5)*'Settings'!$B$2,2)) | M86: =IF($J$86="","",IF($J$86<0,"Pass",IF($J$86<'Settings'!$B$4,"Thin",IF($J$86<0.06,"✅ Sharp band",IF($J$86<0.08,"Strong","⚠ Verify (stale?)"))))) | N86: Model 45.7% (fair +119). Your call. | P86: =IF(OR($H$86="",$O$86=""),"",(1+IF($H$86<0,-100/$H$86,$H$86/100))/(1+IF($O$86<0,-100/$O$86,$O$86/100))-1)
A87: 2026-06-29 | B87: Pittsburgh Pirates @ Philadelphia Phillies | C87: 22:40 | D87: Total | E87: Over 8.5 | F87: 0.53753333 | G87: -116 | H87: -110 | I87: =IF($H$87="","",IF($H$87<0,-$H$87/(-$H$87+100),100/($H$87+100))) | J87: =IF($H$87="","",$F$87*IF($H$87<0,-100/$H$87,$H$87/100)-(1-$F$87)) | K87: =IF($H$87="","",MAX(0,($F$87*IF($H$87<0,-100/$H$87,$H$87/100)-(1-$F$87))/IF($H$87<0,-100/$H$87,$H$87/100))*'Settings'!$B$3) | L87: =IF($H$87="","",ROUND(MIN($K$87,'Settings'!$B$5)*'Settings'!$B$2,2)) | M87: =IF($J$87="","",IF($J$87<0,"Pass",IF($J$87<'Settings'!$B$4,"Thin",IF($J$87<0.06,"✅ Sharp band",IF($J$87<0.08,"Strong","⚠ Verify (stale?)"))))) | N87: Model 53.8% (fair -116). Your call. | P87: =IF(OR($H$87="",$O$87=""),"",(1+IF($H$87<0,-100/$H$87,$H$87/100))/(1+IF($O$87<0,-100/$O$87,$O$87/100))-1)
A88: 2026-06-29 | B88: Pittsburgh Pirates @ Philadelphia Phillies | C88: 22:40 | D88: Total | E88: Under 8.5 | F88: 0.46247143 | G88: 116 | H88: -110 | I88: =IF($H$88="","",IF($H$88<0,-$H$88/(-$H$88+100),100/($H$88+100))) | J88: =IF($H$88="","",$F$88*IF($H$88<0,-100/$H$88,$H$88/100)-(1-$F$88)) | K88: =IF($H$88="","",MAX(0,($F$88*IF($H$88<0,-100/$H$88,$H$88/100)-(1-$F$88))/IF($H$88<0,-100/$H$88,$H$88/100))*'Settings'!$B$3) | L88: =IF($H$88="","",ROUND(MIN($K$88,'Settings'!$B$5)*'Settings'!$B$2,2)) | M88: =IF($J$88="","",IF($J$88<0,"Pass",IF($J$88<'Settings'!$B$4,"Thin",IF($J$88<0.06,"✅ Sharp band",IF($J$88<0.08,"Strong","⚠ Verify (stale?)"))))) | N88: Model 46.2% (fair +116). Your call. | P88: =IF(OR($H$88="",$O$88=""),"",(1+IF($H$88<0,-100/$H$88,$H$88/100))/(1+IF($O$88<0,-100/$O$88,$O$88/100))-1)
A89: 2026-06-29 | B89: Pittsburgh Pirates @ Philadelphia Phillies | C89: 22:40 | D89: Spread | E89: Philadelphia Phillies +1.5 | F89: 0.56981481 | G89: -132 | H89: -170 | I89: =IF($H$89="","",IF($H$89<0,-$H$89/(-$H$89+100),100/($H$89+100))) | J89: =IF($H$89="","",$F$89*IF($H$89<0,-100/$H$89,$H$89/100)-(1-$F$89)) | K89: =IF($H$89="","",MAX(0,($F$89*IF($H$89<0,-100/$H$89,$H$89/100)-(1-$F$89))/IF($H$89<0,-100/$H$89,$H$89/100))*'Settings'!$B$3) | L89: =IF($H$89="","",ROUND(MIN($K$89,'Settings'!$B$5)*'Settings'!$B$2,2)) | M89: =IF($J$89="","",IF($J$89<0,"Pass",IF($J$89<'Settings'!$B$4,"Thin",IF($J$89<0.06,"✅ Sharp band",IF($J$89<0.08,"Strong","⚠ Verify (stale?)"))))) | N89: Model 57.0% (fair -132). Your call. | P89: =IF(OR($H$89="",$O$89=""),"",(1+IF($H$89<0,-100/$H$89,$H$89/100))/(1+IF($O$89<0,-100/$O$89,$O$89/100))-1)
A90: 2026-06-29 | B90: Pittsburgh Pirates @ Philadelphia Phillies | C90: 22:40 | D90: Spread | E90: Pittsburgh Pirates -1.5 | F90: 0.43020833 | G90: 132 | H90: 140 | I90: =IF($H$90="","",IF($H$90<0,-$H$90/(-$H$90+100),100/($H$90+100))) | J90: =IF($H$90="","",$F$90*IF($H$90<0,-100/$H$90,$H$90/100)-(1-$F$90)) | K90: =IF($H$90="","",MAX(0,($F$90*IF($H$90<0,-100/$H$90,$H$90/100)-(1-$F$90))/IF($H$90<0,-100/$H$90,$H$90/100))*'Settings'!$B$3) | L90: =IF($H$90="","",ROUND(MIN($K$90,'Settings'!$B$5)*'Settings'!$B$2,2)) | M90: =IF($J$90="","",IF($J$90<0,"Pass",IF($J$90<'Settings'!$B$4,"Thin",IF($J$90<0.06,"✅ Sharp band",IF($J$90<0.08,"Strong","⚠ Verify (stale?)"))))) | N90: Model 43.0% (fair +132). Your call. | P90: =IF(OR($H$90="",$O$90=""),"",(1+IF($H$90<0,-100/$H$90,$H$90/100))/(1+IF($O$90<0,-100/$O$90,$O$90/100))-1)
A91: 2026-06-29 | B91: Detroit Tigers @ New York Yankees | C91: 23:05 | D91: Moneyline | E91: Detroit Tigers | F91: 0.45613734 | G91: 119 | H91: 133 | I91: =IF($H$91="","",IF($H$91<0,-$H$91/(-$H$91+100),100/($H$91+100))) | J91: =IF($H$91="","",$F$91*IF($H$91<0,-100/$H$91,$H$91/100)-(1-$F$91)) | K91: =IF($H$91="","",MAX(0,($F$91*IF($H$91<0,-100/$H$91,$H$91/100)-(1-$F$91))/IF($H$91<0,-100/$H$91,$H$91/100))*'Settings'!$B$3) | L91: =IF($H$91="","",ROUND(MIN($K$91,'Settings'!$B$5)*'Settings'!$B$2,2)) | M91: =IF($J$91="","",IF($J$91<0,"Pass",IF($J$91<'Settings'!$B$4,"Thin",IF($J$91<0.06,"✅ Sharp band",IF($J$91<0.08,"Strong","⚠ Verify (stale?)"))))) | N91: Model 45.6% (fair +119). Your call. | P91: =IF(OR($H$91="",$O$91=""),"",(1+IF($H$91<0,-100/$H$91,$H$91/100))/(1+IF($O$91<0,-100/$O$91,$O$91/100))-1)
A92: 2026-06-29 | B92: Detroit Tigers @ New York Yankees | C92: 23:05 | D92: Moneyline | E92: New York Yankees | F92: 0.54385217 | G92: -119 | H92: -130 | I92: =IF($H$92="","",IF($H$92<0,-$H$92/(-$H$92+100),100/($H$92+100))) | J92: =IF($H$92="","",$F$92*IF($H$92<0,-100/$H$92,$H$92/100)-(1-$F$92)) | K92: =IF($H$92="","",MAX(0,($F$92*IF($H$92<0,-100/$H$92,$H$92/100)-(1-$F$92))/IF($H$92<0,-100/$H$92,$H$92/100))*'Settings'!$B$3) | L92: =IF($H$92="","",ROUND(MIN($K$92,'Settings'!$B$5)*'Settings'!$B$2,2)) | M92: =IF($J$92="","",IF($J$92<0,"Pass",IF($J$92<'Settings'!$B$4,"Thin",IF($J$92<0.06,"✅ Sharp band",IF($J$92<0.08,"Strong","⚠ Verify (stale?)"))))) | N92: Model 54.4% (fair -119). Your call. | P92: =IF(OR($H$92="",$O$92=""),"",(1+IF($H$92<0,-100/$H$92,$H$92/100))/(1+IF($O$92<0,-100/$O$92,$O$92/100))-1)
A93: 2026-06-29 | B93: Detroit Tigers @ New York Yankees | C93: 23:05 | D93: Total | E93: Over 7.5 | F93: 0.54032727 | G93: -118 | H93: -120 | I93: =IF($H$93="","",IF($H$93<0,-$H$93/(-$H$93+100),100/($H$93+100))) | J93: =IF($H$93="","",$F$93*IF($H$93<0,-100/$H$93,$H$93/100)-(1-$F$93)) | K93: =IF($H$93="","",MAX(0,($F$93*IF($H$93<0,-100/$H$93,$H$93/100)-(1-$F$93))/IF($H$93<0,-100/$H$93,$H$93/100))*'Settings'!$B$3) | L93: =IF($H$93="","",ROUND(MIN($K$93,'Settings'!$B$5)*'Settings'!$B$2,2)) | M93: =IF($J$93="","",IF($J$93<0,"Pass",IF($J$93<'Settings'!$B$4,"Thin",IF($J$93<0.06,"✅ Sharp band",IF($J$93<0.08,"Strong","⚠ Verify (stale?)"))))) | N93: Model 54.0% (fair -118). Your call. | P93: =IF(OR($H$93="",$O$93=""),"",(1+IF($H$93<0,-100/$H$93,$H$93/100))/(1+IF($O$93<0,-100/$O$93,$O$93/100))-1)
A94: 2026-06-29 | B94: Detroit Tigers @ New York Yankees | C94: 23:05 | D94: Total | E94: Under 7.5 | F94: 0.4597 | G94: 118 | H94: 100 | I94: =IF($H$94="","",IF($H$94<0,-$H$94/(-$H$94+100),100/($H$94+100))) | J94: =IF($H$94="","",$F$94*IF($H$94<0,-100/$H$94,$H$94/100)-(1-$F$94)) | K94: =IF($H$94="","",MAX(0,($F$94*IF($H$94<0,-100/$H$94,$H$94/100)-(1-$F$94))/IF($H$94<0,-100/$H$94,$H$94/100))*'Settings'!$B$3) | L94: =IF($H$94="","",ROUND(MIN($K$94,'Settings'!$B$5)*'Settings'!$B$2,2)) | M94: =IF($J$94="","",IF($J$94<0,"Pass",IF($J$94<'Settings'!$B$4,"Thin",IF($J$94<0.06,"✅ Sharp band",IF($J$94<0.08,"Strong","⚠ Verify (stale?)"))))) | N94: Model 46.0% (fair +118). Your call. | P94: =IF(OR($H$94="",$O$94=""),"",(1+IF($H$94<0,-100/$H$94,$H$94/100))/(1+IF($O$94<0,-100/$O$94,$O$94/100))-1)
A95: 2026-06-29 | B95: Detroit Tigers @ New York Yankees | C95: 23:05 | D95: Spread | E95: New York Yankees -1.5 | F95: 0.37346154 | G95: 168 | H95: 160 | I95: =IF($H$95="","",IF($H$95<0,-$H$95/(-$H$95+100),100/($H$95+100))) | J95: =IF($H$95="","",$F$95*IF($H$95<0,-100/$H$95,$H$95/100)-(1-$F$95)) | K95: =IF($H$95="","",MAX(0,($F$95*IF($H$95<0,-100/$H$95,$H$95/100)-(1-$F$95))/IF($H$95<0,-100/$H$95,$H$95/100))*'Settings'!$B$3) | L95: =IF($H$95="","",ROUND(MIN($K$95,'Settings'!$B$5)*'Settings'!$B$2,2)) | M95: =IF($J$95="","",IF($J$95<0,"Pass",IF($J$95<'Settings'!$B$4,"Thin",IF($J$95<0.06,"✅ Sharp band",IF($J$95<0.08,"Strong","⚠ Verify (stale?)"))))) | N95: Model 37.3% (fair +168). Your call. | P95: =IF(OR($H$95="",$O$95=""),"",(1+IF($H$95<0,-100/$H$95,$H$95/100))/(1+IF($O$95<0,-100/$O$95,$O$95/100))-1)
A96: 2026-06-29 | B96: Detroit Tigers @ New York Yankees | C96: 23:05 | D96: Spread | E96: Detroit Tigers +1.5 | F96: 0.62651186 | G96: -168 | H96: -195 | I96: =IF($H$96="","",IF($H$96<0,-$H$96/(-$H$96+100),100/($H$96+100))) | J96: =IF($H$96="","",$F$96*IF($H$96<0,-100/$H$96,$H$96/100)-(1-$F$96)) | K96: =IF($H$96="","",MAX(0,($F$96*IF($H$96<0,-100/$H$96,$H$96/100)-(1-$F$96))/IF($H$96<0,-100/$H$96,$H$96/100))*'Settings'!$B$3) | L96: =IF($H$96="","",ROUND(MIN($K$96,'Settings'!$B$5)*'Settings'!$B$2,2)) | M96: =IF($J$96="","",IF($J$96<0,"Pass",IF($J$96<'Settings'!$B$4,"Thin",IF($J$96<0.06,"✅ Sharp band",IF($J$96<0.08,"Strong","⚠ Verify (stale?)"))))) | N96: Model 62.7% (fair -168). Your call. | P96: =IF(OR($H$96="",$O$96=""),"",(1+IF($H$96<0,-100/$H$96,$H$96/100))/(1+IF($O$96<0,-100/$O$96,$O$96/100))-1)
A97: 2026-06-29 | B97: New York Mets @ Toronto Blue Jays | C97: 23:07 | D97: Moneyline | E97: New York Mets | F97: 0.49456731 | G97: 102 | H97: 108 | I97: =IF($H$97="","",IF($H$97<0,-$H$97/(-$H$97+100),100/($H$97+100))) | J97: =IF($H$97="","",$F$97*IF($H$97<0,-100/$H$97,$H$97/100)-(1-$F$97)) | K97: =IF($H$97="","",MAX(0,($F$97*IF($H$97<0,-100/$H$97,$H$97/100)-(1-$F$97))/IF($H$97<0,-100/$H$97,$H$97/100))*'Settings'!$B$3) | L97: =IF($H$97="","",ROUND(MIN($K$97,'Settings'!$B$5)*'Settings'!$B$2,2)) | M97: =IF($J$97="","",IF($J$97<0,"Pass",IF($J$97<'Settings'!$B$4,"Thin",IF($J$97<0.06,"✅ Sharp band",IF($J$97<0.08,"Strong","⚠ Verify (stale?)"))))) | N97: Model 49.5% (fair +102). Your call. | P97: =IF(OR($H$97="",$O$97=""),"",(1+IF($H$97<0,-100/$H$97,$H$97/100))/(1+IF($O$97<0,-100/$O$97,$O$97/100))-1)
A98: 2026-06-29 | B98: New York Mets @ Toronto Blue Jays | C98: 23:07 | D98: Moneyline | E98: Toronto Blue Jays | F98: 0.50541923 | G98: -102 | H98: -108 | I98: =IF($H$98="","",IF($H$98<0,-$H$98/(-$H$98+100),100/($H$98+100))) | J98: =IF($H$98="","",$F$98*IF($H$98<0,-100/$H$98,$H$98/100)-(1-$F$98)) | K98: =IF($H$98="","",MAX(0,($F$98*IF($H$98<0,-100/$H$98,$H$98/100)-(1-$F$98))/IF($H$98<0,-100/$H$98,$H$98/100))*'Settings'!$B$3) | L98: =IF($H$98="","",ROUND(MIN($K$98,'Settings'!$B$5)*'Settings'!$B$2,2)) | M98: =IF($J$98="","",IF($J$98<0,"Pass",IF($J$98<'Settings'!$B$4,"Thin",IF($J$98<0.06,"✅ Sharp band",IF($J$98<0.08,"Strong","⚠ Verify (stale?)"))))) | N98: Model 50.5% (fair -102). Your call. | P98: =IF(OR($H$98="",$O$98=""),"",(1+IF($H$98<0,-100/$H$98,$H$98/100))/(1+IF($O$98<0,-100/$O$98,$O$98/100))-1)
A99: 2026-06-29 | B99: Washington Nationals @ Boston Red Sox | C99: 23:10 | D99: Moneyline | E99: Washington Nationals | F99: 0.4533 | G99: 121 | H99: 178 | I99: =IF($H$99="","",IF($H$99<0,-$H$99/(-$H$99+100),100/($H$99+100))) | J99: =IF($H$99="","",$F$99*IF($H$99<0,-100/$H$99,$H$99/100)-(1-$F$99)) | K99: =IF($H$99="","",MAX(0,($F$99*IF($H$99<0,-100/$H$99,$H$99/100)-(1-$F$99))/IF($H$99<0,-100/$H$99,$H$99/100))*'Settings'!$B$3) | L99: =IF($H$99="","",ROUND(MIN($K$99,'Settings'!$B$5)*'Settings'!$B$2,2)) | M99: =IF($J$99="","",IF($J$99<0,"Pass",IF($J$99<'Settings'!$B$4,"Thin",IF($J$99<0.06,"✅ Sharp band",IF($J$99<0.08,"Strong","⚠ Verify (stale?)"))))) | N99: Model 45.3% (fair +121). Your call. | P99: =IF(OR($H$99="",$O$99=""),"",(1+IF($H$99<0,-100/$H$99,$H$99/100))/(1+IF($O$99<0,-100/$O$99,$O$99/100))-1)
A100: 2026-06-29 | B100: Washington Nationals @ Boston Red Sox | C100: 23:10 | D100: Moneyline | E100: Boston Red Sox | F100: 0.5467 | G100: -121 | H100: 122 | I100: =IF($H$100="","",IF($H$100<0,-$H$100/(-$H$100+100),100/($H$100+100))) | J100: =IF($H$100="","",$F$100*IF($H$100<0,-100/$H$100,$H$100/100)-(1-$F$100)) | K100: =IF($H$100="","",MAX(0,($F$100*IF($H$100<0,-100/$H$100,$H$100/100)-(1-$F$100))/IF($H$100<0,-100/$H$100,$H$100/100))*'Settings'!$B$3) | L100: =IF($H$100="","",ROUND(MIN($K$100,'Settings'!$B$5)*'Settings'!$B$2,2)) | M100: =IF($J$100="","",IF($J$100<0,"Pass",IF($J$100<'Settings'!$B$4,"Thin",IF($J$100<0.06,"✅ Sharp band",IF($J$100<0.08,"Strong","⚠ Verify (stale?)"))))) | N100: Model 54.7% (fair -121). Your call. | P100: =IF(OR($H$100="",$O$100=""),"",(1+IF($H$100<0,-100/$H$100,$H$100/100))/(1+IF($O$100<0,-100/$O$100,$O$100/100))-1)
A101: 2026-06-29 | B101: Washington Nationals @ Boston Red Sox | C101: 23:10 | D101: Total | E101: Over 8.5 | F101: 0.57045349 | G101: -133 | H101: -115 | I101: =IF($H$101="","",IF($H$101<0,-$H$101/(-$H$101+100),100/($H$101+100))) | J101: =IF($H$101="","",$F$101*IF($H$101<0,-100/$H$101,$H$101/100)-(1-$F$101)) | K101: =IF($H$101="","",MAX(0,($F$101*IF($H$101<0,-100/$H$101,$H$101/100)-(1-$F$101))/IF($H$101<0,-100/$H$101,$H$101/100))*'Settings'!$B$3) | L101: =IF($H$101="","",ROUND(MIN($K$101,'Settings'!$B$5)*'Settings'!$B$2,2)) | M101: =IF($J$101="","",IF($J$101<0,"Pass",IF($J$101<'Settings'!$B$4,"Thin",IF($J$101<0.06,"✅ Sharp band",IF($J$101<0.08,"Strong","⚠ Verify (stale?)"))))) | N101: Model 57.0% (fair -133). Your call. | P101: =IF(OR($H$101="",$O$101=""),"",(1+IF($H$101<0,-100/$H$101,$H$101/100))/(1+IF($O$101<0,-100/$O$101,$O$101/100))-1)
...

Sheet WNBA Games
A1: WNBA — game markets
A2: Moneyline · Total · Spread. Yellow = your price.
A4: Date | B4: Matchup | C4: Start | D4: Market | E4: Selection | F4: Model Win% | G4: Model Fair | H4: ✏ Your Odds | I4: Implied% | J4: Your Edge (EV) | K4: ¼-Kelly % | L4: Stake $ | M4: Verdict | N4: Model read | O4: ✏ Closing | P4: CLV %
A5: 2026-06-28 | B5: Minnesota Lynx @ Dallas Wings | C5: 18:00 | D5: Moneyline | E5: Minnesota Lynx | F5: 0.61465574 | G5: -160 | H5: -144 | I5: =IF($H$5="","",IF($H$5<0,-$H$5/(-$H$5+100),100/($H$5+100))) | J5: =IF($H$5="","",$F$5*IF($H$5<0,-100/$H$5,$H$5/100)-(1-$F$5)) | K5: =IF($H$5="","",MAX(0,($F$5*IF($H$5<0,-100/$H$5,$H$5/100)-(1-$F$5))/IF($H$5<0,-100/$H$5,$H$5/100))*'Settings'!$B$3) | L5: =IF($H$5="","",ROUND(MIN($K$5,'Settings'!$B$5)*'Settings'!$B$2,2)) | M5: =IF($J$5="","",IF($J$5<0,"Pass",IF($J$5<'Settings'!$B$4,"Thin",IF($J$5<0.06,"✅ Sharp band",IF($J$5<0.08,"Strong","⚠ Verify (stale?)"))))) | N5: Model 61.5% (fair -160). Your call. | P5: =IF(OR($H$5="",$O$5=""),"",(1+IF($H$5<0,-100/$H$5,$H$5/100))/(1+IF($O$5<0,-100/$O$5,$O$5/100))-1)
A6: 2026-06-28 | B6: Minnesota Lynx @ Dallas Wings | C6: 18:00 | D6: Moneyline | E6: Dallas Wings | F6: 0.38532787 | G6: 160 | H6: 144 | I6: =IF($H$6="","",IF($H$6<0,-$H$6/(-$H$6+100),100/($H$6+100))) | J6: =IF($H$6="","",$F$6*IF($H$6<0,-100/$H$6,$H$6/100)-(1-$F$6)) | K6: =IF($H$6="","",MAX(0,($F$6*IF($H$6<0,-100/$H$6,$H$6/100)-(1-$F$6))/IF($H$6<0,-100/$H$6,$H$6/100))*'Settings'!$B$3) | L6: =IF($H$6="","",ROUND(MIN($K$6,'Settings'!$B$5)*'Settings'!$B$2,2)) | M6: =IF($J$6="","",IF($J$6<0,"Pass",IF($J$6<'Settings'!$B$4,"Thin",IF($J$6<0.06,"✅ Sharp band",IF($J$6<0.08,"Strong","⚠ Verify (stale?)"))))) | N6: Model 38.5% (fair +160). Your call. | P6: =IF(OR($H$6="",$O$6=""),"",(1+IF($H$6<0,-100/$H$6,$H$6/100))/(1+IF($O$6<0,-100/$O$6,$O$6/100))-1)
A7: 2026-06-28 | B7: Minnesota Lynx @ Dallas Wings | C7: 18:00 | D7: Total | E7: Over 178.5 | F7: 0.38439216 | G7: 160 | H7: -104 | I7: =IF($H$7="","",IF($H$7<0,-$H$7/(-$H$7+100),100/($H$7+100))) | J7: =IF($H$7="","",$F$7*IF($H$7<0,-100/$H$7,$H$7/100)-(1-$F$7)) | K7: =IF($H$7="","",MAX(0,($F$7*IF($H$7<0,-100/$H$7,$H$7/100)-(1-$F$7))/IF($H$7<0,-100/$H$7,$H$7/100))*'Settings'!$B$3) | L7: =IF($H$7="","",ROUND(MIN($K$7,'Settings'!$B$5)*'Settings'!$B$2,2)) | M7: =IF($J$7="","",IF($J$7<0,"Pass",IF($J$7<'Settings'!$B$4,"Thin",IF($J$7<0.06,"✅ Sharp band",IF($J$7<0.08,"Strong","⚠ Verify (stale?)"))))) | N7: Model 38.4% (fair +160). Your call. | P7: =IF(OR($H$7="",$O$7=""),"",(1+IF($H$7<0,-100/$H$7,$H$7/100))/(1+IF($O$7<0,-100/$O$7,$O$7/100))-1)
A8: 2026-06-28 | B8: Minnesota Lynx @ Dallas Wings | C8: 18:00 | D8: Total | E8: Under 178.5 | F8: 0.6156 | G8: -160 | H8: -104 | I8: =IF($H$8="","",IF($H$8<0,-$H$8/(-$H$8+100),100/($H$8+100))) | J8: =IF($H$8="","",$F$8*IF($H$8<0,-100/$H$8,$H$8/100)-(1-$F$8)) | K8: =IF($H$8="","",MAX(0,($F$8*IF($H$8<0,-100/$H$8,$H$8/100)-(1-$F$8))/IF($H$8<0,-100/$H$8,$H$8/100))*'Settings'!$B$3) | L8: =IF($H$8="","",ROUND(MIN($K$8,'Settings'!$B$5)*'Settings'!$B$2,2)) | M8: =IF($J$8="","",IF($J$8<0,"Pass",IF($J$8<'Settings'!$B$4,"Thin",IF($J$8<0.06,"✅ Sharp band",IF($J$8<0.08,"Strong","⚠ Verify (stale?)"))))) | N8: Model 61.6% (fair -160). Your call. | P8: =IF(OR($H$8="",$O$8=""),"",(1+IF($H$8<0,-100/$H$8,$H$8/100))/(1+IF($O$8<0,-100/$O$8,$O$8/100))-1)
A9: 2026-06-28 | B9: Minnesota Lynx @ Dallas Wings | C9: 18:00 | D9: Spread | E9: Dallas Wings +2.5 | F9: 0.4447 | G9: 125 | H9: 106 | I9: =IF($H$9="","",IF($H$9<0,-$H$9/(-$H$9+100),100/($H$9+100))) | J9: =IF($H$9="","",$F$9*IF($H$9<0,-100/$H$9,$H$9/100)-(1-$F$9)) | K9: =IF($H$9="","",MAX(0,($F$9*IF($H$9<0,-100/$H$9,$H$9/100)-(1-$F$9))/IF($H$9<0,-100/$H$9,$H$9/100))*'Settings'!$B$3) | L9: =IF($H$9="","",ROUND(MIN($K$9,'Settings'!$B$5)*'Settings'!$B$2,2)) | M9: =IF($J$9="","",IF($J$9<0,"Pass",IF($J$9<'Settings'!$B$4,"Thin",IF($J$9<0.06,"✅ Sharp band",IF($J$9<0.08,"Strong","⚠ Verify (stale?)"))))) | N9: Model 44.5% (fair +125). Your call. | P9: =IF(OR($H$9="",$O$9=""),"",(1+IF($H$9<0,-100/$H$9,$H$9/100))/(1+IF($O$9<0,-100/$O$9,$O$9/100))-1)
A10: 2026-06-28 | B10: Minnesota Lynx @ Dallas Wings | C10: 18:00 | D10: Spread | E10: Minnesota Lynx -2.5 | F10: 0.5553 | G10: -125 | H10: 122 | I10: =IF($H$10="","",IF($H$10<0,-$H$10/(-$H$10+100),100/($H$10+100))) | J10: =IF($H$10="","",$F$10*IF($H$10<0,-100/$H$10,$H$10/100)-(1-$F$10)) | K10: =IF($H$10="","",MAX(0,($F$10*IF($H$10<0,-100/$H$10,$H$10/100)-(1-$F$10))/IF($H$10<0,-100/$H$10,$H$10/100))*'Settings'!$B$3) | L10: =IF($H$10="","",ROUND(MIN($K$10,'Settings'!$B$5)*'Settings'!$B$2,2)) | M10: =IF($J$10="","",IF($J$10<0,"Pass",IF($J$10<'Settings'!$B$4,"Thin",IF($J$10<0.06,"✅ Sharp band",IF($J$10<0.08,"Strong","⚠ Verify (stale?)"))))) | N10: Model 55.5% (fair -125). Your call. | P10: =IF(OR($H$10="",$O$10=""),"",(1+IF($H$10<0,-100/$H$10,$H$10/100))/(1+IF($O$10<0,-100/$O$10,$O$10/100))-1)
A11: 2026-06-28 | B11: Portland Fire @ Washington Mystics | C11: 19:00 | D11: Moneyline | E11: Portland Fire | F11: 0.29921739 | G11: 234 | H11: 245 | I11: =IF($H$11="","",IF($H$11<0,-$H$11/(-$H$11+100),100/($H$11+100))) | J11: =IF($H$11="","",$F$11*IF($H$11<0,-100/$H$11,$H$11/100)-(1-$F$11)) | K11: =IF($H$11="","",MAX(0,($F$11*IF($H$11<0,-100/$H$11,$H$11/100)-(1-$F$11))/IF($H$11<0,-100/$H$11,$H$11/100))*'Settings'!$B$3) | L11: =IF($H$11="","",ROUND(MIN($K$11,'Settings'!$B$5)*'Settings'!$B$2,2)) | M11: =IF($J$11="","",IF($J$11<0,"Pass",IF($J$11<'Settings'!$B$4,"Thin",IF($J$11<0.06,"✅ Sharp band",IF($J$11<0.08,"Strong","⚠ Verify (stale?)"))))) | N11: Model 29.9% (fair +234). Your call. | P11: =IF(OR($H$11="",$O$11=""),"",(1+IF($H$11<0,-100/$H$11,$H$11/100))/(1+IF($O$11<0,-100/$O$11,$O$11/100))-1)
A12: 2026-06-28 | B12: Portland Fire @ Washington Mystics | C12: 19:00 | D12: Moneyline | E12: Washington Mystics | F12: 0.70077101 | G12: -234 | H12: -245 | I12: =IF($H$12="","",IF($H$12<0,-$H$12/(-$H$12+100),100/($H$12+100))) | J12: =IF($H$12="","",$F$12*IF($H$12<0,-100/$H$12,$H$12/100)-(1-$F$12)) | K12: =IF($H$12="","",MAX(0,($F$12*IF($H$12<0,-100/$H$12,$H$12/100)-(1-$F$12))/IF($H$12<0,-100/$H$12,$H$12/100))*'Settings'!$B$3) | L12: =IF($H$12="","",ROUND(MIN($K$12,'Settings'!$B$5)*'Settings'!$B$2,2)) | M12: =IF($J$12="","",IF($J$12<0,"Pass",IF($J$12<'Settings'!$B$4,"Thin",IF($J$12<0.06,"✅ Sharp band",IF($J$12<0.08,"Strong","⚠ Verify (stale?)"))))) | N12: Model 70.1% (fair -234). Your call. | P12: =IF(OR($H$12="",$O$12=""),"",(1+IF($H$12<0,-100/$H$12,$H$12/100))/(1+IF($O$12<0,-100/$O$12,$O$12/100))-1)
A13: 2026-06-28 | B13: Portland Fire @ Washington Mystics | C13: 19:00 | D13: Total | E13: Over 167.5 | F13: 0.5512 | G13: -123 | H13: -106 | I13: =IF($H$13="","",IF($H$13<0,-$H$13/(-$H$13+100),100/($H$13+100))) | J13: =IF($H$13="","",$F$13*IF($H$13<0,-100/$H$13,$H$13/100)-(1-$F$13)) | K13: =IF($H$13="","",MAX(0,($F$13*IF($H$13<0,-100/$H$13,$H$13/100)-(1-$F$13))/IF($H$13<0,-100/$H$13,$H$13/100))*'Settings'!$B$3) | L13: =IF($H$13="","",ROUND(MIN($K$13,'Settings'!$B$5)*'Settings'!$B$2,2)) | M13: =IF($J$13="","",IF($J$13<0,"Pass",IF($J$13<'Settings'!$B$4,"Thin",IF($J$13<0.06,"✅ Sharp band",IF($J$13<0.08,"Strong","⚠ Verify (stale?)"))))) | N13: Model 55.1% (fair -123). Your call. | P13: =IF(OR($H$13="",$O$13=""),"",(1+IF($H$13<0,-100/$H$13,$H$13/100))/(1+IF($O$13<0,-100/$O$13,$O$13/100))-1)
A14: 2026-06-28 | B14: Portland Fire @ Washington Mystics | C14: 19:00 | D14: Total | E14: Under 167.5 | F14: 0.4488 | G14: 123 | H14: -106 | I14: =IF($H$14="","",IF($H$14<0,-$H$14/(-$H$14+100),100/($H$14+100))) | J14: =IF($H$14="","",$F$14*IF($H$14<0,-100/$H$14,$H$14/100)-(1-$F$14)) | K14: =IF($H$14="","",MAX(0,($F$14*IF($H$14<0,-100/$H$14,$H$14/100)-(1-$F$14))/IF($H$14<0,-100/$H$14,$H$14/100))*'Settings'!$B$3) | L14: =IF($H$14="","",ROUND(MIN($K$14,'Settings'!$B$5)*'Settings'!$B$2,2)) | M14: =IF($J$14="","",IF($J$14<0,"Pass",IF($J$14<'Settings'!$B$4,"Thin",IF($J$14<0.06,"✅ Sharp band",IF($J$14<0.08,"Strong","⚠ Verify (stale?)"))))) | N14: Model 44.9% (fair +123). Your call. | P14: =IF(OR($H$14="",$O$14=""),"",(1+IF($H$14<0,-100/$H$14,$H$14/100))/(1+IF($O$14<0,-100/$O$14,$O$14/100))-1)
A15: 2026-06-28 | B15: Portland Fire @ Washington Mystics | C15: 19:00 | D15: Spread | E15: Washington Mystics -7.5 | F15: 0.4395 | G15: 128 | H15: 104 | I15: =IF($H$15="","",IF($H$15<0,-$H$15/(-$H$15+100),100/($H$15+100))) | J15: =IF($H$15="","",$F$15*IF($H$15<0,-100/$H$15,$H$15/100)-(1-$F$15)) | K15: =IF($H$15="","",MAX(0,($F$15*IF($H$15<0,-100/$H$15,$H$15/100)-(1-$F$15))/IF($H$15<0,-100/$H$15,$H$15/100))*'Settings'!$B$3) | L15: =IF($H$15="","",ROUND(MIN($K$15,'Settings'!$B$5)*'Settings'!$B$2,2)) | M15: =IF($J$15="","",IF($J$15<0,"Pass",IF($J$15<'Settings'!$B$4,"Thin",IF($J$15<0.06,"✅ Sharp band",IF($J$15<0.08,"Strong","⚠ Verify (stale?)"))))) | N15: Model 44.0% (fair +128). Your call. | P15: =IF(OR($H$15="",$O$15=""),"",(1+IF($H$15<0,-100/$H$15,$H$15/100))/(1+IF($O$15<0,-100/$O$15,$O$15/100))-1)
A16: 2026-06-28 | B16: Portland Fire @ Washington Mystics | C16: 19:00 | D16: Spread | E16: Portland Fire +7.5 | F16: 0.5605 | G16: -128 | H16: 123 | I16: =IF($H$16="","",IF($H$16<0,-$H$16/(-$H$16+100),100/($H$16+100))) | J16: =IF($H$16="","",$F$16*IF($H$16<0,-100/$H$16,$H$16/100)-(1-$F$16)) | K16: =IF($H$16="","",MAX(0,($F$16*IF($H$16<0,-100/$H$16,$H$16/100)-(1-$F$16))/IF($H$16<0,-100/$H$16,$H$16/100))*'Settings'!$B$3) | L16: =IF($H$16="","",ROUND(MIN($K$16,'Settings'!$B$5)*'Settings'!$B$2,2)) | M16: =IF($J$16="","",IF($J$16<0,"Pass",IF($J$16<'Settings'!$B$4,"Thin",IF($J$16<0.06,"✅ Sharp band",IF($J$16<0.08,"Strong","⚠ Verify (stale?)"))))) | N16: Model 56.0% (fair -128). Your call. | P16: =IF(OR($H$16="",$O$16=""),"",(1+IF($H$16<0,-100/$H$16,$H$16/100))/(1+IF($O$16<0,-100/$O$16,$O$16/100))-1)
A17: 2026-06-28 | B17: Las Vegas Aces @ Chicago Sky | C17: 20:00 | D17: Moneyline | E17: Las Vegas Aces | F17: 0.74308378 | G17: -289 | H17: -270 | I17: =IF($H$17="","",IF($H$17<0,-$H$17/(-$H$17+100),100/($H$17+100))) | J17: =IF($H$17="","",$F$17*IF($H$17<0,-100/$H$17,$H$17/100)-(1-$F$17)) | K17: =IF($H$17="","",MAX(0,($F$17*IF($H$17<0,-100/$H$17,$H$17/100)-(1-$F$17))/IF($H$17<0,-100/$H$17,$H$17/100))*'Settings'!$B$3) | L17: =IF($H$17="","",ROUND(MIN($K$17,'Settings'!$B$5)*'Settings'!$B$2,2)) | M17: =IF($J$17="","",IF($J$17<0,"Pass",IF($J$17<'Settings'!$B$4,"Thin",IF($J$17<0.06,"✅ Sharp band",IF($J$17<0.08,"Strong","⚠ Verify (stale?)"))))) | N17: Model 74.3% (fair -289). Your call. | P17: =IF(OR($H$17="",$O$17=""),"",(1+IF($H$17<0,-100/$H$17,$H$17/100))/(1+IF($O$17<0,-100/$O$17,$O$17/100))-1)
A18: 2026-06-28 | B18: Las Vegas Aces @ Chicago Sky | C18: 20:00 | D18: Moneyline | E18: Chicago Sky | F18: 0.25689189 | G18: 289 | H18: 270 | I18: =IF($H$18="","",IF($H$18<0,-$H$18/(-$H$18+100),100/($H$18+100))) | J18: =IF($H$18="","",$F$18*IF($H$18<0,-100/$H$18,$H$18/100)-(1-$F$18)) | K18: =IF($H$18="","",MAX(0,($F$18*IF($H$18<0,-100/$H$18,$H$18/100)-(1-$F$18))/IF($H$18<0,-100/$H$18,$H$18/100))*'Settings'!$B$3) | L18: =IF($H$18="","",ROUND(MIN($K$18,'Settings'!$B$5)*'Settings'!$B$2,2)) | M18: =IF($J$18="","",IF($J$18<0,"Pass",IF($J$18<'Settings'!$B$4,"Thin",IF($J$18<0.06,"✅ Sharp band",IF($J$18<0.08,"Strong","⚠ Verify (stale?)"))))) | N18: Model 25.7% (fair +289). Your call. | P18: =IF(OR($H$18="",$O$18=""),"",(1+IF($H$18<0,-100/$H$18,$H$18/100))/(1+IF($O$18<0,-100/$O$18,$O$18/100))-1)
A19: 2026-06-28 | B19: Las Vegas Aces @ Chicago Sky | C19: 20:00 | D19: Total | E19: Over 181.5 | F19: 0.47313725 | G19: 111 | H19: 104 | I19: =IF($H$19="","",IF($H$19<0,-$H$19/(-$H$19+100),100/($H$19+100))) | J19: =IF($H$19="","",$F$19*IF($H$19<0,-100/$H$19,$H$19/100)-(1-$F$19)) | K19: =IF($H$19="","",MAX(0,($F$19*IF($H$19<0,-100/$H$19,$H$19/100)-(1-$F$19))/IF($H$19<0,-100/$H$19,$H$19/100))*'Settings'!$B$3) | L19: =IF($H$19="","",ROUND(MIN($K$19,'Settings'!$B$5)*'Settings'!$B$2,2)) | M19: =IF($J$19="","",IF($J$19<0,"Pass",IF($J$19<'Settings'!$B$4,"Thin",IF($J$19<0.06,"✅ Sharp band",IF($J$19<0.08,"Strong","⚠ Verify (stale?)"))))) | N19: Model 47.3% (fair +111). Your call. | P19: =IF(OR($H$19="",$O$19=""),"",(1+IF($H$19<0,-100/$H$19,$H$19/100))/(1+IF($O$19<0,-100/$O$19,$O$19/100))-1)
A20: 2026-06-28 | B20: Las Vegas Aces @ Chicago Sky | C20: 20:00 | D20: Total | E20: Under 181.5 | F20: 0.5268 | G20: -111 | H20: 104 | I20: =IF($H$20="","",IF($H$20<0,-$H$20/(-$H$20+100),100/($H$20+100))) | J20: =IF($H$20="","",$F$20*IF($H$20<0,-100/$H$20,$H$20/100)-(1-$F$20)) | K20: =IF($H$20="","",MAX(0,($F$20*IF($H$20<0,-100/$H$20,$H$20/100)-(1-$F$20))/IF($H$20<0,-100/$H$20,$H$20/100))*'Settings'!$B$3) | L20: =IF($H$20="","",ROUND(MIN($K$20,'Settings'!$B$5)*'Settings'!$B$2,2)) | M20: =IF($J$20="","",IF($J$20<0,"Pass",IF($J$20<'Settings'!$B$4,"Thin",IF($J$20<0.06,"✅ Sharp band",IF($J$20<0.08,"Strong","⚠ Verify (stale?)"))))) | N20: Model 52.7% (fair -111). Your call. | P20: =IF(OR($H$20="",$O$20=""),"",(1+IF($H$20<0,-100/$H$20,$H$20/100))/(1+IF($O$20<0,-100/$O$20,$O$20/100))-1)
A21: 2026-06-28 | B21: Las Vegas Aces @ Chicago Sky | C21: 20:00 | D21: Spread | E21: Chicago Sky -1.5 | F21: 0.2046 | G21: 389 | H21: 117 | I21: =IF($H$21="","",IF($H$21<0,-$H$21/(-$H$21+100),100/($H$21+100))) | J21: =IF($H$21="","",$F$21*IF($H$21<0,-100/$H$21,$H$21/100)-(1-$F$21)) | K21: =IF($H$21="","",MAX(0,($F$21*IF($H$21<0,-100/$H$21,$H$21/100)-(1-$F$21))/IF($H$21<0,-100/$H$21,$H$21/100))*'Settings'!$B$3) | L21: =IF($H$21="","",ROUND(MIN($K$21,'Settings'!$B$5)*'Settings'!$B$2,2)) | M21: =IF($J$21="","",IF($J$21<0,"Pass",IF($J$21<'Settings'!$B$4,"Thin",IF($J$21<0.06,"✅ Sharp band",IF($J$21<0.08,"Strong","⚠ Verify (stale?)"))))) | N21: Model 20.5% (fair +389). Your call. | P21: =IF(OR($H$21="",$O$21=""),"",(1+IF($H$21<0,-100/$H$21,$H$21/100))/(1+IF($O$21<0,-100/$O$21,$O$21/100))-1)
A22: 2026-06-28 | B22: Las Vegas Aces @ Chicago Sky | C22: 20:00 | D22: Spread | E22: Las Vegas Aces +1.5 | F22: 0.7954 | G22: -389 | H22: 104 | I22: =IF($H$22="","",IF($H$22<0,-$H$22/(-$H$22+100),100/($H$22+100))) | J22: =IF($H$22="","",$F$22*IF($H$22<0,-100/$H$22,$H$22/100)-(1-$F$22)) | K22: =IF($H$22="","",MAX(0,($F$22*IF($H$22<0,-100/$H$22,$H$22/100)-(1-$F$22))/IF($H$22<0,-100/$H$22,$H$22/100))*'Settings'!$B$3) | L22: =IF($H$22="","",ROUND(MIN($K$22,'Settings'!$B$5)*'Settings'!$B$2,2)) | M22: =IF($J$22="","",IF($J$22<0,"Pass",IF($J$22<'Settings'!$B$4,"Thin",IF($J$22<0.06,"✅ Sharp band",IF($J$22<0.08,"Strong","⚠ Verify (stale?)"))))) | N22: Model 79.5% (fair -389). Your call. | P22: =IF(OR($H$22="",$O$22=""),"",(1+IF($H$22<0,-100/$H$22,$H$22/100))/(1+IF($O$22<0,-100/$O$22,$O$22/100))-1)
A23: 2026-06-28 | B23: New York Liberty @ Golden State Valkyries | C23: 23:00 | D23: Moneyline | E23: New York Liberty | F23: 0.40940092 | G23: 144 | H23: 117 | I23: =IF($H$23="","",IF($H$23<0,-$H$23/(-$H$23+100),100/($H$23+100))) | J23: =IF($H$23="","",$F$23*IF($H$23<0,-100/$H$23,$H$23/100)-(1-$F$23)) | K23: =IF($H$23="","",MAX(0,($F$23*IF($H$23<0,-100/$H$23,$H$23/100)-(1-$F$23))/IF($H$23<0,-100/$H$23,$H$23/100))*'Settings'!$B$3) | L23: =IF($H$23="","",ROUND(MIN($K$23,'Settings'!$B$5)*'Settings'!$B$2,2)) | M23: =IF($J$23="","",IF($J$23<0,"Pass",IF($J$23<'Settings'!$B$4,"Thin",IF($J$23<0.06,"✅ Sharp band",IF($J$23<0.08,"Strong","⚠ Verify (stale?)"))))) | N23: Model 40.9% (fair +144). Your call. | P23: =IF(OR($H$23="",$O$23=""),"",(1+IF($H$23<0,-100/$H$23,$H$23/100))/(1+IF($O$23<0,-100/$O$23,$O$23/100))-1)
A24: 2026-06-28 | B24: New York Liberty @ Golden State Valkyries | C24: 23:00 | D24: Moneyline | E24: Golden State Valkyries | F24: 0.59060737 | G24: -144 | H24: -117 | I24: =IF($H$24="","",IF($H$24<0,-$H$24/(-$H$24+100),100/($H$24+100))) | J24: =IF($H$24="","",$F$24*IF($H$24<0,-100/$H$24,$H$24/100)-(1-$F$24)) | K24: =IF($H$24="","",MAX(0,($F$24*IF($H$24<0,-100/$H$24,$H$24/100)-(1-$F$24))/IF($H$24<0,-100/$H$24,$H$24/100))*'Settings'!$B$3) | L24: =IF($H$24="","",ROUND(MIN($K$24,'Settings'!$B$5)*'Settings'!$B$2,2)) | M24: =IF($J$24="","",IF($J$24<0,"Pass",IF($J$24<'Settings'!$B$4,"Thin",IF($J$24<0.06,"✅ Sharp band",IF($J$24<0.08,"Strong","⚠ Verify (stale?)"))))) | N24: Model 59.1% (fair -144). Your call. | P24: =IF(OR($H$24="",$O$24=""),"",(1+IF($H$24<0,-100/$H$24,$H$24/100))/(1+IF($O$24<0,-100/$O$24,$O$24/100))-1)
A25: 2026-06-28 | B25: New York Liberty @ Golden State Valkyries | C25: 23:00 | D25: Total | E25: Over 165.5 | F25: 0.52419355 | G25: -110 | H25: 117 | I25: =IF($H$25="","",IF($H$25<0,-$H$25/(-$H$25+100),100/($H$25+100))) | J25: =IF($H$25="","",$F$25*IF($H$25<0,-100/$H$25,$H$25/100)-(1-$F$25)) | K25: =IF($H$25="","",MAX(0,($F$25*IF($H$25<0,-100/$H$25,$H$25/100)-(1-$F$25))/IF($H$25<0,-100/$H$25,$H$25/100))*'Settings'!$B$3) | L25: =IF($H$25="","",ROUND(MIN($K$25,'Settings'!$B$5)*'Settings'!$B$2,2)) | M25: =IF($J$25="","",IF($J$25<0,"Pass",IF($J$25<'Settings'!$B$4,"Thin",IF($J$25<0.06,"✅ Sharp band",IF($J$25<0.08,"Strong","⚠ Verify (stale?)"))))) | N25: Model 52.4% (fair -110). Your call. | P25: =IF(OR($H$25="",$O$25=""),"",(1+IF($H$25<0,-100/$H$25,$H$25/100))/(1+IF($O$25<0,-100/$O$25,$O$25/100))-1)
A26: 2026-06-28 | B26: New York Liberty @ Golden State Valkyries | C26: 23:00 | D26: Total | E26: Under 165.5 | F26: 0.4758 | G26: 110 | H26: 117 | I26: =IF($H$26="","",IF($H$26<0,-$H$26/(-$H$26+100),100/($H$26+100))) | J26: =IF($H$26="","",$F$26*IF($H$26<0,-100/$H$26,$H$26/100)-(1-$F$26)) | K26: =IF($H$26="","",MAX(0,($F$26*IF($H$26<0,-100/$H$26,$H$26/100)-(1-$F$26))/IF($H$26<0,-100/$H$26,$H$26/100))*'Settings'!$B$3) | L26: =IF($H$26="","",ROUND(MIN($K$26,'Settings'!$B$5)*'Settings'!$B$2,2)) | M26: =IF($J$26="","",IF($J$26<0,"Pass",IF($J$26<'Settings'!$B$4,"Thin",IF($J$26<0.06,"✅ Sharp band",IF($J$26<0.08,"Strong","⚠ Verify (stale?)"))))) | N26: Model 47.6% (fair +110). Your call. | P26: =IF(OR($H$26="",$O$26=""),"",(1+IF($H$26<0,-100/$H$26,$H$26/100))/(1+IF($O$26<0,-100/$O$26,$O$26/100))-1)
A27: 2026-06-28 | B27: New York Liberty @ Golden State Valkyries | C27: 23:00 | D27: Spread | E27: Golden State Valkyries -1.5 | F27: 0.5921 | G27: -145 | H27: -104 | I27: =IF($H$27="","",IF($H$27<0,-$H$27/(-$H$27+100),100/($H$27+100))) | J27: =IF($H$27="","",$F$27*IF($H$27<0,-100/$H$27,$H$27/100)-(1-$F$27)) | K27: =IF($H$27="","",MAX(0,($F$27*IF($H$27<0,-100/$H$27,$H$27/100)-(1-$F$27))/IF($H$27<0,-100/$H$27,$H$27/100))*'Settings'!$B$3) | L27: =IF($H$27="","",ROUND(MIN($K$27,'Settings'!$B$5)*'Settings'!$B$2,2)) | M27: =IF($J$27="","",IF($J$27<0,"Pass",IF($J$27<'Settings'!$B$4,"Thin",IF($J$27<0.06,"✅ Sharp band",IF($J$27<0.08,"Strong","⚠ Verify (stale?)"))))) | N27: Model 59.2% (fair -145). Your call. | P27: =IF(OR($H$27="",$O$27=""),"",(1+IF($H$27<0,-100/$H$27,$H$27/100))/(1+IF($O$27<0,-100/$O$27,$O$27/100))-1)
A28: 2026-06-28 | B28: New York Liberty @ Golden State Valkyries | C28: 23:00 | D28: Spread | E28: New York Liberty +1.5 | F28: 0.4079 | G28: 145 | H28: 122 | I28: =IF($H$28="","",IF($H$28<0,-$H$28/(-$H$28+100),100/($H$28+100))) | J28: =IF($H$28="","",$F$28*IF($H$28<0,-100/$H$28,$H$28/100)-(1-$F$28)) | K28: =IF($H$28="","",MAX(0,($F$28*IF($H$28<0,-100/$H$28,$H$28/100)-(1-$F$28))/IF($H$28<0,-100/$H$28,$H$28/100))*'Settings'!$B$3) | L28: =IF($H$28="","",ROUND(MIN($K$28,'Settings'!$B$5)*'Settings'!$B$2,2)) | M28: =IF($J$28="","",IF($J$28<0,"Pass",IF($J$28<'Settings'!$B$4,"Thin",IF($J$28<0.06,"✅ Sharp band",IF($J$28<0.08,"Strong","⚠ Verify (stale?)"))))) | N28: Model 40.8% (fair +145). Your call. | P28: =IF(OR($H$28="",$O$28=""),"",(1+IF($H$28<0,-100/$H$28,$H$28/100))/(1+IF($O$28<0,-100/$O$28,$O$28/100))-1)

Sheet Track Record
A1: 📒 Track Record — receipts, losses included
A2: Graded in the open. A process you can audit beats a hot streak you can't.
A4: Scope | B4: Graded games | C4: Model Brier | D4: Bets | E4: Win % | F4: Units | G4: ROI % | H4: Avg CLV % | I4: CLV beat %
A5: Overall | B5: 243 | C5: 0.2522 | D5: 174 | E5: 0.4483 | F5: -4.69 | G5: -2.69 | H5: 2.74 | I5: 0.5065
A6: MLB | B6: 215 | C6: 0.2528 | D6: 138 | E6: 0.4783 | F6: 0.56 | G6: 0.41 | H6: 4.1 | I6: 0.5317
A7: WNBA | B7: 27 | C7: 0.2494 | D7: 34 | E7: 0.3235 | F7: -6.05 | G7: -17.8 | H7: -4 | I7: 0.3846
A8: NBA | B8: 1 | C8: 0.1979 | D8: 2 | E8: 0.5 | F8: 0.8 | G8: 40 | H8: 4.92 | I8: 0.5
A10: Brier: lower is better (0.25 = a coin flip). CLV beat %: how often we beat the closing line — the earliest honest sign an edge is real, before win/loss catches up.
A13: Calibration — honesty check
A14: When the model said X%, how often it actually happened (n=206, ECE 0.064 — lower is better; a calibrated model's bars sit on the diagonal).
A16: Model said | B16: Games | C16: We predicted | D16: Actually won | E16: Gap
A17: 10–20% | B17: 1 | C17: 0.1885 | D17: 0 | E17: -0.1885
A18: 20–30% | B18: 6 | C18: 0.2646 | D18: 0.5 | E18: 0.2354
A19: 30–40% | B19: 20 | C19: 0.3715 | D19: 0.6 | E19: 0.2285
A20: 40–50% | B20: 65 | C20: 0.455 | D20: 0.4615 | E20: 0.0066
A21: 50–60% | B21: 74 | C21: 0.5443 | D21: 0.5541 | E21: 0.0097
A22: 60–70% | B22: 32 | C22: 0.6429 | D22: 0.5312 | E22: -0.1117
A23: 70–80% | B23: 6 | C23: 0.7526 | D23: 0.5 | E23: -0.2526
A24: 80–90% | B24: 2 | C24: 0.8538 | D24: 0.5 | E24: -0.3538

Sheet Research Hub
A1: 🔬 Research Hub
A2: Premium matchup breakdowns · 2026-06-28 · L5 window. Each game has its own tab.
A4: MLB: Washington Nationals @ Baltimore Orioles
A5: MLB: Cincinnati Reds @ Pittsburgh Pirates
A6: MLB: Texas Rangers @ Toronto Blue Jays
A7: MLB: Houston Astros @ Detroit Tigers
A8: MLB: Seattle Mariners @ Cleveland Guardians
A9: MLB: Arizona Diamondbacks @ Tampa Bay Rays
A10: MLB: Philadelphia Phillies @ New York Mets
A11: MLB: Colorado Rockies @ Minnesota Twins
A12: MLB: Kansas City Royals @ Chicago White Sox
A13: MLB: Chicago Cubs @ Milwaukee Brewers
A15: Tip: the website's research view lets you flip the L5/L10/L15/L20/L30/Season window live; here every window is in the table so you can read any of them.

Sheet MLB Nationals @ Orioles
A1: Washington Nationals @ Baltimore Orioles
A2: MLB · 2026-06-28 · L5 window
A63: Washington Nationals offense vs Baltimore Orioles defense
A64: Stat | B64: A Season | C64: A L30 | D64: A L20 | E64: A L15 | F64: A L10 | G64: A L5 | H64: A Rk | I64: Adv | J64: H Rk | K64: H L5 | L64: H L10 | M64: H L15 | N64: H L20 | O64: H L30 | P64: H Season | Q64: Opp stat
A65: Runs/G | B65: 5.317 | C65: 4.933 | D65: 5 | E65: 4.8 | F65: 5.7 | G65: 4.8 | H65: 10th | I65: ★★★ | J65: 29th | K65: 5.8 | L65: 5.9 | M65: 6.4 | N65: 6.2 | O65: 5.4 | P65: 5.243 | Q65: Opp Runs/G
A66: Hits/G | B66: 8.462 | C66: 7.893 | D66: 7.611 | E66: 7.571 | F66: 8.5 | G66: 8.2 | H66: 14th | I66: ★ | J66: 18th | K66: 7.8 | L66: 7.889 | M66: 9.429 | N66: 8.947 | O66: 8.759 | P66: 8.667 | Q66: Opp Hits/G
A67: HR/G | B67: 1.256 | C67: 1.179 | D67: 1.444 | E67: 1.357 | F67: 1.5 | G67: 1.6 | H67: 3rd | J67: — | K67: — | L67: — | M67: — | N67: — | O67: — | P67: — | Q67: Opp HR/G
A68: Batter K/G | B68: 8.026 | C68: 7.714 | D68: 8.056 | E68: 7.571 | F68: 7 | G68: 8.2 | H68: 14th | I68: ★★ | J68: 21st | K68: 7.6 | L68: 7.778 | M68: 7.714 | N68: 8.053 | O68: 8.138 | P68: 8.444 | Q68: Opp Batter K/G
A69: 1st Inn R/G | B69: 1 | C69: 0.929 | D69: 1.056 | E69: 0.714 | F69: 0.9 | G69: 0.6 | H69: 15th | J69: 16th | K69: 0.4 | L69: 0.556 | M69: 0.429 | N69: 0.421 | O69: 0.379 | P69: 0.333 | Q69: Opp 1st Inn R/G
A71: Baltimore Orioles offense vs Washington Nationals defense
A72: Stat | B72: A Season | C72: A L30 | D72: A L20 | E72: A L15 | F72: A L10 | G72: A L5 | H72: A Rk | I72: Adv | J72: H Rk | K72: H L5 | L72: H L10 | M72: H L15 | N72: H L20 | O72: H L30 | P72: H Season | Q72: Opp stat
A73: Runs/G | B73: 4.162 | C73: 4.133 | D73: 4.1 | E73: 4.2 | F73: 3.2 | G73: 3.2 | H73: 18th | J73: 12th | K73: 3.4 | L73: 3.7 | M73: 3.933 | N73: 4.45 | O73: 5.033 | P73: 5.439 | Q73: Opp Runs/G
A74: Hits/G | B74: 8 | C74: 7.897 | D74: 7.895 | E74: 8.714 | F74: 7.889 | G74: 8.6 | H74: 7th | J74: 9th | K74: 7 | L74: 7.9 | M74: 8 | N74: 8 | O74: 8.643 | P74: 9 | Q74: Opp Hits/G
A75: HR/G | B75: 1.194 | C75: 1.276 | D75: 1.421 | E75: 1.571 | F75: 1.222 | G75: 1.4 | H75: 5th | J75: — | K75: — | L75: — | M75: — | N75: — | O75: — | P75: — | Q75: Opp HR/G
A76: Batter K/G | B76: 9.306 | C76: 9.241 | D76: 9.526 | E76: 8.929 | F76: 9.444 | G76: 10 | H76: 24th | J76: 8th | K76: 9.6 | L76: 9.4 | M76: 9.929 | N76: 8.944 | O76: 8.643 | P76: 8.333 | Q76: Opp Batter K/G
A77: 1st Inn R/G | B77: 0.278 | C77: 0.31 | D77: 0.368 | E77: 0.5 | F77: 0.111 | G77: 0.2 | H77: 22nd | J77: 19th | K77: 0.6 | L77: 0.5 | M77: 0.357 | N77: 0.333 | O77: 0.429 | P77: 0.436 | Q77: Opp 1st Inn R/G

Sheet MLB Reds @ Pirates
A1: Cincinnati Reds @ Pittsburgh Pirates
A2: MLB · 2026-06-28 · L5 window
A61: Cincinnati Reds offense vs Pittsburgh Pirates defense
A62: Stat | B62: A Season | C62: A L30 | D62: A L20 | E62: A L15 | F62: A L10 | G62: A L5 | H62: A Rk | I62: Adv | J62: H Rk | K62: H L5 | L62: H L10 | M62: H L15 | N62: H L20 | O62: H L30 | P62: H Season | Q62: Opp stat
A63: Runs/G | B63: 4.132 | C63: 4.433 | D63: 4.65 | E63: 4.867 | F63: 3.9 | G63: 5 | H63: 8th | I63: ★★★ | J63: 20th | K63: 4.4 | L63: 4.9 | M63: 4.267 | N63: 4.4 | O63: 4.267 | P63: 4.209 | Q63: Opp Runs/G
A64: Hits/G | B64: 7.216 | C64: 7.345 | D64: 7.632 | E64: 8 | F64: 7.667 | G64: 7.8 | H64: 16th | J64: 16th | K64: 7.6 | L64: 8.4 | M64: 7.643 | N64: 7.625 | O64: 7.808 | P64: 7.658 | Q64: Opp Hits/G
A65: HR/G | B65: 1.216 | C65: 1.241 | D65: 1.263 | E65: 1.643 | F65: 0.889 | G65: 1 | H65: 13th | J65: — | K65: — | L65: — | M65: — | N65: — | O65: — | P65: — | Q65: Opp HR/G
A66: Batter K/G | B66: 9.27 | C66: 9.103 | D66: 9.421 | E66: 9.286 | F66: 8.889 | G66: 9.6 | H66: 22nd | J66: 15th | K66: 8.6 | L66: 7.9 | M66: 8.071 | N66: 8.312 | O66: 8.462 | P66: 8.947 | Q66: Opp Batter K/G
A67: 1st Inn R/G | B67: 0.595 | C67: 0.621 | D67: 0.421 | E67: 0.429 | F67: 0 | G67: 0 | H67: 26th | J67: 14th | K67: 0.2 | L67: 0.5 | M67: 0.357 | N67: 0.312 | O67: 0.346 | P67: 0.368 | Q67: Opp 1st Inn R/G
A69: Pittsburgh Pirates offense vs Cincinnati Reds defense
A70: Stat | B70: A Season | C70: A L30 | D70: A L20 | E70: A L15 | F70: A L10 | G70: A L5 | H70: A Rk | I70: Adv | J70: H Rk | K70: H L5 | L70: H L10 | M70: H L15 | N70: H L20 | O70: H L30 | P70: H Season | Q70: Opp stat
A71: Runs/G | B71: 4.767 | C71: 5.033 | D71: 4.6 | E71: 4.867 | F71: 5.1 | G71: 4.6 | H71: 12th | I71: ★★★ | J71: 25th | K71: 5.2 | L71: 6 | M71: 6 | N71: 5.15 | O71: 4.933 | P71: 4.658 | Q71: Opp Runs/G
A72: Hits/G | B72: 8.737 | C72: 8.962 | D72: 8.625 | E72: 8.786 | F72: 9.8 | G72: 9.8 | H72: 3rd | I72: ★★★ | J72: 21st | K72: 8 | L72: 8 | M72: 8.714 | N72: 8.263 | O72: 8.207 | P72: 8.054 | Q72: Opp Hits/G
A73: HR/G | B73: 1 | C73: 1 | D73: 0.75 | E73: 0.786 | F73: 0.9 | G73: 0.6 | H73: 27th | J73: — | K73: — | L73: — | M73: — | N73: — | O73: — | P73: — | Q73: Opp HR/G
A74: Batter K/G | B74: 9.816 | C74: 10.462 | D74: 10.688 | E74: 10.929 | F74: 10.2 | G74: 10.2 | H74: 26th | J74: 16th | K74: 8.4 | L74: 6.667 | M74: 7.143 | N74: 7.105 | O74: 6.966 | P74: 7.432 | Q74: Opp Batter K/G
A75: 1st Inn R/G | B75: 0.526 | C75: 0.462 | D75: 0.312 | E75: 0.214 | F75: 0.3 | G75: 0.4 | H75: 21st | J75: 8th | K75: 0.2 | L75: 0.111 | M75: 0.286 | N75: 0.421 | O75: 0.483 | P75: 0.459 | Q75: Opp 1st Inn R/G

Sheet MLB Rangers @ Jays
A1: Texas Rangers @ Toronto Blue Jays
A2: MLB · 2026-06-28 · L5 window
A62: Texas Rangers offense vs Toronto Blue Jays defense
A63: Stat | B63: A Season | C63: A L30 | D63: A L20 | E63: A L15 | F63: A L10 | G63: A L5 | H63: A Rk | I63: Adv | J63: H Rk | K63: H L5 | L63: H L10 | M63: H L15 | N63: H L20 | O63: H L30 | P63: H Season | Q63: Opp stat
A64: Runs/G | B64: 3.909 | C64: 4.1 | D64: 3.6 | E64: 3.467 | F64: 3.4 | G64: 4.6 | H64: 11th | J64: 3rd | K64: 2 | L64: 2 | M64: 2.8 | N64: 3.1 | O64: 4 | P64: 4.135 | Q64: Opp Runs/G
A65: Hits/G | B65: 7.919 | C65: 7.96 | D65: 7.5 | E65: 7.692 | F65: 7.8 | G65: 9.8 | H65: 2nd | J65: 2nd | K65: 5.2 | L65: 6.111 | M65: 7 | N65: 7.316 | O65: 7.828 | P65: 7.889 | Q65: Opp Hits/G
A66: HR/G | B66: 1 | C66: 1.04 | D66: 0.812 | E66: 0.923 | F66: 0.9 | G66: 1.2 | H66: 10th | J66: — | K66: — | L66: — | M66: — | N66: — | O66: — | P66: — | Q66: Opp HR/G
A67: Batter K/G | B67: 8.595 | C67: 8.44 | D67: 7.5 | E67: 6.846 | F67: 7 | G67: 7.2 | H67: 3rd | J67: 1st | K67: 12 | L67: 11.444 | M67: 10.143 | N67: 9.579 | O67: 9.414 | P67: 10.222 | Q67: Opp Batter K/G
A68: 1st Inn R/G | B68: 0.297 | C68: 0.32 | D68: 0.125 | E68: 0.154 | F68: 0.2 | G68: 0.4 | H68: 19th | J68: 6th | K68: 0.2 | L68: 0.111 | M68: 0.429 | N68: 0.421 | O68: 0.517 | P68: 0.444 | Q68: Opp 1st Inn R/G
A70: Toronto Blue Jays offense vs Texas Rangers defense
A71: Stat | B71: A Season | C71: A L30 | D71: A L20 | E71: A L15 | F71: A L10 | G71: A L5 | H71: A Rk | I71: Adv | J71: H Rk | K71: H L5 | L71: H L10 | M71: H L15 | N71: H L20 | O71: H L30 | P71: H Season | Q71: Opp stat
A72: Runs/G | B72: 4.054 | C72: 3.967 | D72: 4.15 | E72: 4.133 | F72: 4 | G72: 3.8 | H72: 16th | J72: 18th | K72: 4 | L72: 4.2 | M72: 4.2 | N72: 4.3 | O72: 4.133 | P72: 3.773 | Q72: Opp Runs/G
A73: Hits/G | B73: 8.5 | C73: 8.414 | D73: 8.684 | E73: 8.357 | F73: 8.111 | G73: 8 | H73: 15th | J73: 13th | K73: 7.4 | L73: 8 | M73: 7.769 | N73: 7.75 | O73: 8 | P73: 7.703 | Q73: Opp Hits/G
A74: HR/G | B74: 0.833 | C74: 0.724 | D74: 0.737 | E74: 0.786 | F74: 0.778 | G74: 0.6 | H74: 19th | J74: — | K74: — | L74: — | M74: — | N74: — | O74: — | P74: — | Q74: Opp HR/G
A75: Batter K/G | B75: 7.167 | C75: 6.966 | D75: 7.421 | E75: 7.571 | F75: 7.778 | G75: 9.4 | H75: 20th | I75: ★ | J75: 23rd | K75: 7.4 | L75: 6.8 | M75: 7.385 | N75: 7.562 | O75: 7.84 | P75: 8.514 | Q75: Opp Batter K/G
A76: 1st Inn R/G | B76: 0.583 | C76: 0.69 | D76: 0.789 | E76: 0.429 | F76: 0.222 | G76: 0.4 | H76: 16th | I76: ★★★ | J76: 29th | K76: 1.4 | L76: 1.3 | M76: 1.231 | N76: 1.188 | O76: 1.04 | P76: 0.892 | Q76: Opp 1st Inn R/G

Sheet MLB Astros @ Tigers
A1: Houston Astros @ Detroit Tigers
A2: MLB · 2026-06-28 · L5 window
A61: Houston Astros offense vs Detroit Tigers defense
A62: Stat | B62: A Season | C62: A L30 | D62: A L20 | E62: A L15 | F62: A L10 | G62: A L5 | H62: A Rk | I62: Adv | J62: H Rk | K62: H L5 | L62: H L10 | M62: H L15 | N62: H L20 | O62: H L30 | P62: H Season | Q62: Opp stat
A63: Runs/G | B63: 5.026 | C63: 4.533 | D63: 4.35 | E63: 4.533 | F63: 4.5 | G63: 2.4 | H63: 24th | J63: 17th | K63: 3.8 | L63: 4.2 | M63: 5.133 | N63: 4.55 | O63: 4.267 | P63: 4.108 | Q63: Opp Runs/G
A64: Hits/G | B64: 8.27 | C64: 7.821 | D64: 7.158 | E64: 7.571 | F64: 6.556 | G64: 6 | H64: 24th | J64: 15th | K64: 7.4 | L64: 7.3 | M64: 8.533 | N64: 8.1 | O64: 7.767 | P64: 7.649 | Q64: Opp Hits/G
A65: HR/G | B65: 1.378 | C65: 1.429 | D65: 1.632 | E65: 1.714 | F65: 1.778 | G65: 1 | H65: 12th | J65: — | K65: — | L65: — | M65: — | N65: — | O65: — | P65: — | Q65: Opp HR/G
A66: Batter K/G | B66: 7.595 | C66: 7.429 | D66: 7.474 | E66: 7.071 | F66: 7.111 | G66: 9.2 | H66: 19th | I66: ★ | J66: 22nd | K66: 7.6 | L66: 7.4 | M66: 7.6 | N66: 8.05 | O66: 7.933 | P66: 7.838 | Q66: Opp Batter K/G
A67: 1st Inn R/G | B67: 0.73 | C67: 0.714 | D67: 0.947 | E67: 0.929 | F67: 0.889 | G67: 0.8 | H67: 8th | J67: 4th | K67: 0 | L67: 0.6 | M67: 0.4 | N67: 0.35 | O67: 0.433 | P67: 0.432 | Q67: Opp 1st Inn R/G
A69: Detroit Tigers offense vs Houston Astros defense
A70: Stat | B70: A Season | C70: A L30 | D70: A L20 | E70: A L15 | F70: A L10 | G70: A L5 | H70: A Rk | I70: Adv | J70: H Rk | K70: H L5 | L70: H L10 | M70: H L15 | N70: H L20 | O70: H L30 | P70: H Season | Q70: Opp stat
A71: Runs/G | B71: 4.054 | C71: 4.067 | D71: 3.9 | E71: 3.733 | F71: 2.8 | G71: 2.2 | H71: 28th | J71: 1st | K71: 1.4 | L71: 2 | M71: 3.333 | N71: 3.85 | O71: 5.167 | P71: 5.077 | Q71: Opp Runs/G
A72: Hits/G | B72: 7.973 | C72: 8.067 | D72: 8.2 | E72: 7.933 | F72: 7.3 | G72: 6.4 | H72: 22nd | J72: 1st | K72: 4.2 | L72: 4.889 | M72: 6.643 | N72: 7.053 | O72: 8.25 | P72: 8.027 | Q72: Opp Hits/G
A73: HR/G | B73: 0.946 | C73: 1.1 | D73: 1.15 | E73: 1.2 | F73: 0.9 | G73: 0.8 | H73: 18th | J73: — | K73: — | L73: — | M73: — | N73: — | O73: — | P73: — | Q73: Opp HR/G
A74: Batter K/G | B74: 8.622 | C74: 8.467 | D74: 8.85 | E74: 9.267 | F74: 10.3 | G74: 12.2 | H74: 30th | J74: 26th | K74: 6.4 | L74: 7.333 | M74: 7.214 | N74: 8.105 | O74: 7.857 | P74: 8.73 | Q74: Opp Batter K/G
A75: 1st Inn R/G | B75: 0.541 | C75: 0.533 | D75: 0.4 | E75: 0.4 | F75: 0.4 | G75: 0.2 | H75: 25th | J75: 2nd | K75: 0 | L75: 0 | M75: 0.357 | N75: 0.421 | O75: 0.679 | P75: 0.568 | Q75: Opp 1st Inn R/G

Sheet MLB Mariners @ Guardians
A1: Seattle Mariners @ Cleveland Guardians
A2: MLB · 2026-06-28 · L5 window
A61: Seattle Mariners offense vs Cleveland Guardians defense
A62: Stat | B62: A Season | C62: A L30 | D62: A L20 | E62: A L15 | F62: A L10 | G62: A L5 | H62: A Rk | I62: Adv | J62: H Rk | K62: H L5 | L62: H L10 | M62: H L15 | N62: H L20 | O62: H L30 | P62: H Season | Q62: Opp stat
A63: Runs/G | B63: 3.7 | C63: 4.033 | D63: 3.75 | E63: 3.933 | F63: 3.4 | G63: 1.6 | H63: 29th | J63: 2nd | K63: 1.8 | L63: 3.1 | M63: 3.533 | N63: 3.8 | O63: 4.2 | P63: 4 | Q63: Opp Runs/G
A64: Hits/G | B64: 7.351 | C64: 8.043 | D64: 8 | E64: 7.929 | F64: 6.222 | G64: 4.8 | H64: 29th | J64: 5th | K64: 6 | L64: 7.3 | M64: 7.533 | N64: 7.3 | O64: 7.833 | P64: 7.538 | Q64: Opp Hits/G
A65: HR/G | B65: 1.054 | C65: 1.174 | D65: 1.294 | E65: 1.286 | F65: 1.111 | G65: 0.6 | H65: 25th | J65: — | K65: — | L65: — | M65: — | N65: — | O65: — | P65: — | Q65: Opp HR/G
A66: Batter K/G | B66: 8.865 | C66: 8.043 | D66: 8 | E66: 8.143 | F66: 8.444 | G66: 7.8 | H66: 9th | J66: 3rd | K66: 11.2 | L66: 10.3 | M66: 9.133 | N66: 9.45 | O66: 9.233 | P66: 9.487 | Q66: Opp Batter K/G
A67: 1st Inn R/G | B67: 0.541 | C67: 0.609 | D67: 0.471 | E67: 0.429 | F67: 0.111 | G67: 0.2 | H67: 24th | J67: 3rd | K67: 0 | L67: 0.1 | M67: 0.467 | N67: 0.45 | O67: 0.367 | P67: 0.308 | Q67: Opp 1st Inn R/G
A69: Cleveland Guardians offense vs Seattle Mariners defense
A70: Stat | B70: A Season | C70: A L30 | D70: A L20 | E70: A L15 | F70: A L10 | G70: A L5 | H70: A Rk | I70: Adv | J70: H Rk | K70: H L5 | L70: H L10 | M70: H L15 | N70: H L20 | O70: H L30 | P70: H Season | Q70: Opp stat
A71: Runs/G | B71: 4 | C71: 4.367 | D71: 4.1 | E71: 4 | F71: 3.9 | G71: 2.2 | H71: 27th | J71: 6th | K71: 2.6 | L71: 4.3 | M71: 4.6 | N71: 4.5 | O71: 4.633 | P71: 4.1 | Q71: Opp Runs/G
A72: Hits/G | B72: 7.308 | C72: 7.733 | D72: 7.15 | E72: 7.267 | F72: 6.6 | G72: 5.4 | H72: 28th | J72: 14th | K72: 7.4 | L72: 7.778 | M72: 9.071 | N72: 9.294 | O72: 9.478 | P72: 8.405 | Q72: Opp Hits/G
A73: HR/G | B73: 0.949 | C73: 0.967 | D73: 0.9 | E73: 0.8 | F73: 0.7 | G73: 0.6 | H73: 26th | J73: — | K73: — | L73: — | M73: — | N73: — | O73: — | P73: — | Q73: Opp HR/G
A74: Batter K/G | B74: 7.821 | C74: 7.5 | D74: 8.1 | E74: 7.933 | F74: 7.7 | G74: 7.8 | H74: 10th | I74: ★ | J74: 13th | K74: 9.2 | L74: 8.222 | M74: 7.643 | N74: 8.118 | O74: 7.739 | P74: 8.189 | Q74: Opp Batter K/G
A75: 1st Inn R/G | B75: 0.641 | C75: 0.767 | D75: 0.8 | E75: 0.867 | F75: 0.7 | G75: 0 | H75: 30th | J75: 21st | K75: 0.6 | L75: 0.667 | M75: 0.786 | N75: 0.706 | O75: 0.522 | P75: 0.541 | Q75: Opp 1st Inn R/G

Sheet MLB Diamondbacks @ Rays
A1: Arizona Diamondbacks @ Tampa Bay Rays
A2: MLB · 2026-06-28 · L5 window
A60: Arizona Diamondbacks offense vs Tampa Bay Rays defense
A61: Stat | B61: A Season | C61: A L30 | D61: A L20 | E61: A L15 | F61: A L10 | G61: A L5 | H61: A Rk | I61: Adv | J61: H Rk | K61: H L5 | L61: H L10 | M61: H L15 | N61: H L20 | O61: H L30 | P61: H Season | Q61: Opp stat
A62: Runs/G | B62: 4.541 | C62: 4.7 | D62: 4.85 | E62: 4.6 | F62: 3.6 | G62: 4 | H62: 14th | J62: 13th | K62: 3.6 | L62: 2.7 | M62: 3.267 | N62: 3.65 | O62: 4 | P62: 4.389 | Q62: Opp Runs/G
A63: Hits/G | B63: 8.351 | C63: 8.633 | D63: 9.15 | E63: 8.867 | F63: 7.9 | G63: 8.2 | H63: 12th | I63: ★★★ | J63: 26th | K63: 9.2 | L63: 7.875 | M63: 7.846 | N63: 8.056 | O63: 7.536 | P63: 7.765 | Q63: Opp Hits/G
A64: HR/G | B64: 0.865 | C64: 0.8 | D64: 0.95 | E64: 0.933 | F64: 0.5 | G64: 0.6 | H64: 20th | J64: — | K64: — | L64: — | M64: — | N64: — | O64: — | P64: — | Q64: Opp HR/G
A65: Batter K/G | B65: 7.459 | C65: 7.533 | D65: 6.85 | E65: 6.8 | F65: 6.7 | G65: 6.8 | H65: 2nd | I65: ★★★ | J65: 20th | K65: 7.6 | L65: 7.125 | M65: 7.846 | N65: 8 | O65: 8.25 | P65: 7.941 | Q65: Opp Batter K/G
A66: 1st Inn R/G | B66: 0.541 | C66: 0.533 | D66: 0.55 | E66: 0.667 | F66: 0.9 | G66: 0.4 | H66: 17th | J66: 7th | K66: 0.2 | L66: 0.125 | M66: 0.385 | N66: 0.444 | O66: 0.393 | P66: 0.382 | Q66: Opp 1st Inn R/G
A68: Tampa Bay Rays offense vs Arizona Diamondbacks defense
A69: Stat | B69: A Season | C69: A L30 | D69: A L20 | E69: A L15 | F69: A L10 | G69: A L5 | H69: A Rk | I69: Adv | J69: H Rk | K69: H L5 | L69: H L10 | M69: H L15 | N69: H L20 | O69: H L30 | P69: H Season | Q69: Opp stat
A70: Runs/G | B70: 4.806 | C70: 4.767 | D70: 4.75 | E70: 4.667 | F70: 4.5 | G70: 5 | H70: 7th | J70: 9th | K70: 2.8 | L70: 2.7 | M70: 4.133 | N70: 4.25 | O70: 4 | P70: 4.432 | Q70: Opp Runs/G
A71: Hits/G | B71: 8.735 | C71: 8.464 | D71: 8.333 | E71: 8.154 | F71: 8.5 | G71: 8.4 | H71: 9th | I71: ★★ | J71: 17th | K71: 7.8 | L71: 7 | M71: 8.133 | N71: 8.55 | O71: 8.1 | P71: 8.162 | Q71: Opp Hits/G
A72: HR/G | B72: 0.912 | C72: 0.893 | D72: 1.056 | E72: 1 | F72: 0.75 | G72: 0.8 | H72: 17th | J72: — | K72: — | L72: — | M72: — | N72: — | O72: — | P72: — | Q72: Opp HR/G
A73: Batter K/G | B73: 7.206 | C73: 6.893 | D73: 7.222 | E73: 6.923 | F73: 7.25 | G73: 7.8 | H73: 7th | I73: ★★★ | J73: 30th | K73: 5.6 | L73: 6.4 | M73: 7.067 | N73: 7 | O73: 7.3 | P73: 7.243 | Q73: Opp Batter K/G
A74: 1st Inn R/G | B74: 0.441 | C74: 0.464 | D74: 0.278 | E74: 0.385 | F74: 0.375 | G74: 0.6 | H74: 13th | J74: 11th | K74: 0.2 | L74: 0.5 | M74: 0.733 | N74: 1 | O74: 0.9 | P74: 0.757 | Q74: Opp 1st Inn R/G

Sheet MLB Phillies @ Mets
A1: Philadelphia Phillies @ New York Mets
A2: MLB · 2026-06-28 · L5 window
A61: Philadelphia Phillies offense vs New York Mets defense
A62: Stat | B62: A Season | C62: A L30 | D62: A L20 | E62: A L15 | F62: A L10 | G62: A L5 | H62: A Rk | I62: Adv | J62: H Rk | K62: H L5 | L62: H L10 | M62: H L15 | N62: H L20 | O62: H L30 | P62: H Season | Q62: Opp stat
A63: Runs/G | B63: 4.1 | C63: 4.067 | D63: 3.95 | E63: 4.6 | F63: 4.3 | G63: 2.8 | H63: 20th | J63: 22nd | K63: 4.8 | L63: 4.1 | M63: 4.067 | N63: 4.6 | O63: 4.5 | P63: 4.214 | Q63: Opp Runs/G
A64: Hits/G | B64: 7.568 | C64: 7.37 | D64: 7.5 | E64: 7.923 | F64: 8 | G64: 5.8 | H64: 25th | J64: 12th | K64: 7.4 | L64: 7.4 | M64: 7.6 | N64: 7.9 | O64: 7.862 | P64: 7.842 | Q64: Opp Hits/G
A65: HR/G | B65: 1.135 | C65: 1.148 | D65: 1.222 | E65: 1.385 | F65: 1.333 | G65: 0.8 | H65: 16th | J65: — | K65: — | L65: — | M65: — | N65: — | O65: — | P65: — | Q65: Opp HR/G
A66: Batter K/G | B66: 8.568 | C66: 8.704 | D66: 8.611 | E66: 9.077 | F66: 9.556 | G66: 10.6 | H66: 28th | J66: 27th | K66: 6.4 | L66: 8.5 | M66: 8.933 | N66: 8.7 | O66: 8.69 | P66: 8.921 | Q66: Opp Batter K/G
A67: 1st Inn R/G | B67: 0.649 | C67: 0.481 | D67: 0.389 | E67: 0.385 | F67: 0.444 | G67: 0.8 | H67: 6th | I67: ★★★ | J67: 20th | K67: 0.6 | L67: 0.3 | M67: 0.267 | N67: 0.4 | O67: 0.379 | P67: 0.474 | Q67: Opp 1st Inn R/G
A69: New York Mets offense vs Philadelphia Phillies defense
A70: Stat | B70: A Season | C70: A L30 | D70: A L20 | E70: A L15 | F70: A L10 | G70: A L5 | H70: A Rk | I70: Adv | J70: H Rk | K70: H L5 | L70: H L10 | M70: H L15 | N70: H L20 | O70: H L30 | P70: H Season | Q70: Opp stat
A71: Runs/G | B71: 3.357 | C71: 2.667 | D71: 2.85 | E71: 3 | F71: 2.8 | G71: 2.8 | H71: 22nd | J71: 8th | K71: 2.8 | L71: 4.7 | M71: 5.067 | N71: 5.1 | O71: 5.633 | P71: 5.375 | Q71: Opp Runs/G
A72: Hits/G | B72: 7.053 | C72: 6.586 | D72: 6.55 | E72: 6.333 | F72: 5.6 | G72: 5.8 | H72: 26th | J72: 10th | K72: 7.4 | L72: 8.889 | M72: 9.769 | N72: 9.889 | O72: 10.222 | P72: 9.892 | Q72: Opp Hits/G
A73: HR/G | B73: 0.737 | C73: 0.69 | D73: 0.7 | E73: 0.733 | F73: 0.8 | G73: 1.2 | H73: 9th | J73: — | K73: — | L73: — | M73: — | N73: — | O73: — | P73: — | Q73: Opp HR/G
A74: Batter K/G | B74: 8.395 | C74: 8.448 | D74: 8.85 | E74: 8.867 | F74: 9.5 | G74: 10 | H74: 23rd | J74: 7th | K74: 9.6 | L74: 10.444 | M74: 9.154 | N74: 9.056 | O74: 9.074 | P74: 9.486 | Q74: Opp Batter K/G
A75: 1st Inn R/G | B75: 0.553 | C75: 0.414 | D75: 0.4 | E75: 0.533 | F75: 0.4 | G75: 0.8 | H75: 10th | J75: 1st | K75: 0 | L75: 0.556 | M75: 0.615 | N75: 0.5 | O75: 0.519 | P75: 0.595 | Q75: Opp 1st Inn R/G

Sheet MLB Rockies @ Twins
A1: Colorado Rockies @ Minnesota Twins
A2: MLB · 2026-06-28 · L5 window
A61: Colorado Rockies offense vs Minnesota Twins defense
A62: Stat | B62: A Season | C62: A L30 | D62: A L20 | E62: A L15 | F62: A L10 | G62: A L5 | H62: A Rk | I62: Adv | J62: H Rk | K62: H L5 | L62: H L10 | M62: H L15 | N62: H L20 | O62: H L30 | P62: H Season | Q62: Opp stat
A63: Runs/G | B63: 3.9 | C63: 3.9 | D63: 3.9 | E63: 4.067 | F63: 3.5 | G63: 2.4 | H63: 25th | J63: 5th | K63: 2.6 | L63: 3.4 | M63: 4.133 | N63: 4.25 | O63: 4.333 | P63: 4.378 | Q63: Opp Runs/G
A64: Hits/G | B64: 8.128 | C64: 8.207 | D64: 8.2 | E64: 8.4 | F64: 7.6 | G64: 6.8 | H64: 21st | J64: 3rd | K64: 5.4 | L64: 6.3 | M64: 6.667 | N64: 7.05 | O64: 7.667 | P64: 7.811 | Q64: Opp Hits/G
A65: HR/G | B65: 0.846 | C65: 0.828 | D65: 0.65 | E65: 0.667 | F65: 0.6 | G65: 0.2 | H65: 30th | J65: — | K65: — | L65: — | M65: — | N65: — | O65: — | P65: — | Q65: Opp HR/G
A66: Batter K/G | B66: 9.103 | C66: 8.517 | D66: 8.05 | E66: 8.4 | F66: 8.3 | G66: 7.2 | H66: 4th | J66: 6th | K66: 9.8 | L66: 7.9 | M66: 7.667 | N66: 8.15 | O66: 8.033 | P66: 8.054 | Q66: Opp Batter K/G
A67: 1st Inn R/G | B67: 0.462 | C67: 0.414 | D67: 0.4 | E67: 0.4 | F67: 0.5 | G67: 0.2 | H67: 23rd | I67: ★ | J67: 27th | K67: 1.2 | L67: 1.1 | M67: 1.067 | N67: 0.8 | O67: 0.633 | P67: 0.568 | Q67: Opp 1st Inn R/G
A69: Minnesota Twins offense vs Colorado Rockies defense
A70: Stat | B70: A Season | C70: A L30 | D70: A L20 | E70: A L15 | F70: A L10 | G70: A L5 | H70: A Rk | I70: Adv | J70: H Rk | K70: H L5 | L70: H L10 | M70: H L15 | N70: H L20 | O70: H L30 | P70: H Season | Q70: Opp stat
A71: Runs/G | B71: 4.405 | C71: 4.233 | D71: 3.55 | E71: 3.4 | F71: 3.3 | G71: 3.6 | H71: 17th | I71: ★ | J71: 23rd | K71: 4.8 | L71: 5.3 | M71: 4.667 | N71: 4.95 | O71: 4.933 | P71: 4.725 | Q71: Opp Runs/G
A72: Hits/G | B72: 7.73 | C72: 7.9 | D72: 7.95 | E72: 8 | F72: 8.1 | G72: 8.4 | H72: 10th | I72: ★★★ | J72: 30th | K72: 10.2 | L72: 10.2 | M72: 9.533 | N72: 10 | O72: 9.207 | P72: 9.231 | Q72: Opp Hits/G
A73: HR/G | B73: 1.108 | C73: 1.1 | D73: 1 | E73: 1 | F73: 0.9 | G73: 1 | H73: 14th | J73: — | K73: — | L73: — | M73: — | N73: — | O73: — | P73: — | Q73: Opp HR/G
A74: Batter K/G | B74: 8.973 | C74: 8.667 | D74: 8.75 | E74: 9.267 | F74: 8.9 | G74: 8.2 | H74: 15th | I74: ★★★ | J74: 28th | K74: 6.4 | L74: 6.5 | M74: 7.067 | N74: 7.55 | O74: 7.31 | P74: 7.462 | Q74: Opp Batter K/G
A75: 1st Inn R/G | B75: 0.595 | C75: 0.733 | D75: 0.45 | E75: 0.267 | F75: 0.3 | G75: 0.4 | H75: 18th | J75: 17th | K75: 0.4 | L75: 0.8 | M75: 0.6 | N75: 0.6 | O75: 0.586 | P75: 0.718 | Q75: Opp 1st Inn R/G

Sheet MLB Royals @ Sox
A1: Kansas City Royals @ Chicago White Sox
A2: MLB · 2026-06-28 · L5 window
A62: Kansas City Royals offense vs Chicago White Sox defense
A63: Stat | B63: A Season | C63: A L30 | D63: A L20 | E63: A L15 | F63: A L10 | G63: A L5 | H63: A Rk | I63: Adv | J63: H Rk | K63: H L5 | L63: H L10 | M63: H L15 | N63: H L20 | O63: H L30 | P63: H Season | Q63: Opp stat
A64: Runs/G | B64: 3.875 | C64: 3.9 | D64: 4.5 | E64: 4.867 | F64: 3.6 | G64: 2.6 | H64: 23rd | J64: 21st | K64: 4.6 | L64: 5 | M64: 5.133 | N64: 5.15 | O64: 4.467 | P64: 5.105 | Q64: Opp Runs/G
A65: Hits/G | B65: 7.838 | C65: 7.75 | D65: 8.556 | E65: 8.692 | F65: 7.556 | G65: 6.8 | H65: 19th | J65: 11th | K65: 7.4 | L65: 7.889 | M65: 8.214 | N65: 8 | O65: 7.586 | P65: 8.111 | Q65: Opp Hits/G
A66: HR/G | B66: 0.919 | C66: 0.929 | D66: 1.056 | E66: 1.154 | F66: 0.778 | G66: 0.4 | H66: 29th | J66: — | K66: — | L66: — | M66: — | N66: — | O66: — | P66: — | Q66: Opp HR/G
A67: Batter K/G | B67: 7.973 | C67: 7.964 | D67: 7.667 | E67: 6.692 | F67: 6.556 | G67: 7.8 | H67: 8th | J67: 10th | K67: 9.4 | L67: 8.556 | M67: 8.643 | N67: 8.316 | O67: 8 | P67: 8.056 | Q67: Opp Batter K/G
A68: 1st Inn R/G | B68: 0.243 | C68: 0.321 | D68: 0.444 | E68: 0.615 | F68: 0.778 | G68: 1 | H68: 3rd | I68: ★★ | J68: 10th | K68: 0.2 | L68: 0.222 | M68: 0.214 | N68: 0.158 | O68: 0.241 | P68: 0.444 | Q68: Opp 1st Inn R/G
A70: Chicago White Sox offense vs Kansas City Royals defense
A71: Stat | B71: A Season | C71: A L30 | D71: A L20 | E71: A L15 | F71: A L10 | G71: A L5 | H71: A Rk | I71: Adv | J71: H Rk | K71: H L5 | L71: H L10 | M71: H L15 | N71: H L20 | O71: H L30 | P71: H Season | Q71: Opp stat
A72: Runs/G | B72: 4.605 | C72: 4.667 | D72: 5.6 | E72: 5.6 | F72: 5.4 | G72: 5.2 | H72: 4th | I72: ★★ | J72: 14th | K72: 3.6 | L72: 4 | M72: 4.4 | N72: 5.1 | O72: 4.6 | P72: 4.675 | Q72: Opp Runs/G
A73: Hits/G | B73: 7.444 | C73: 7.586 | D73: 8.684 | E73: 8.5 | F73: 7.667 | G73: 7.6 | H73: 17th | I73: ★★ | J73: 27th | K73: 9.4 | L73: 8.667 | M73: 9.308 | N73: 8.778 | O73: 8.179 | P73: 8.162 | Q73: Opp Hits/G
A74: HR/G | B74: 1.306 | C74: 1.345 | D74: 1.737 | E74: 1.643 | F74: 1.556 | G74: 1.2 | H74: 8th | J74: — | K74: — | L74: — | M74: — | N74: — | O74: — | P74: — | Q74: Opp HR/G
A75: Batter K/G | B75: 9.389 | C75: 8.724 | D75: 9.053 | E75: 9.286 | F75: 9.667 | G75: 10.4 | H75: 27th | J75: 18th | K75: 8 | L75: 7.778 | M75: 8.385 | N75: 8.333 | O75: 8 | P75: 8.405 | Q75: Opp Batter K/G
A76: 1st Inn R/G | B76: 0.611 | C76: 0.552 | D76: 0.737 | E76: 0.857 | F76: 0.667 | G76: 0.6 | H76: 14th | J76: 9th | K76: 0.2 | L76: 0.556 | M76: 0.692 | N76: 0.667 | O76: 0.536 | P76: 0.568 | Q76: Opp 1st Inn R/G

Sheet MLB Cubs @ Brewers
A1: Chicago Cubs @ Milwaukee Brewers
A2: MLB · 2026-06-28 · L5 window
A64: Chicago Cubs offense vs Milwaukee Brewers defense
A65: Stat | B65: A Season | C65: A L30 | D65: A L20 | E65: A L15 | F65: A L10 | G65: A L5 | H65: A Rk | I65: Adv | J65: H Rk | K65: H L5 | L65: H L10 | M65: H L15 | N65: H L20 | O65: H L30 | P65: H Season | Q65: Opp stat
A66: Runs/G | B66: 4.947 | C66: 5.2 | D66: 4.9 | E66: 4.267 | F66: 3.2 | G66: 1.4 | H66: 30th | J66: 11th | K66: 3 | L66: 2.7 | M66: 3.267 | N66: 3.3 | O66: 4.033 | P66: 3.784 | Q66: Opp Runs/G
A67: Hits/G | B67: 8.432 | C67: 8.966 | D67: 8.7 | E67: 8.333 | F67: 6.2 | G67: 4.6 | H67: 30th | J67: 4th | K67: 5.6 | L67: 5.75 | M67: 6.308 | N67: 6.722 | O67: 7.536 | P67: 7.371 | Q67: Opp Hits/G
A68: HR/G | B68: 1.135 | C68: 1.241 | D68: 1.25 | E68: 1.133 | F68: 0.5 | G68: 0.6 | H68: 24th | J68: — | K68: — | L68: — | M68: — | N68: — | O68: — | P68: — | Q68: Opp HR/G
A69: Batter K/G | B69: 8.541 | C69: 8.517 | D69: 8.2 | E69: 8.6 | F69: 8.5 | G69: 10 | H69: 25th | J69: 5th | K69: 10 | L69: 10.625 | M69: 10.538 | N69: 10 | O69: 8.929 | P69: 9.571 | Q69: Opp Batter K/G
A70: 1st Inn R/G | B70: 0.297 | C70: 0.276 | D70: 0.35 | E70: 0.2 | F70: 0.2 | G70: 0 | H70: 29th | J70: 5th | K70: 0 | L70: 0.125 | M70: 0.231 | N70: 0.333 | O70: 0.357 | P70: 0.486 | Q70: Opp 1st Inn R/G
A72: Milwaukee Brewers offense vs Chicago Cubs defense
A73: Stat | B73: A Season | C73: A L30 | D73: A L20 | E73: A L15 | F73: A L10 | G73: A L5 | H73: A Rk | I73: Adv | J73: H Rk | K73: H L5 | L73: H L10 | M73: H L15 | N73: H L20 | O73: H L30 | P73: H Season | Q73: Opp stat
A74: Runs/G | B74: 4.703 | C74: 4.133 | D74: 4.25 | E74: 3.733 | F74: 4.2 | G74: 4 | H74: 15th | I74: ★★ | J74: 24th | K74: 5 | L74: 4.6 | M74: 5 | N74: 4.25 | O74: 4.767 | P74: 4.5 | Q74: Opp Runs/G
A75: Hits/G | B75: 7.629 | C75: 7.143 | D75: 7.389 | E75: 7 | F75: 7.625 | G75: 7.6 | H75: 18th | I75: ★★ | J75: 25th | K75: 8.4 | L75: 7.7 | M75: 8 | N75: 7.9 | O75: 7.966 | P75: 7.595 | Q75: Opp Hits/G
A76: HR/G | B76: 0.657 | C76: 0.5 | D76: 0.278 | E76: 0.308 | F76: 0.5 | G76: 0.6 | H76: 28th | J76: — | K76: — | L76: — | M76: — | N76: — | O76: — | P76: — | Q76: Opp HR/G
A77: Batter K/G | B77: 8.229 | C77: 8.179 | D77: 7.944 | E77: 8.077 | F77: 7.875 | G77: 8 | H77: 12th | I77: ★★★ | J77: 25th | K77: 7.4 | L77: 7.3 | M77: 7.2 | N77: 7.35 | O77: 7.552 | P77: 7.838 | Q77: Opp Batter K/G
A78: 1st Inn R/G | B78: 0.629 | C78: 0.536 | D78: 0.5 | E78: 0.692 | F78: 1.125 | G78: 1.6 | H78: 2nd | I78: ★★★ | J78: 28th | K78: 1.2 | L78: 0.9 | M78: 0.6 | N78: 0.5 | O78: 0.414 | P78: 0.405 | Q78: Opp 1st Inn R/G
