Workbook

Sheet Read Me
A1: 🎯 Project 54.7 — Daily Wager Workbook
A2: 52.4% pays the house. 54.7% pays you.
A5: Built | B5: 2026-07-04 18:03
A7: HOW IT WORKS
A8: 1. | B8: The model's win probability for every market is locked. It does not change when odds move.
A9: 2. | B9: Type the price YOUR sportsbook is showing into the yellow “✏ Your Odds” cells (American odds, e.g. -110 or +135).
A10: 3. | B10: Implied %, Your Edge (EV), the ¼-Kelly stake and the Verdict recompute instantly — in Excel or Google Sheets, offline.
A11: 4. | B11: Set your Bankroll and Kelly fraction once on the Settings tab; every stake on every tab follows it.
A12: 5. | B12: After a game, type the closing line into the ✏ Closing column on the Games tab — CLV % shows whether you beat the close (the earliest honest sign an edge is real).
A14: READING THE VERDICT
A15: Pass | B15: Model says there's no edge at your price — skip it.
A16: Thin | B16: Positive but below your min-edge threshold.
A17: ✅ Sharp band | B17: 2–6% EV — where the model's edge has actually held up (good closing-line value). The sweet spot.
A18: Strong | B18: 6–8% EV — bigger, rarer.
A19: ⚠ Verify | B19: 8%+ EV usually means a stale or oddball price, not free money. Double-check the line before trusting it.
A21: WHY EDIT YOUR OWN ODDS?
B22: Every other tool de-vigs a sharp book for you and locks the math in an app whose lines go stale. Here the number is yours, so nothing can be out of date — and the math is in front of you.
A24: THE DEAL | B24: Personal research. Not financial advice. No bankroll promises. If gambling stops being fun, stop — call 1-800-GAMBLER.
B25: We publish our losses too — see the Track Record tab. We tell you when to pass. The trigger is always yours.

Sheet Settings
A1: ⚙ Settings
A2: Bankroll ($) | B2: 1000
A3: Kelly fraction | B3: 0.25
A4: Min edge to flag (EV) | B4: 0.02
A5: Max stake (% of bankroll) | B5: 0.05
A7: Default ¼-Kelly is deliberate: full Kelly is mathematically optimal but brutal on variance, and edges are always overestimated. Quarter-Kelly keeps ~most of the growth at a fraction of the risk.

Sheet Top Plays
A1: ⭐ Top Plays — biggest model edges today
A2: Ranked at the posted price. Swap in your book's number and watch the edge update. Nothing here is a lock.
A4: Date | B4: Matchup | C4: Start | D4: Market | E4: Selection | F4: Model Win% | G4: Model Fair | H4: ✏ Your Odds | I4: Implied% | J4: Your Edge (EV) | K4: ¼-Kelly % | L4: Stake $ | M4: Verdict | N4: Model read | O4: ✏ Closing | P4: CLV %
A5: 2026-07-04 | B5: Baltimore Orioles @ Cincinnati Reds | C5: 23:10 | D5: Spread | E5: Baltimore Orioles +1.5 | F5: 0.69600719 | G5: -229 | H5: 178 | I5: =IF($H$5="","",IF($H$5<0,-$H$5/(-$H$5+100),100/($H$5+100))) | J5: =IF($H$5="","",$F$5*IF($H$5<0,-100/$H$5,$H$5/100)-(1-$F$5)) | K5: =IF($H$5="","",MAX(0,($F$5*IF($H$5<0,-100/$H$5,$H$5/100)-(1-$F$5))/IF($H$5<0,-100/$H$5,$H$5/100))*'Settings'!$B$3) | L5: =IF($H$5="","",ROUND(MIN($K$5,'Settings'!$B$5)*'Settings'!$B$2,2)) | M5: =IF($J$5="","",IF($J$5<0,"Pass",IF($J$5<'Settings'!$B$4,"Thin",IF($J$5<0.06,"✅ Sharp band",IF($J$5<0.08,"Strong","⚠ Verify (stale?)"))))) | N5: Model 69.6% (fair -229). Your call. | P5: =IF(OR($H$5="",$O$5=""),"",(1+IF($H$5<0,-100/$H$5,$H$5/100))/(1+IF($O$5<0,-100/$O$5,$O$5/100))-1)
A6: 2026-07-05 | B6: New York Mets @ Atlanta Braves | C6: 16:30 | D6: Spread | E6: New York Mets +1.5 | F6: 0.67311111 | G6: -206 | H6: 170 | I6: =IF($H$6="","",IF($H$6<0,-$H$6/(-$H$6+100),100/($H$6+100))) | J6: =IF($H$6="","",$F$6*IF($H$6<0,-100/$H$6,$H$6/100)-(1-$F$6)) | K6: =IF($H$6="","",MAX(0,($F$6*IF($H$6<0,-100/$H$6,$H$6/100)-(1-$F$6))/IF($H$6<0,-100/$H$6,$H$6/100))*'Settings'!$B$3) | L6: =IF($H$6="","",ROUND(MIN($K$6,'Settings'!$B$5)*'Settings'!$B$2,2)) | M6: =IF($J$6="","",IF($J$6<0,"Pass",IF($J$6<'Settings'!$B$4,"Thin",IF($J$6<0.06,"✅ Sharp band",IF($J$6<0.08,"Strong","⚠ Verify (stale?)"))))) | N6: Model 67.3% (fair -206). Your call. | P6: =IF(OR($H$6="",$O$6=""),"",(1+IF($H$6<0,-100/$H$6,$H$6/100))/(1+IF($O$6<0,-100/$O$6,$O$6/100))-1)
A7: 2026-07-05 | B7: Boston Red Sox @ Los Angeles Angels | C7: 01:30 | D7: Moneyline | E7: Boston Red Sox | F7: 0.57351931 | G7: -134 | H7: 133 | I7: =IF($H$7="","",IF($H$7<0,-$H$7/(-$H$7+100),100/($H$7+100))) | J7: =IF($H$7="","",$F$7*IF($H$7<0,-100/$H$7,$H$7/100)-(1-$F$7)) | K7: =IF($H$7="","",MAX(0,($F$7*IF($H$7<0,-100/$H$7,$H$7/100)-(1-$F$7))/IF($H$7<0,-100/$H$7,$H$7/100))*'Settings'!$B$3) | L7: =IF($H$7="","",ROUND(MIN($K$7,'Settings'!$B$5)*'Settings'!$B$2,2)) | M7: =IF($J$7="","",IF($J$7<0,"Pass",IF($J$7<'Settings'!$B$4,"Thin",IF($J$7<0.06,"✅ Sharp band",IF($J$7<0.08,"Strong","⚠ Verify (stale?)"))))) | N7: Model 57.4% (fair -134). Your call. | P7: =IF(OR($H$7="",$O$7=""),"",(1+IF($H$7<0,-100/$H$7,$H$7/100))/(1+IF($O$7<0,-100/$O$7,$O$7/100))-1)
A8: 2026-07-04 | B8: New York Mets @ Atlanta Braves | C8: 00:08 | D8: Spread | E8: New York Mets +1.5 | F8: 0.62197183 | G8: -165 | H8: 113 | I8: =IF($H$8="","",IF($H$8<0,-$H$8/(-$H$8+100),100/($H$8+100))) | J8: =IF($H$8="","",$F$8*IF($H$8<0,-100/$H$8,$H$8/100)-(1-$F$8)) | K8: =IF($H$8="","",MAX(0,($F$8*IF($H$8<0,-100/$H$8,$H$8/100)-(1-$F$8))/IF($H$8<0,-100/$H$8,$H$8/100))*'Settings'!$B$3) | L8: =IF($H$8="","",ROUND(MIN($K$8,'Settings'!$B$5)*'Settings'!$B$2,2)) | M8: =IF($J$8="","",IF($J$8<0,"Pass",IF($J$8<'Settings'!$B$4,"Thin",IF($J$8<0.06,"✅ Sharp band",IF($J$8<0.08,"Strong","⚠ Verify (stale?)"))))) | N8: Model 62.2% (fair -165). Your call. | P8: =IF(OR($H$8="",$O$8=""),"",(1+IF($H$8<0,-100/$H$8,$H$8/100))/(1+IF($O$8<0,-100/$O$8,$O$8/100))-1)
A9: 2026-07-04 | B9: Boston Red Sox @ Los Angeles Angels | C9: 01:38 | D9: Moneyline | E9: Boston Red Sox | F9: 0.55251101 | G9: -123 | H9: 127 | I9: =IF($H$9="","",IF($H$9<0,-$H$9/(-$H$9+100),100/($H$9+100))) | J9: =IF($H$9="","",$F$9*IF($H$9<0,-100/$H$9,$H$9/100)-(1-$F$9)) | K9: =IF($H$9="","",MAX(0,($F$9*IF($H$9<0,-100/$H$9,$H$9/100)-(1-$F$9))/IF($H$9<0,-100/$H$9,$H$9/100))*'Settings'!$B$3) | L9: =IF($H$9="","",ROUND(MIN($K$9,'Settings'!$B$5)*'Settings'!$B$2,2)) | M9: =IF($J$9="","",IF($J$9<0,"Pass",IF($J$9<'Settings'!$B$4,"Thin",IF($J$9<0.06,"✅ Sharp band",IF($J$9<0.08,"Strong","⚠ Verify (stale?)"))))) | N9: Model 55.3% (fair -123). Your call. | P9: =IF(OR($H$9="",$O$9=""),"",(1+IF($H$9<0,-100/$H$9,$H$9/100))/(1+IF($O$9<0,-100/$O$9,$O$9/100))-1)
A10: 2026-07-04 | B10: Minnesota Twins @ New York Yankees | C10: 17:35 | D10: Spread | E10: Minnesota Twins +1.5 | F10: 0.62890887 | G10: -169 | H10: -103 | I10: =IF($H$10="","",IF($H$10<0,-$H$10/(-$H$10+100),100/($H$10+100))) | J10: =IF($H$10="","",$F$10*IF($H$10<0,-100/$H$10,$H$10/100)-(1-$F$10)) | K10: =IF($H$10="","",MAX(0,($F$10*IF($H$10<0,-100/$H$10,$H$10/100)-(1-$F$10))/IF($H$10<0,-100/$H$10,$H$10/100))*'Settings'!$B$3) | L10: =IF($H$10="","",ROUND(MIN($K$10,'Settings'!$B$5)*'Settings'!$B$2,2)) | M10: =IF($J$10="","",IF($J$10<0,"Pass",IF($J$10<'Settings'!$B$4,"Thin",IF($J$10<0.06,"✅ Sharp band",IF($J$10<0.08,"Strong","⚠ Verify (stale?)"))))) | N10: Model 62.9% (fair -169). Your call. | P10: =IF(OR($H$10="",$O$10=""),"",(1+IF($H$10<0,-100/$H$10,$H$10/100))/(1+IF($O$10<0,-100/$O$10,$O$10/100))-1)
A11: 2026-07-04 | B11: St. Louis Cardinals @ Chicago Cubs | C11: 00:08 | D11: Spread | E11: St. Louis Cardinals +1.5 | F11: 0.60836634 | G11: -155 | H11: 102 | I11: =IF($H$11="","",IF($H$11<0,-$H$11/(-$H$11+100),100/($H$11+100))) | J11: =IF($H$11="","",$F$11*IF($H$11<0,-100/$H$11,$H$11/100)-(1-$F$11)) | K11: =IF($H$11="","",MAX(0,($F$11*IF($H$11<0,-100/$H$11,$H$11/100)-(1-$F$11))/IF($H$11<0,-100/$H$11,$H$11/100))*'Settings'!$B$3) | L11: =IF($H$11="","",ROUND(MIN($K$11,'Settings'!$B$5)*'Settings'!$B$2,2)) | M11: =IF($J$11="","",IF($J$11<0,"Pass",IF($J$11<'Settings'!$B$4,"Thin",IF($J$11<0.06,"✅ Sharp band",IF($J$11<0.08,"Strong","⚠ Verify (stale?)"))))) | N11: Model 60.8% (fair -155). Your call. | P11: =IF(OR($H$11="",$O$11=""),"",(1+IF($H$11<0,-100/$H$11,$H$11/100))/(1+IF($O$11<0,-100/$O$11,$O$11/100))-1)
A12: 2026-07-04 | B12: Toronto Blue Jays @ Seattle Mariners | C12: 20:10 | D12: Spread | E12: Toronto Blue Jays +1.5 | F12: 0.5806 | G12: -138 | H12: 100 | I12: =IF($H$12="","",IF($H$12<0,-$H$12/(-$H$12+100),100/($H$12+100))) | J12: =IF($H$12="","",$F$12*IF($H$12<0,-100/$H$12,$H$12/100)-(1-$F$12)) | K12: =IF($H$12="","",MAX(0,($F$12*IF($H$12<0,-100/$H$12,$H$12/100)-(1-$F$12))/IF($H$12<0,-100/$H$12,$H$12/100))*'Settings'!$B$3) | L12: =IF($H$12="","",ROUND(MIN($K$12,'Settings'!$B$5)*'Settings'!$B$2,2)) | M12: =IF($J$12="","",IF($J$12<0,"Pass",IF($J$12<'Settings'!$B$4,"Thin",IF($J$12<0.06,"✅ Sharp band",IF($J$12<0.08,"Strong","⚠ Verify (stale?)"))))) | N12: Model 58.1% (fair -138). Your call. | P12: =IF(OR($H$12="",$O$12=""),"",(1+IF($H$12<0,-100/$H$12,$H$12/100))/(1+IF($O$12<0,-100/$O$12,$O$12/100))-1)
A13: 2026-07-04 | B13: Chicago White Sox @ Cleveland Guardians | C13: 23:10 | D13: Spread | E13: Chicago White Sox +1.5 | F13: 0.61786652 | G13: -162 | H13: -121 | I13: =IF($H$13="","",IF($H$13<0,-$H$13/(-$H$13+100),100/($H$13+100))) | J13: =IF($H$13="","",$F$13*IF($H$13<0,-100/$H$13,$H$13/100)-(1-$F$13)) | K13: =IF($H$13="","",MAX(0,($F$13*IF($H$13<0,-100/$H$13,$H$13/100)-(1-$F$13))/IF($H$13<0,-100/$H$13,$H$13/100))*'Settings'!$B$3) | L13: =IF($H$13="","",ROUND(MIN($K$13,'Settings'!$B$5)*'Settings'!$B$2,2)) | M13: =IF($J$13="","",IF($J$13<0,"Pass",IF($J$13<'Settings'!$B$4,"Thin",IF($J$13<0.06,"✅ Sharp band",IF($J$13<0.08,"Strong","⚠ Verify (stale?)"))))) | N13: Model 61.8% (fair -162). Your call. | P13: =IF(OR($H$13="",$O$13=""),"",(1+IF($H$13<0,-100/$H$13,$H$13/100))/(1+IF($O$13<0,-100/$O$13,$O$13/100))-1)
A14: 2026-07-05 | B14: New York Mets @ Atlanta Braves | C14: 16:30 | D14: Total | E14: Under 9.5 | F14: 0.57445825 | G14: -135 | H14: -106 | I14: =IF($H$14="","",IF($H$14<0,-$H$14/(-$H$14+100),100/($H$14+100))) | J14: =IF($H$14="","",$F$14*IF($H$14<0,-100/$H$14,$H$14/100)-(1-$F$14)) | K14: =IF($H$14="","",MAX(0,($F$14*IF($H$14<0,-100/$H$14,$H$14/100)-(1-$F$14))/IF($H$14<0,-100/$H$14,$H$14/100))*'Settings'!$B$3) | L14: =IF($H$14="","",ROUND(MIN($K$14,'Settings'!$B$5)*'Settings'!$B$2,2)) | M14: =IF($J$14="","",IF($J$14<0,"Pass",IF($J$14<'Settings'!$B$4,"Thin",IF($J$14<0.06,"✅ Sharp band",IF($J$14<0.08,"Strong","⚠ Verify (stale?)"))))) | N14: Model 57.4% (fair -135). Your call. | P14: =IF(OR($H$14="",$O$14=""),"",(1+IF($H$14<0,-100/$H$14,$H$14/100))/(1+IF($O$14<0,-100/$O$14,$O$14/100))-1)
A15: 2026-07-05 | B15: Baltimore Orioles @ Cincinnati Reds | C15: 17:05 | D15: Moneyline | E15: Baltimore Orioles | F15: 0.54318627 | G15: -119 | H15: 104 | I15: =IF($H$15="","",IF($H$15<0,-$H$15/(-$H$15+100),100/($H$15+100))) | J15: =IF($H$15="","",$F$15*IF($H$15<0,-100/$H$15,$H$15/100)-(1-$F$15)) | K15: =IF($H$15="","",MAX(0,($F$15*IF($H$15<0,-100/$H$15,$H$15/100)-(1-$F$15))/IF($H$15<0,-100/$H$15,$H$15/100))*'Settings'!$B$3) | L15: =IF($H$15="","",ROUND(MIN($K$15,'Settings'!$B$5)*'Settings'!$B$2,2)) | M15: =IF($J$15="","",IF($J$15<0,"Pass",IF($J$15<'Settings'!$B$4,"Thin",IF($J$15<0.06,"✅ Sharp band",IF($J$15<0.08,"Strong","⚠ Verify (stale?)"))))) | N15: Model 54.3% (fair -119). Your call. | P15: =IF(OR($H$15="",$O$15=""),"",(1+IF($H$15<0,-100/$H$15,$H$15/100))/(1+IF($O$15<0,-100/$O$15,$O$15/100))-1)
A16: 2026-07-05 | B16: Minnesota Twins @ New York Yankees | C16: 17:35 | D16: Moneyline | E16: Minnesota Twins | F16: 0.47227468 | G16: 112 | H16: 133 | I16: =IF($H$16="","",IF($H$16<0,-$H$16/(-$H$16+100),100/($H$16+100))) | J16: =IF($H$16="","",$F$16*IF($H$16<0,-100/$H$16,$H$16/100)-(1-$F$16)) | K16: =IF($H$16="","",MAX(0,($F$16*IF($H$16<0,-100/$H$16,$H$16/100)-(1-$F$16))/IF($H$16<0,-100/$H$16,$H$16/100))*'Settings'!$B$3) | L16: =IF($H$16="","",ROUND(MIN($K$16,'Settings'!$B$5)*'Settings'!$B$2,2)) | M16: =IF($J$16="","",IF($J$16<0,"Pass",IF($J$16<'Settings'!$B$4,"Thin",IF($J$16<0.06,"✅ Sharp band",IF($J$16<0.08,"Strong","⚠ Verify (stale?)"))))) | N16: Model 47.2% (fair +112). Your call. | P16: =IF(OR($H$16="",$O$16=""),"",(1+IF($H$16<0,-100/$H$16,$H$16/100))/(1+IF($O$16<0,-100/$O$16,$O$16/100))-1)
A17: 2026-07-04 | B17: Baltimore Orioles @ Cincinnati Reds | C17: 23:10 | D17: Moneyline | E17: Baltimore Orioles | F17: 0.49926267 | G17: 100 | H17: 117 | I17: =IF($H$17="","",IF($H$17<0,-$H$17/(-$H$17+100),100/($H$17+100))) | J17: =IF($H$17="","",$F$17*IF($H$17<0,-100/$H$17,$H$17/100)-(1-$F$17)) | K17: =IF($H$17="","",MAX(0,($F$17*IF($H$17<0,-100/$H$17,$H$17/100)-(1-$F$17))/IF($H$17<0,-100/$H$17,$H$17/100))*'Settings'!$B$3) | L17: =IF($H$17="","",ROUND(MIN($K$17,'Settings'!$B$5)*'Settings'!$B$2,2)) | M17: =IF($J$17="","",IF($J$17<0,"Pass",IF($J$17<'Settings'!$B$4,"Thin",IF($J$17<0.06,"✅ Sharp band",IF($J$17<0.08,"Strong","⚠ Verify (stale?)"))))) | N17: Model 49.9% (fair +100). Your call. | P17: =IF(OR($H$17="",$O$17=""),"",(1+IF($H$17<0,-100/$H$17,$H$17/100))/(1+IF($O$17<0,-100/$O$17,$O$17/100))-1)
A18: 2026-07-05 | B18: Baltimore Orioles @ Cincinnati Reds | C18: 17:05 | D18: Spread | E18: Baltimore Orioles -1.5 | F18: 0.42167969 | G18: 137 | H18: 156 | I18: =IF($H$18="","",IF($H$18<0,-$H$18/(-$H$18+100),100/($H$18+100))) | J18: =IF($H$18="","",$F$18*IF($H$18<0,-100/$H$18,$H$18/100)-(1-$F$18)) | K18: =IF($H$18="","",MAX(0,($F$18*IF($H$18<0,-100/$H$18,$H$18/100)-(1-$F$18))/IF($H$18<0,-100/$H$18,$H$18/100))*'Settings'!$B$3) | L18: =IF($H$18="","",ROUND(MIN($K$18,'Settings'!$B$5)*'Settings'!$B$2,2)) | M18: =IF($J$18="","",IF($J$18<0,"Pass",IF($J$18<'Settings'!$B$4,"Thin",IF($J$18<0.06,"✅ Sharp band",IF($J$18<0.08,"Strong","⚠ Verify (stale?)"))))) | N18: Model 42.2% (fair +137). Your call. | P18: =IF(OR($H$18="",$O$18=""),"",(1+IF($H$18<0,-100/$H$18,$H$18/100))/(1+IF($O$18<0,-100/$O$18,$O$18/100))-1)
A19: 2026-07-04 | B19: St. Louis Cardinals @ Chicago Cubs | C19: 00:08 | D19: Moneyline | E19: St. Louis Cardinals | F19: 0.42844 | G19: 133 | H19: 150 | I19: =IF($H$19="","",IF($H$19<0,-$H$19/(-$H$19+100),100/($H$19+100))) | J19: =IF($H$19="","",$F$19*IF($H$19<0,-100/$H$19,$H$19/100)-(1-$F$19)) | K19: =IF($H$19="","",MAX(0,($F$19*IF($H$19<0,-100/$H$19,$H$19/100)-(1-$F$19))/IF($H$19<0,-100/$H$19,$H$19/100))*'Settings'!$B$3) | L19: =IF($H$19="","",ROUND(MIN($K$19,'Settings'!$B$5)*'Settings'!$B$2,2)) | M19: =IF($J$19="","",IF($J$19<0,"Pass",IF($J$19<'Settings'!$B$4,"Thin",IF($J$19<0.06,"✅ Sharp band",IF($J$19<0.08,"Strong","⚠ Verify (stale?)"))))) | N19: Model 42.8% (fair +133). Your call. | P19: =IF(OR($H$19="",$O$19=""),"",(1+IF($H$19<0,-100/$H$19,$H$19/100))/(1+IF($O$19<0,-100/$O$19,$O$19/100))-1)
A20: 2026-07-04 | B20: Minnesota Twins @ New York Yankees | C20: 17:35 | D20: Moneyline | E20: Minnesota Twins | F20: 0.446 | G20: 124 | H20: 140 | I20: =IF($H$20="","",IF($H$20<0,-$H$20/(-$H$20+100),100/($H$20+100))) | J20: =IF($H$20="","",$F$20*IF($H$20<0,-100/$H$20,$H$20/100)-(1-$F$20)) | K20: =IF($H$20="","",MAX(0,($F$20*IF($H$20<0,-100/$H$20,$H$20/100)-(1-$F$20))/IF($H$20<0,-100/$H$20,$H$20/100))*'Settings'!$B$3) | L20: =IF($H$20="","",ROUND(MIN($K$20,'Settings'!$B$5)*'Settings'!$B$2,2)) | M20: =IF($J$20="","",IF($J$20<0,"Pass",IF($J$20<'Settings'!$B$4,"Thin",IF($J$20<0.06,"✅ Sharp band",IF($J$20<0.08,"Strong","⚠ Verify (stale?)"))))) | N20: Model 44.6% (fair +124). Your call. | P20: =IF(OR($H$20="",$O$20=""),"",(1+IF($H$20<0,-100/$H$20,$H$20/100))/(1+IF($O$20<0,-100/$O$20,$O$20/100))-1)
A21: 2026-07-04 | B21: New York Mets @ Atlanta Braves | C21: 00:08 | D21: Moneyline | E21: New York Mets | F21: 0.41621094 | G21: 140 | H21: 156 | I21: =IF($H$21="","",IF($H$21<0,-$H$21/(-$H$21+100),100/($H$21+100))) | J21: =IF($H$21="","",$F$21*IF($H$21<0,-100/$H$21,$H$21/100)-(1-$F$21)) | K21: =IF($H$21="","",MAX(0,($F$21*IF($H$21<0,-100/$H$21,$H$21/100)-(1-$F$21))/IF($H$21<0,-100/$H$21,$H$21/100))*'Settings'!$B$3) | L21: =IF($H$21="","",ROUND(MIN($K$21,'Settings'!$B$5)*'Settings'!$B$2,2)) | M21: =IF($J$21="","",IF($J$21<0,"Pass",IF($J$21<'Settings'!$B$4,"Thin",IF($J$21<0.06,"✅ Sharp band",IF($J$21<0.08,"Strong","⚠ Verify (stale?)"))))) | N21: Model 41.6% (fair +140). Your call. | P21: =IF(OR($H$21="",$O$21=""),"",(1+IF($H$21<0,-100/$H$21,$H$21/100))/(1+IF($O$21<0,-100/$O$21,$O$21/100))-1)
A22: 2026-07-05 | B22: Chicago White Sox @ Cleveland Guardians | C22: 18:00 | D22: Moneyline | E22: Chicago White Sox | F22: 0.45300429 | G22: 121 | H22: 133 | I22: =IF($H$22="","",IF($H$22<0,-$H$22/(-$H$22+100),100/($H$22+100))) | J22: =IF($H$22="","",$F$22*IF($H$22<0,-100/$H$22,$H$22/100)-(1-$F$22)) | K22: =IF($H$22="","",MAX(0,($F$22*IF($H$22<0,-100/$H$22,$H$22/100)-(1-$F$22))/IF($H$22<0,-100/$H$22,$H$22/100))*'Settings'!$B$3) | L22: =IF($H$22="","",ROUND(MIN($K$22,'Settings'!$B$5)*'Settings'!$B$2,2)) | M22: =IF($J$22="","",IF($J$22<0,"Pass",IF($J$22<'Settings'!$B$4,"Thin",IF($J$22<0.06,"✅ Sharp band",IF($J$22<0.08,"Strong","⚠ Verify (stale?)"))))) | N22: Model 45.3% (fair +121). Your call. | P22: =IF(OR($H$22="",$O$22=""),"",(1+IF($H$22<0,-100/$H$22,$H$22/100))/(1+IF($O$22<0,-100/$O$22,$O$22/100))-1)
A23: 2026-07-05 | B23: Detroit Tigers @ Texas Rangers | C23: 19:30 | D23: Moneyline | E23: Detroit Tigers | F23: 0.52615 | G23: -111 | H23: 100 | I23: =IF($H$23="","",IF($H$23<0,-$H$23/(-$H$23+100),100/($H$23+100))) | J23: =IF($H$23="","",$F$23*IF($H$23<0,-100/$H$23,$H$23/100)-(1-$F$23)) | K23: =IF($H$23="","",MAX(0,($F$23*IF($H$23<0,-100/$H$23,$H$23/100)-(1-$F$23))/IF($H$23<0,-100/$H$23,$H$23/100))*'Settings'!$B$3) | L23: =IF($H$23="","",ROUND(MIN($K$23,'Settings'!$B$5)*'Settings'!$B$2,2)) | M23: =IF($J$23="","",IF($J$23<0,"Pass",IF($J$23<'Settings'!$B$4,"Thin",IF($J$23<0.06,"✅ Sharp band",IF($J$23<0.08,"Strong","⚠ Verify (stale?)"))))) | N23: Model 52.6% (fair -111). Your call. | P23: =IF(OR($H$23="",$O$23=""),"",(1+IF($H$23<0,-100/$H$23,$H$23/100))/(1+IF($O$23<0,-100/$O$23,$O$23/100))-1)
A24: 2026-07-05 | B24: Tampa Bay Rays @ Houston Astros | C24: 19:30 | D24: Moneyline | E24: Houston Astros | F24: 0.47328829 | G24: 111 | H24: 122 | I24: =IF($H$24="","",IF($H$24<0,-$H$24/(-$H$24+100),100/($H$24+100))) | J24: =IF($H$24="","",$F$24*IF($H$24<0,-100/$H$24,$H$24/100)-(1-$F$24)) | K24: =IF($H$24="","",MAX(0,($F$24*IF($H$24<0,-100/$H$24,$H$24/100)-(1-$F$24))/IF($H$24<0,-100/$H$24,$H$24/100))*'Settings'!$B$3) | L24: =IF($H$24="","",ROUND(MIN($K$24,'Settings'!$B$5)*'Settings'!$B$2,2)) | M24: =IF($J$24="","",IF($J$24<0,"Pass",IF($J$24<'Settings'!$B$4,"Thin",IF($J$24<0.06,"✅ Sharp band",IF($J$24<0.08,"Strong","⚠ Verify (stale?)"))))) | N24: Model 47.3% (fair +111). Your call. | P24: =IF(OR($H$24="",$O$24=""),"",(1+IF($H$24<0,-100/$H$24,$H$24/100))/(1+IF($O$24<0,-100/$O$24,$O$24/100))-1)
A25: 2026-07-05 | B25: New York Mets @ Atlanta Braves | C25: 16:30 | D25: Moneyline | E25: New York Mets | F25: 0.49 | G25: 104 | H25: 113 | I25: =IF($H$25="","",IF($H$25<0,-$H$25/(-$H$25+100),100/($H$25+100))) | J25: =IF($H$25="","",$F$25*IF($H$25<0,-100/$H$25,$H$25/100)-(1-$F$25)) | K25: =IF($H$25="","",MAX(0,($F$25*IF($H$25<0,-100/$H$25,$H$25/100)-(1-$F$25))/IF($H$25<0,-100/$H$25,$H$25/100))*'Settings'!$B$3) | L25: =IF($H$25="","",ROUND(MIN($K$25,'Settings'!$B$5)*'Settings'!$B$2,2)) | M25: =IF($J$25="","",IF($J$25<0,"Pass",IF($J$25<'Settings'!$B$4,"Thin",IF($J$25<0.06,"✅ Sharp band",IF($J$25<0.08,"Strong","⚠ Verify (stale?)"))))) | N25: Model 49.0% (fair +104). Your call. | P25: =IF(OR($H$25="",$O$25=""),"",(1+IF($H$25<0,-100/$H$25,$H$25/100))/(1+IF($O$25<0,-100/$O$25,$O$25/100))-1)
A26: 2026-07-05 | B26: San Francisco Giants @ Colorado Rockies | C26: 20:00 | D26: Total | E26: Under 13.5 | F26: 0.54638571 | G26: -120 | H26: -110 | I26: =IF($H$26="","",IF($H$26<0,-$H$26/(-$H$26+100),100/($H$26+100))) | J26: =IF($H$26="","",$F$26*IF($H$26<0,-100/$H$26,$H$26/100)-(1-$F$26)) | K26: =IF($H$26="","",MAX(0,($F$26*IF($H$26<0,-100/$H$26,$H$26/100)-(1-$F$26))/IF($H$26<0,-100/$H$26,$H$26/100))*'Settings'!$B$3) | L26: =IF($H$26="","",ROUND(MIN($K$26,'Settings'!$B$5)*'Settings'!$B$2,2)) | M26: =IF($J$26="","",IF($J$26<0,"Pass",IF($J$26<'Settings'!$B$4,"Thin",IF($J$26<0.06,"✅ Sharp band",IF($J$26<0.08,"Strong","⚠ Verify (stale?)"))))) | N26: Model 54.6% (fair -120). Your call. | P26: =IF(OR($H$26="",$O$26=""),"",(1+IF($H$26<0,-100/$H$26,$H$26/100))/(1+IF($O$26<0,-100/$O$26,$O$26/100))-1)
A27: 2026-07-05 | B27: Pittsburgh Pirates @ Washington Nationals | C27: 17:00 | D27: Moneyline | E27: Washington Nationals | F27: 0.51117647 | G27: -105 | H27: 104 | I27: =IF($H$27="","",IF($H$27<0,-$H$27/(-$H$27+100),100/($H$27+100))) | J27: =IF($H$27="","",$F$27*IF($H$27<0,-100/$H$27,$H$27/100)-(1-$F$27)) | K27: =IF($H$27="","",MAX(0,($F$27*IF($H$27<0,-100/$H$27,$H$27/100)-(1-$F$27))/IF($H$27<0,-100/$H$27,$H$27/100))*'Settings'!$B$3) | L27: =IF($H$27="","",ROUND(MIN($K$27,'Settings'!$B$5)*'Settings'!$B$2,2)) | M27: =IF($J$27="","",IF($J$27<0,"Pass",IF($J$27<'Settings'!$B$4,"Thin",IF($J$27<0.06,"✅ Sharp band",IF($J$27<0.08,"Strong","⚠ Verify (stale?)"))))) | N27: Model 51.1% (fair -105). Your call. | P27: =IF(OR($H$27="",$O$27=""),"",(1+IF($H$27<0,-100/$H$27,$H$27/100))/(1+IF($O$27<0,-100/$O$27,$O$27/100))-1)
A28: 2026-07-05 | B28: Minnesota Twins @ New York Yankees | C28: 17:35 | D28: Spread | E28: Minnesota Twins +1.5 | F28: 0.63636923 | G28: -175 | H28: -160 | I28: =IF($H$28="","",IF($H$28<0,-$H$28/(-$H$28+100),100/($H$28+100))) | J28: =IF($H$28="","",$F$28*IF($H$28<0,-100/$H$28,$H$28/100)-(1-$F$28)) | K28: =IF($H$28="","",MAX(0,($F$28*IF($H$28<0,-100/$H$28,$H$28/100)-(1-$F$28))/IF($H$28<0,-100/$H$28,$H$28/100))*'Settings'!$B$3) | L28: =IF($H$28="","",ROUND(MIN($K$28,'Settings'!$B$5)*'Settings'!$B$2,2)) | M28: =IF($J$28="","",IF($J$28<0,"Pass",IF($J$28<'Settings'!$B$4,"Thin",IF($J$28<0.06,"✅ Sharp band",IF($J$28<0.08,"Strong","⚠ Verify (stale?)"))))) | N28: Model 63.6% (fair -175). Your call. | P28: =IF(OR($H$28="",$O$28=""),"",(1+IF($H$28<0,-100/$H$28,$H$28/100))/(1+IF($O$28<0,-100/$O$28,$O$28/100))-1)
A29: 2026-07-05 | B29: Chicago White Sox @ Cleveland Guardians | C29: 18:00 | D29: Total | E29: Over 8.5 | F29: 0.52627059 | G29: -111 | H29: -104 | I29: =IF($H$29="","",IF($H$29<0,-$H$29/(-$H$29+100),100/($H$29+100))) | J29: =IF($H$29="","",$F$29*IF($H$29<0,-100/$H$29,$H$29/100)-(1-$F$29)) | K29: =IF($H$29="","",MAX(0,($F$29*IF($H$29<0,-100/$H$29,$H$29/100)-(1-$F$29))/IF($H$29<0,-100/$H$29,$H$29/100))*'Settings'!$B$3) | L29: =IF($H$29="","",ROUND(MIN($K$29,'Settings'!$B$5)*'Settings'!$B$2,2)) | M29: =IF($J$29="","",IF($J$29<0,"Pass",IF($J$29<'Settings'!$B$4,"Thin",IF($J$29<0.06,"✅ Sharp band",IF($J$29<0.08,"Strong","⚠ Verify (stale?)"))))) | N29: Model 52.6% (fair -111). Your call. | P29: =IF(OR($H$29="",$O$29=""),"",(1+IF($H$29<0,-100/$H$29,$H$29/100))/(1+IF($O$29<0,-100/$O$29,$O$29/100))-1)

Sheet MLB Games
A1: MLB — game markets
A2: Moneyline · Total · Spread. Yellow = your price.
A4: Date | B4: Matchup | C4: Start | D4: Market | E4: Selection | F4: Model Win% | G4: Model Fair | H4: ✏ Your Odds | I4: Implied% | J4: Your Edge (EV) | K4: ¼-Kelly % | L4: Stake $ | M4: Verdict | N4: Model read | O4: ✏ Closing | P4: CLV %
A5: 2026-07-04 | B5: Pittsburgh Pirates @ Washington Nationals | C5: 15:05 | D5: Moneyline | E5: Pittsburgh Pirates | F5: 0.57729836 | G5: -137 | H5: -144 | I5: =IF($H$5="","",IF($H$5<0,-$H$5/(-$H$5+100),100/($H$5+100))) | J5: =IF($H$5="","",$F$5*IF($H$5<0,-100/$H$5,$H$5/100)-(1-$F$5)) | K5: =IF($H$5="","",MAX(0,($F$5*IF($H$5<0,-100/$H$5,$H$5/100)-(1-$F$5))/IF($H$5<0,-100/$H$5,$H$5/100))*'Settings'!$B$3) | L5: =IF($H$5="","",ROUND(MIN($K$5,'Settings'!$B$5)*'Settings'!$B$2,2)) | M5: =IF($J$5="","",IF($J$5<0,"Pass",IF($J$5<'Settings'!$B$4,"Thin",IF($J$5<0.06,"✅ Sharp band",IF($J$5<0.08,"Strong","⚠ Verify (stale?)"))))) | N5: Model 57.7% (fair -137). Your call. | P5: =IF(OR($H$5="",$O$5=""),"",(1+IF($H$5<0,-100/$H$5,$H$5/100))/(1+IF($O$5<0,-100/$O$5,$O$5/100))-1)
A6: 2026-07-04 | B6: Pittsburgh Pirates @ Washington Nationals | C6: 15:05 | D6: Moneyline | E6: Washington Nationals | F6: 0.42270492 | G6: 137 | H6: 144 | I6: =IF($H$6="","",IF($H$6<0,-$H$6/(-$H$6+100),100/($H$6+100))) | J6: =IF($H$6="","",$F$6*IF($H$6<0,-100/$H$6,$H$6/100)-(1-$F$6)) | K6: =IF($H$6="","",MAX(0,($F$6*IF($H$6<0,-100/$H$6,$H$6/100)-(1-$F$6))/IF($H$6<0,-100/$H$6,$H$6/100))*'Settings'!$B$3) | L6: =IF($H$6="","",ROUND(MIN($K$6,'Settings'!$B$5)*'Settings'!$B$2,2)) | M6: =IF($J$6="","",IF($J$6<0,"Pass",IF($J$6<'Settings'!$B$4,"Thin",IF($J$6<0.06,"✅ Sharp band",IF($J$6<0.08,"Strong","⚠ Verify (stale?)"))))) | N6: Model 42.3% (fair +137). Your call. | P6: =IF(OR($H$6="",$O$6=""),"",(1+IF($H$6<0,-100/$H$6,$H$6/100))/(1+IF($O$6<0,-100/$O$6,$O$6/100))-1)
A7: 2026-07-04 | B7: Pittsburgh Pirates @ Washington Nationals | C7: 15:05 | D7: Total | E7: Over 10.5 | F7: 0.443 | G7: 126 | H7: 113 | I7: =IF($H$7="","",IF($H$7<0,-$H$7/(-$H$7+100),100/($H$7+100))) | J7: =IF($H$7="","",$F$7*IF($H$7<0,-100/$H$7,$H$7/100)-(1-$F$7)) | K7: =IF($H$7="","",MAX(0,($F$7*IF($H$7<0,-100/$H$7,$H$7/100)-(1-$F$7))/IF($H$7<0,-100/$H$7,$H$7/100))*'Settings'!$B$3) | L7: =IF($H$7="","",ROUND(MIN($K$7,'Settings'!$B$5)*'Settings'!$B$2,2)) | M7: =IF($J$7="","",IF($J$7<0,"Pass",IF($J$7<'Settings'!$B$4,"Thin",IF($J$7<0.06,"✅ Sharp band",IF($J$7<0.08,"Strong","⚠ Verify (stale?)"))))) | N7: Model 44.3% (fair +126). Your call. | P7: =IF(OR($H$7="",$O$7=""),"",(1+IF($H$7<0,-100/$H$7,$H$7/100))/(1+IF($O$7<0,-100/$O$7,$O$7/100))-1)
A8: 2026-07-04 | B8: Pittsburgh Pirates @ Washington Nationals | C8: 15:05 | D8: Total | E8: Under 10.5 | F8: 0.557 | G8: -126 | H8: 125 | I8: =IF($H$8="","",IF($H$8<0,-$H$8/(-$H$8+100),100/($H$8+100))) | J8: =IF($H$8="","",$F$8*IF($H$8<0,-100/$H$8,$H$8/100)-(1-$F$8)) | K8: =IF($H$8="","",MAX(0,($F$8*IF($H$8<0,-100/$H$8,$H$8/100)-(1-$F$8))/IF($H$8<0,-100/$H$8,$H$8/100))*'Settings'!$B$3) | L8: =IF($H$8="","",ROUND(MIN($K$8,'Settings'!$B$5)*'Settings'!$B$2,2)) | M8: =IF($J$8="","",IF($J$8<0,"Pass",IF($J$8<'Settings'!$B$4,"Thin",IF($J$8<0.06,"✅ Sharp band",IF($J$8<0.08,"Strong","⚠ Verify (stale?)"))))) | N8: Model 55.7% (fair -126). Your call. | P8: =IF(OR($H$8="",$O$8=""),"",(1+IF($H$8<0,-100/$H$8,$H$8/100))/(1+IF($O$8<0,-100/$O$8,$O$8/100))-1)
A9: 2026-07-04 | B9: Minnesota Twins @ New York Yankees | C9: 17:35 | D9: Moneyline | E9: Minnesota Twins | F9: 0.446 | G9: 124 | H9: 140 | I9: =IF($H$9="","",IF($H$9<0,-$H$9/(-$H$9+100),100/($H$9+100))) | J9: =IF($H$9="","",$F$9*IF($H$9<0,-100/$H$9,$H$9/100)-(1-$F$9)) | K9: =IF($H$9="","",MAX(0,($F$9*IF($H$9<0,-100/$H$9,$H$9/100)-(1-$F$9))/IF($H$9<0,-100/$H$9,$H$9/100))*'Settings'!$B$3) | L9: =IF($H$9="","",ROUND(MIN($K$9,'Settings'!$B$5)*'Settings'!$B$2,2)) | M9: =IF($J$9="","",IF($J$9<0,"Pass",IF($J$9<'Settings'!$B$4,"Thin",IF($J$9<0.06,"✅ Sharp band",IF($J$9<0.08,"Strong","⚠ Verify (stale?)"))))) | N9: Model 44.6% (fair +124). Your call. | P9: =IF(OR($H$9="",$O$9=""),"",(1+IF($H$9<0,-100/$H$9,$H$9/100))/(1+IF($O$9<0,-100/$O$9,$O$9/100))-1)
A10: 2026-07-04 | B10: Minnesota Twins @ New York Yankees | C10: 17:35 | D10: Moneyline | E10: New York Yankees | F10: 0.55399544 | G10: -124 | H10: -141 | I10: =IF($H$10="","",IF($H$10<0,-$H$10/(-$H$10+100),100/($H$10+100))) | J10: =IF($H$10="","",$F$10*IF($H$10<0,-100/$H$10,$H$10/100)-(1-$F$10)) | K10: =IF($H$10="","",MAX(0,($F$10*IF($H$10<0,-100/$H$10,$H$10/100)-(1-$F$10))/IF($H$10<0,-100/$H$10,$H$10/100))*'Settings'!$B$3) | L10: =IF($H$10="","",ROUND(MIN($K$10,'Settings'!$B$5)*'Settings'!$B$2,2)) | M10: =IF($J$10="","",IF($J$10<0,"Pass",IF($J$10<'Settings'!$B$4,"Thin",IF($J$10<0.06,"✅ Sharp band",IF($J$10<0.08,"Strong","⚠ Verify (stale?)"))))) | N10: Model 55.4% (fair -124). Your call. | P10: =IF(OR($H$10="",$O$10=""),"",(1+IF($H$10<0,-100/$H$10,$H$10/100))/(1+IF($O$10<0,-100/$O$10,$O$10/100))-1)
A11: 2026-07-04 | B11: Minnesota Twins @ New York Yankees | C11: 17:35 | D11: Total | E11: Over 11 | F11: 0.3454 | G11: 190 | H11: 125 | I11: =IF($H$11="","",IF($H$11<0,-$H$11/(-$H$11+100),100/($H$11+100))) | J11: =IF($H$11="","",$F$11*IF($H$11<0,-100/$H$11,$H$11/100)-(1-$F$11)) | K11: =IF($H$11="","",MAX(0,($F$11*IF($H$11<0,-100/$H$11,$H$11/100)-(1-$F$11))/IF($H$11<0,-100/$H$11,$H$11/100))*'Settings'!$B$3) | L11: =IF($H$11="","",ROUND(MIN($K$11,'Settings'!$B$5)*'Settings'!$B$2,2)) | M11: =IF($J$11="","",IF($J$11<0,"Pass",IF($J$11<'Settings'!$B$4,"Thin",IF($J$11<0.06,"✅ Sharp band",IF($J$11<0.08,"Strong","⚠ Verify (stale?)"))))) | N11: Model 34.5% (fair +190). Your call. | P11: =IF(OR($H$11="",$O$11=""),"",(1+IF($H$11<0,-100/$H$11,$H$11/100))/(1+IF($O$11<0,-100/$O$11,$O$11/100))-1)
A12: 2026-07-04 | B12: Minnesota Twins @ New York Yankees | C12: 17:35 | D12: Total | E12: Under 11 | F12: 0.6546 | G12: -190 | H12: -102 | I12: =IF($H$12="","",IF($H$12<0,-$H$12/(-$H$12+100),100/($H$12+100))) | J12: =IF($H$12="","",$F$12*IF($H$12<0,-100/$H$12,$H$12/100)-(1-$F$12)) | K12: =IF($H$12="","",MAX(0,($F$12*IF($H$12<0,-100/$H$12,$H$12/100)-(1-$F$12))/IF($H$12<0,-100/$H$12,$H$12/100))*'Settings'!$B$3) | L12: =IF($H$12="","",ROUND(MIN($K$12,'Settings'!$B$5)*'Settings'!$B$2,2)) | M12: =IF($J$12="","",IF($J$12<0,"Pass",IF($J$12<'Settings'!$B$4,"Thin",IF($J$12<0.06,"✅ Sharp band",IF($J$12<0.08,"Strong","⚠ Verify (stale?)"))))) | N12: Model 65.5% (fair -190). Your call. | P12: =IF(OR($H$12="",$O$12=""),"",(1+IF($H$12<0,-100/$H$12,$H$12/100))/(1+IF($O$12<0,-100/$O$12,$O$12/100))-1)
A13: 2026-07-04 | B13: Minnesota Twins @ New York Yankees | C13: 17:35 | D13: Spread | E13: New York Yankees -1.5 | F13: 0.37110638 | G13: 169 | H13: 135 | I13: =IF($H$13="","",IF($H$13<0,-$H$13/(-$H$13+100),100/($H$13+100))) | J13: =IF($H$13="","",$F$13*IF($H$13<0,-100/$H$13,$H$13/100)-(1-$F$13)) | K13: =IF($H$13="","",MAX(0,($F$13*IF($H$13<0,-100/$H$13,$H$13/100)-(1-$F$13))/IF($H$13<0,-100/$H$13,$H$13/100))*'Settings'!$B$3) | L13: =IF($H$13="","",ROUND(MIN($K$13,'Settings'!$B$5)*'Settings'!$B$2,2)) | M13: =IF($J$13="","",IF($J$13<0,"Pass",IF($J$13<'Settings'!$B$4,"Thin",IF($J$13<0.06,"✅ Sharp band",IF($J$13<0.08,"Strong","⚠ Verify (stale?)"))))) | N13: Model 37.1% (fair +169). Your call. | P13: =IF(OR($H$13="",$O$13=""),"",(1+IF($H$13<0,-100/$H$13,$H$13/100))/(1+IF($O$13<0,-100/$O$13,$O$13/100))-1)
A14: 2026-07-04 | B14: Minnesota Twins @ New York Yankees | C14: 17:35 | D14: Spread | E14: Minnesota Twins +1.5 | F14: 0.62890887 | G14: -169 | H14: -103 | I14: =IF($H$14="","",IF($H$14<0,-$H$14/(-$H$14+100),100/($H$14+100))) | J14: =IF($H$14="","",$F$14*IF($H$14<0,-100/$H$14,$H$14/100)-(1-$F$14)) | K14: =IF($H$14="","",MAX(0,($F$14*IF($H$14<0,-100/$H$14,$H$14/100)-(1-$F$14))/IF($H$14<0,-100/$H$14,$H$14/100))*'Settings'!$B$3) | L14: =IF($H$14="","",ROUND(MIN($K$14,'Settings'!$B$5)*'Settings'!$B$2,2)) | M14: =IF($J$14="","",IF($J$14<0,"Pass",IF($J$14<'Settings'!$B$4,"Thin",IF($J$14<0.06,"✅ Sharp band",IF($J$14<0.08,"Strong","⚠ Verify (stale?)"))))) | N14: Model 62.9% (fair -169). Your call. | P14: =IF(OR($H$14="",$O$14=""),"",(1+IF($H$14<0,-100/$H$14,$H$14/100))/(1+IF($O$14<0,-100/$O$14,$O$14/100))-1)
A15: 2026-07-04 | B15: Detroit Tigers @ Texas Rangers | C15: 20:05 | D15: Moneyline | E15: Detroit Tigers | F15: 0.52167209 | G15: -109 | H15: -115 | I15: =IF($H$15="","",IF($H$15<0,-$H$15/(-$H$15+100),100/($H$15+100))) | J15: =IF($H$15="","",$F$15*IF($H$15<0,-100/$H$15,$H$15/100)-(1-$F$15)) | K15: =IF($H$15="","",MAX(0,($F$15*IF($H$15<0,-100/$H$15,$H$15/100)-(1-$F$15))/IF($H$15<0,-100/$H$15,$H$15/100))*'Settings'!$B$3) | L15: =IF($H$15="","",ROUND(MIN($K$15,'Settings'!$B$5)*'Settings'!$B$2,2)) | M15: =IF($J$15="","",IF($J$15<0,"Pass",IF($J$15<'Settings'!$B$4,"Thin",IF($J$15<0.06,"✅ Sharp band",IF($J$15<0.08,"Strong","⚠ Verify (stale?)"))))) | N15: Model 52.2% (fair -109). Your call. | P15: =IF(OR($H$15="",$O$15=""),"",(1+IF($H$15<0,-100/$H$15,$H$15/100))/(1+IF($O$15<0,-100/$O$15,$O$15/100))-1)
A16: 2026-07-04 | B16: Detroit Tigers @ Texas Rangers | C16: 20:05 | D16: Moneyline | E16: Texas Rangers | F16: 0.47830986 | G16: 109 | H16: 113 | I16: =IF($H$16="","",IF($H$16<0,-$H$16/(-$H$16+100),100/($H$16+100))) | J16: =IF($H$16="","",$F$16*IF($H$16<0,-100/$H$16,$H$16/100)-(1-$F$16)) | K16: =IF($H$16="","",MAX(0,($F$16*IF($H$16<0,-100/$H$16,$H$16/100)-(1-$F$16))/IF($H$16<0,-100/$H$16,$H$16/100))*'Settings'!$B$3) | L16: =IF($H$16="","",ROUND(MIN($K$16,'Settings'!$B$5)*'Settings'!$B$2,2)) | M16: =IF($J$16="","",IF($J$16<0,"Pass",IF($J$16<'Settings'!$B$4,"Thin",IF($J$16<0.06,"✅ Sharp band",IF($J$16<0.08,"Strong","⚠ Verify (stale?)"))))) | N16: Model 47.8% (fair +109). Your call. | P16: =IF(OR($H$16="",$O$16=""),"",(1+IF($H$16<0,-100/$H$16,$H$16/100))/(1+IF($O$16<0,-100/$O$16,$O$16/100))-1)
A17: 2026-07-04 | B17: Detroit Tigers @ Texas Rangers | C17: 20:05 | D17: Total | E17: Over 8.5 | F17: 0.5843 | G17: -141 | H17: 100 | I17: =IF($H$17="","",IF($H$17<0,-$H$17/(-$H$17+100),100/($H$17+100))) | J17: =IF($H$17="","",$F$17*IF($H$17<0,-100/$H$17,$H$17/100)-(1-$F$17)) | K17: =IF($H$17="","",MAX(0,($F$17*IF($H$17<0,-100/$H$17,$H$17/100)-(1-$F$17))/IF($H$17<0,-100/$H$17,$H$17/100))*'Settings'!$B$3) | L17: =IF($H$17="","",ROUND(MIN($K$17,'Settings'!$B$5)*'Settings'!$B$2,2)) | M17: =IF($J$17="","",IF($J$17<0,"Pass",IF($J$17<'Settings'!$B$4,"Thin",IF($J$17<0.06,"✅ Sharp band",IF($J$17<0.08,"Strong","⚠ Verify (stale?)"))))) | N17: Model 58.4% (fair -141). Your call. | P17: =IF(OR($H$17="",$O$17=""),"",(1+IF($H$17<0,-100/$H$17,$H$17/100))/(1+IF($O$17<0,-100/$O$17,$O$17/100))-1)
A18: 2026-07-04 | B18: Detroit Tigers @ Texas Rangers | C18: 20:05 | D18: Total | E18: Under 8.5 | F18: 0.4157 | G18: 141 | H18: 114 | I18: =IF($H$18="","",IF($H$18<0,-$H$18/(-$H$18+100),100/($H$18+100))) | J18: =IF($H$18="","",$F$18*IF($H$18<0,-100/$H$18,$H$18/100)-(1-$F$18)) | K18: =IF($H$18="","",MAX(0,($F$18*IF($H$18<0,-100/$H$18,$H$18/100)-(1-$F$18))/IF($H$18<0,-100/$H$18,$H$18/100))*'Settings'!$B$3) | L18: =IF($H$18="","",ROUND(MIN($K$18,'Settings'!$B$5)*'Settings'!$B$2,2)) | M18: =IF($J$18="","",IF($J$18<0,"Pass",IF($J$18<'Settings'!$B$4,"Thin",IF($J$18<0.06,"✅ Sharp band",IF($J$18<0.08,"Strong","⚠ Verify (stale?)"))))) | N18: Model 41.6% (fair +141). Your call. | P18: =IF(OR($H$18="",$O$18=""),"",(1+IF($H$18<0,-100/$H$18,$H$18/100))/(1+IF($O$18<0,-100/$O$18,$O$18/100))-1)
A19: 2026-07-04 | B19: Toronto Blue Jays @ Seattle Mariners | C19: 20:10 | D19: Moneyline | E19: Toronto Blue Jays | F19: 0.40728 | G19: 146 | H19: 150 | I19: =IF($H$19="","",IF($H$19<0,-$H$19/(-$H$19+100),100/($H$19+100))) | J19: =IF($H$19="","",$F$19*IF($H$19<0,-100/$H$19,$H$19/100)-(1-$F$19)) | K19: =IF($H$19="","",MAX(0,($F$19*IF($H$19<0,-100/$H$19,$H$19/100)-(1-$F$19))/IF($H$19<0,-100/$H$19,$H$19/100))*'Settings'!$B$3) | L19: =IF($H$19="","",ROUND(MIN($K$19,'Settings'!$B$5)*'Settings'!$B$2,2)) | M19: =IF($J$19="","",IF($J$19<0,"Pass",IF($J$19<'Settings'!$B$4,"Thin",IF($J$19<0.06,"✅ Sharp band",IF($J$19<0.08,"Strong","⚠ Verify (stale?)"))))) | N19: Model 40.7% (fair +146). Your call. | P19: =IF(OR($H$19="",$O$19=""),"",(1+IF($H$19<0,-100/$H$19,$H$19/100))/(1+IF($O$19<0,-100/$O$19,$O$19/100))-1)
A20: 2026-07-04 | B20: Toronto Blue Jays @ Seattle Mariners | C20: 20:10 | D20: Moneyline | E20: Seattle Mariners | F20: 0.59274 | G20: -146 | H20: -150 | I20: =IF($H$20="","",IF($H$20<0,-$H$20/(-$H$20+100),100/($H$20+100))) | J20: =IF($H$20="","",$F$20*IF($H$20<0,-100/$H$20,$H$20/100)-(1-$F$20)) | K20: =IF($H$20="","",MAX(0,($F$20*IF($H$20<0,-100/$H$20,$H$20/100)-(1-$F$20))/IF($H$20<0,-100/$H$20,$H$20/100))*'Settings'!$B$3) | L20: =IF($H$20="","",ROUND(MIN($K$20,'Settings'!$B$5)*'Settings'!$B$2,2)) | M20: =IF($J$20="","",IF($J$20<0,"Pass",IF($J$20<'Settings'!$B$4,"Thin",IF($J$20<0.06,"✅ Sharp band",IF($J$20<0.08,"Strong","⚠ Verify (stale?)"))))) | N20: Model 59.3% (fair -146). Your call. | P20: =IF(OR($H$20="",$O$20=""),"",(1+IF($H$20<0,-100/$H$20,$H$20/100))/(1+IF($O$20<0,-100/$O$20,$O$20/100))-1)
A21: 2026-07-04 | B21: Toronto Blue Jays @ Seattle Mariners | C21: 20:10 | D21: Total | E21: Over 7.5 | F21: 0.457 | G21: 119 | H21: 100 | I21: =IF($H$21="","",IF($H$21<0,-$H$21/(-$H$21+100),100/($H$21+100))) | J21: =IF($H$21="","",$F$21*IF($H$21<0,-100/$H$21,$H$21/100)-(1-$F$21)) | K21: =IF($H$21="","",MAX(0,($F$21*IF($H$21<0,-100/$H$21,$H$21/100)-(1-$F$21))/IF($H$21<0,-100/$H$21,$H$21/100))*'Settings'!$B$3) | L21: =IF($H$21="","",ROUND(MIN($K$21,'Settings'!$B$5)*'Settings'!$B$2,2)) | M21: =IF($J$21="","",IF($J$21<0,"Pass",IF($J$21<'Settings'!$B$4,"Thin",IF($J$21<0.06,"✅ Sharp band",IF($J$21<0.08,"Strong","⚠ Verify (stale?)"))))) | N21: Model 45.7% (fair +119). Your call. | P21: =IF(OR($H$21="",$O$21=""),"",(1+IF($H$21<0,-100/$H$21,$H$21/100))/(1+IF($O$21<0,-100/$O$21,$O$21/100))-1)
A22: 2026-07-04 | B22: Toronto Blue Jays @ Seattle Mariners | C22: 20:10 | D22: Total | E22: Under 7.5 | F22: 0.543 | G22: -119 | H22: 127 | I22: =IF($H$22="","",IF($H$22<0,-$H$22/(-$H$22+100),100/($H$22+100))) | J22: =IF($H$22="","",$F$22*IF($H$22<0,-100/$H$22,$H$22/100)-(1-$F$22)) | K22: =IF($H$22="","",MAX(0,($F$22*IF($H$22<0,-100/$H$22,$H$22/100)-(1-$F$22))/IF($H$22<0,-100/$H$22,$H$22/100))*'Settings'!$B$3) | L22: =IF($H$22="","",ROUND(MIN($K$22,'Settings'!$B$5)*'Settings'!$B$2,2)) | M22: =IF($J$22="","",IF($J$22<0,"Pass",IF($J$22<'Settings'!$B$4,"Thin",IF($J$22<0.06,"✅ Sharp band",IF($J$22<0.08,"Strong","⚠ Verify (stale?)"))))) | N22: Model 54.3% (fair -119). Your call. | P22: =IF(OR($H$22="",$O$22=""),"",(1+IF($H$22<0,-100/$H$22,$H$22/100))/(1+IF($O$22<0,-100/$O$22,$O$22/100))-1)
A23: 2026-07-04 | B23: Toronto Blue Jays @ Seattle Mariners | C23: 20:10 | D23: Spread | E23: Seattle Mariners -1.5 | F23: 0.41941909 | G23: 138 | H23: 141 | I23: =IF($H$23="","",IF($H$23<0,-$H$23/(-$H$23+100),100/($H$23+100))) | J23: =IF($H$23="","",$F$23*IF($H$23<0,-100/$H$23,$H$23/100)-(1-$F$23)) | K23: =IF($H$23="","",MAX(0,($F$23*IF($H$23<0,-100/$H$23,$H$23/100)-(1-$F$23))/IF($H$23<0,-100/$H$23,$H$23/100))*'Settings'!$B$3) | L23: =IF($H$23="","",ROUND(MIN($K$23,'Settings'!$B$5)*'Settings'!$B$2,2)) | M23: =IF($J$23="","",IF($J$23<0,"Pass",IF($J$23<'Settings'!$B$4,"Thin",IF($J$23<0.06,"✅ Sharp band",IF($J$23<0.08,"Strong","⚠ Verify (stale?)"))))) | N23: Model 41.9% (fair +138). Your call. | P23: =IF(OR($H$23="",$O$23=""),"",(1+IF($H$23<0,-100/$H$23,$H$23/100))/(1+IF($O$23<0,-100/$O$23,$O$23/100))-1)
A24: 2026-07-04 | B24: Toronto Blue Jays @ Seattle Mariners | C24: 20:10 | D24: Spread | E24: Toronto Blue Jays +1.5 | F24: 0.5806 | G24: -138 | H24: 100 | I24: =IF($H$24="","",IF($H$24<0,-$H$24/(-$H$24+100),100/($H$24+100))) | J24: =IF($H$24="","",$F$24*IF($H$24<0,-100/$H$24,$H$24/100)-(1-$F$24)) | K24: =IF($H$24="","",MAX(0,($F$24*IF($H$24<0,-100/$H$24,$H$24/100)-(1-$F$24))/IF($H$24<0,-100/$H$24,$H$24/100))*'Settings'!$B$3) | L24: =IF($H$24="","",ROUND(MIN($K$24,'Settings'!$B$5)*'Settings'!$B$2,2)) | M24: =IF($J$24="","",IF($J$24<0,"Pass",IF($J$24<'Settings'!$B$4,"Thin",IF($J$24<0.06,"✅ Sharp band",IF($J$24<0.08,"Strong","⚠ Verify (stale?)"))))) | N24: Model 58.1% (fair -138). Your call. | P24: =IF(OR($H$24="",$O$24=""),"",(1+IF($H$24<0,-100/$H$24,$H$24/100))/(1+IF($O$24<0,-100/$O$24,$O$24/100))-1)
A25: 2026-07-04 | B25: Baltimore Orioles @ Cincinnati Reds | C25: 23:10 | D25: Moneyline | E25: Baltimore Orioles | F25: 0.49926267 | G25: 100 | H25: 117 | I25: =IF($H$25="","",IF($H$25<0,-$H$25/(-$H$25+100),100/($H$25+100))) | J25: =IF($H$25="","",$F$25*IF($H$25<0,-100/$H$25,$H$25/100)-(1-$F$25)) | K25: =IF($H$25="","",MAX(0,($F$25*IF($H$25<0,-100/$H$25,$H$25/100)-(1-$F$25))/IF($H$25<0,-100/$H$25,$H$25/100))*'Settings'!$B$3) | L25: =IF($H$25="","",ROUND(MIN($K$25,'Settings'!$B$5)*'Settings'!$B$2,2)) | M25: =IF($J$25="","",IF($J$25<0,"Pass",IF($J$25<'Settings'!$B$4,"Thin",IF($J$25<0.06,"✅ Sharp band",IF($J$25<0.08,"Strong","⚠ Verify (stale?)"))))) | N25: Model 49.9% (fair +100). Your call. | P25: =IF(OR($H$25="",$O$25=""),"",(1+IF($H$25<0,-100/$H$25,$H$25/100))/(1+IF($O$25<0,-100/$O$25,$O$25/100))-1)
A26: 2026-07-04 | B26: Baltimore Orioles @ Cincinnati Reds | C26: 23:10 | D26: Moneyline | E26: Cincinnati Reds | F26: 0.50072727 | G26: -100 | H26: -120 | I26: =IF($H$26="","",IF($H$26<0,-$H$26/(-$H$26+100),100/($H$26+100))) | J26: =IF($H$26="","",$F$26*IF($H$26<0,-100/$H$26,$H$26/100)-(1-$F$26)) | K26: =IF($H$26="","",MAX(0,($F$26*IF($H$26<0,-100/$H$26,$H$26/100)-(1-$F$26))/IF($H$26<0,-100/$H$26,$H$26/100))*'Settings'!$B$3) | L26: =IF($H$26="","",ROUND(MIN($K$26,'Settings'!$B$5)*'Settings'!$B$2,2)) | M26: =IF($J$26="","",IF($J$26<0,"Pass",IF($J$26<'Settings'!$B$4,"Thin",IF($J$26<0.06,"✅ Sharp band",IF($J$26<0.08,"Strong","⚠ Verify (stale?)"))))) | N26: Model 50.1% (fair -100). Your call. | P26: =IF(OR($H$26="",$O$26=""),"",(1+IF($H$26<0,-100/$H$26,$H$26/100))/(1+IF($O$26<0,-100/$O$26,$O$26/100))-1)
A27: 2026-07-04 | B27: Baltimore Orioles @ Cincinnati Reds | C27: 23:10 | D27: Total | E27: Over 10 | F27: 0.4376 | G27: 129 | H27: 129 | I27: =IF($H$27="","",IF($H$27<0,-$H$27/(-$H$27+100),100/($H$27+100))) | J27: =IF($H$27="","",$F$27*IF($H$27<0,-100/$H$27,$H$27/100)-(1-$F$27)) | K27: =IF($H$27="","",MAX(0,($F$27*IF($H$27<0,-100/$H$27,$H$27/100)-(1-$F$27))/IF($H$27<0,-100/$H$27,$H$27/100))*'Settings'!$B$3) | L27: =IF($H$27="","",ROUND(MIN($K$27,'Settings'!$B$5)*'Settings'!$B$2,2)) | M27: =IF($J$27="","",IF($J$27<0,"Pass",IF($J$27<'Settings'!$B$4,"Thin",IF($J$27<0.06,"✅ Sharp band",IF($J$27<0.08,"Strong","⚠ Verify (stale?)"))))) | N27: Model 43.8% (fair +129). Your call. | P27: =IF(OR($H$27="",$O$27=""),"",(1+IF($H$27<0,-100/$H$27,$H$27/100))/(1+IF($O$27<0,-100/$O$27,$O$27/100))-1)
A28: 2026-07-04 | B28: Baltimore Orioles @ Cincinnati Reds | C28: 23:10 | D28: Total | E28: Under 10 | F28: 0.5624 | G28: -129 | H28: 100 | I28: =IF($H$28="","",IF($H$28<0,-$H$28/(-$H$28+100),100/($H$28+100))) | J28: =IF($H$28="","",$F$28*IF($H$28<0,-100/$H$28,$H$28/100)-(1-$F$28)) | K28: =IF($H$28="","",MAX(0,($F$28*IF($H$28<0,-100/$H$28,$H$28/100)-(1-$F$28))/IF($H$28<0,-100/$H$28,$H$28/100))*'Settings'!$B$3) | L28: =IF($H$28="","",ROUND(MIN($K$28,'Settings'!$B$5)*'Settings'!$B$2,2)) | M28: =IF($J$28="","",IF($J$28<0,"Pass",IF($J$28<'Settings'!$B$4,"Thin",IF($J$28<0.06,"✅ Sharp band",IF($J$28<0.08,"Strong","⚠ Verify (stale?)"))))) | N28: Model 56.2% (fair -129). Your call. | P28: =IF(OR($H$28="",$O$28=""),"",(1+IF($H$28<0,-100/$H$28,$H$28/100))/(1+IF($O$28<0,-100/$O$28,$O$28/100))-1)
A29: 2026-07-04 | B29: Baltimore Orioles @ Cincinnati Reds | C29: 23:10 | D29: Spread | E29: Cincinnati Reds -1.5 | F29: 0.304 | G29: 229 | H29: 170 | I29: =IF($H$29="","",IF($H$29<0,-$H$29/(-$H$29+100),100/($H$29+100))) | J29: =IF($H$29="","",$F$29*IF($H$29<0,-100/$H$29,$H$29/100)-(1-$F$29)) | K29: =IF($H$29="","",MAX(0,($F$29*IF($H$29<0,-100/$H$29,$H$29/100)-(1-$F$29))/IF($H$29<0,-100/$H$29,$H$29/100))*'Settings'!$B$3) | L29: =IF($H$29="","",ROUND(MIN($K$29,'Settings'!$B$5)*'Settings'!$B$2,2)) | M29: =IF($J$29="","",IF($J$29<0,"Pass",IF($J$29<'Settings'!$B$4,"Thin",IF($J$29<0.06,"✅ Sharp band",IF($J$29<0.08,"Strong","⚠ Verify (stale?)"))))) | N29: Model 30.4% (fair +229). Your call. | P29: =IF(OR($H$29="",$O$29=""),"",(1+IF($H$29<0,-100/$H$29,$H$29/100))/(1+IF($O$29<0,-100/$O$29,$O$29/100))-1)
A30: 2026-07-04 | B30: Baltimore Orioles @ Cincinnati Reds | C30: 23:10 | D30: Spread | E30: Baltimore Orioles +1.5 | F30: 0.69600719 | G30: -229 | H30: 178 | I30: =IF($H$30="","",IF($H$30<0,-$H$30/(-$H$30+100),100/($H$30+100))) | J30: =IF($H$30="","",$F$30*IF($H$30<0,-100/$H$30,$H$30/100)-(1-$F$30)) | K30: =IF($H$30="","",MAX(0,($F$30*IF($H$30<0,-100/$H$30,$H$30/100)-(1-$F$30))/IF($H$30<0,-100/$H$30,$H$30/100))*'Settings'!$B$3) | L30: =IF($H$30="","",ROUND(MIN($K$30,'Settings'!$B$5)*'Settings'!$B$2,2)) | M30: =IF($J$30="","",IF($J$30<0,"Pass",IF($J$30<'Settings'!$B$4,"Thin",IF($J$30<0.06,"✅ Sharp band",IF($J$30<0.08,"Strong","⚠ Verify (stale?)"))))) | N30: Model 69.6% (fair -229). Your call. | P30: =IF(OR($H$30="",$O$30=""),"",(1+IF($H$30<0,-100/$H$30,$H$30/100))/(1+IF($O$30<0,-100/$O$30,$O$30/100))-1)
A31: 2026-07-04 | B31: Tampa Bay Rays @ Houston Astros | C31: 23:10 | D31: Moneyline | E31: Tampa Bay Rays | F31: 0.48961538 | G31: 104 | H31: 108 | I31: =IF($H$31="","",IF($H$31<0,-$H$31/(-$H$31+100),100/($H$31+100))) | J31: =IF($H$31="","",$F$31*IF($H$31<0,-100/$H$31,$H$31/100)-(1-$F$31)) | K31: =IF($H$31="","",MAX(0,($F$31*IF($H$31<0,-100/$H$31,$H$31/100)-(1-$F$31))/IF($H$31<0,-100/$H$31,$H$31/100))*'Settings'!$B$3) | L31: =IF($H$31="","",ROUND(MIN($K$31,'Settings'!$B$5)*'Settings'!$B$2,2)) | M31: =IF($J$31="","",IF($J$31<0,"Pass",IF($J$31<'Settings'!$B$4,"Thin",IF($J$31<0.06,"✅ Sharp band",IF($J$31<0.08,"Strong","⚠ Verify (stale?)"))))) | N31: Model 49.0% (fair +104). Your call. | P31: =IF(OR($H$31="",$O$31=""),"",(1+IF($H$31<0,-100/$H$31,$H$31/100))/(1+IF($O$31<0,-100/$O$31,$O$31/100))-1)
A32: 2026-07-04 | B32: Tampa Bay Rays @ Houston Astros | C32: 23:10 | D32: Moneyline | E32: Houston Astros | F32: 0.51035192 | G32: -104 | H32: -108 | I32: =IF($H$32="","",IF($H$32<0,-$H$32/(-$H$32+100),100/($H$32+100))) | J32: =IF($H$32="","",$F$32*IF($H$32<0,-100/$H$32,$H$32/100)-(1-$F$32)) | K32: =IF($H$32="","",MAX(0,($F$32*IF($H$32<0,-100/$H$32,$H$32/100)-(1-$F$32))/IF($H$32<0,-100/$H$32,$H$32/100))*'Settings'!$B$3) | L32: =IF($H$32="","",ROUND(MIN($K$32,'Settings'!$B$5)*'Settings'!$B$2,2)) | M32: =IF($J$32="","",IF($J$32<0,"Pass",IF($J$32<'Settings'!$B$4,"Thin",IF($J$32<0.06,"✅ Sharp band",IF($J$32<0.08,"Strong","⚠ Verify (stale?)"))))) | N32: Model 51.0% (fair -104). Your call. | P32: =IF(OR($H$32="",$O$32=""),"",(1+IF($H$32<0,-100/$H$32,$H$32/100))/(1+IF($O$32<0,-100/$O$32,$O$32/100))-1)
A33: 2026-07-04 | B33: Tampa Bay Rays @ Houston Astros | C33: 23:10 | D33: Total | E33: Over 7.5 | F33: 0.6294 | G33: -170 | H33: 122 | I33: =IF($H$33="","",IF($H$33<0,-$H$33/(-$H$33+100),100/($H$33+100))) | J33: =IF($H$33="","",$F$33*IF($H$33<0,-100/$H$33,$H$33/100)-(1-$F$33)) | K33: =IF($H$33="","",MAX(0,($F$33*IF($H$33<0,-100/$H$33,$H$33/100)-(1-$F$33))/IF($H$33<0,-100/$H$33,$H$33/100))*'Settings'!$B$3) | L33: =IF($H$33="","",ROUND(MIN($K$33,'Settings'!$B$5)*'Settings'!$B$2,2)) | M33: =IF($J$33="","",IF($J$33<0,"Pass",IF($J$33<'Settings'!$B$4,"Thin",IF($J$33<0.06,"✅ Sharp band",IF($J$33<0.08,"Strong","⚠ Verify (stale?)"))))) | N33: Model 62.9% (fair -170). Your call. | P33: =IF(OR($H$33="",$O$33=""),"",(1+IF($H$33<0,-100/$H$33,$H$33/100))/(1+IF($O$33<0,-100/$O$33,$O$33/100))-1)
A34: 2026-07-04 | B34: Tampa Bay Rays @ Houston Astros | C34: 23:10 | D34: Total | E34: Under 7.5 | F34: 0.3706 | G34: 170 | H34: 100 | I34: =IF($H$34="","",IF($H$34<0,-$H$34/(-$H$34+100),100/($H$34+100))) | J34: =IF($H$34="","",$F$34*IF($H$34<0,-100/$H$34,$H$34/100)-(1-$F$34)) | K34: =IF($H$34="","",MAX(0,($F$34*IF($H$34<0,-100/$H$34,$H$34/100)-(1-$F$34))/IF($H$34<0,-100/$H$34,$H$34/100))*'Settings'!$B$3) | L34: =IF($H$34="","",ROUND(MIN($K$34,'Settings'!$B$5)*'Settings'!$B$2,2)) | M34: =IF($J$34="","",IF($J$34<0,"Pass",IF($J$34<'Settings'!$B$4,"Thin",IF($J$34<0.06,"✅ Sharp band",IF($J$34<0.08,"Strong","⚠ Verify (stale?)"))))) | N34: Model 37.1% (fair +170). Your call. | P34: =IF(OR($H$34="",$O$34=""),"",(1+IF($H$34<0,-100/$H$34,$H$34/100))/(1+IF($O$34<0,-100/$O$34,$O$34/100))-1)
A35: 2026-07-04 | B35: Chicago White Sox @ Cleveland Guardians | C35: 23:10 | D35: Moneyline | E35: Chicago White Sox | F35: 0.45264317 | G35: 121 | H35: 127 | I35: =IF($H$35="","",IF($H$35<0,-$H$35/(-$H$35+100),100/($H$35+100))) | J35: =IF($H$35="","",$F$35*IF($H$35<0,-100/$H$35,$H$35/100)-(1-$F$35)) | K35: =IF($H$35="","",MAX(0,($F$35*IF($H$35<0,-100/$H$35,$H$35/100)-(1-$F$35))/IF($H$35<0,-100/$H$35,$H$35/100))*'Settings'!$B$3) | L35: =IF($H$35="","",ROUND(MIN($K$35,'Settings'!$B$5)*'Settings'!$B$2,2)) | M35: =IF($J$35="","",IF($J$35<0,"Pass",IF($J$35<'Settings'!$B$4,"Thin",IF($J$35<0.06,"✅ Sharp band",IF($J$35<0.08,"Strong","⚠ Verify (stale?)"))))) | N35: Model 45.3% (fair +121). Your call. | P35: =IF(OR($H$35="",$O$35=""),"",(1+IF($H$35<0,-100/$H$35,$H$35/100))/(1+IF($O$35<0,-100/$O$35,$O$35/100))-1)
A36: 2026-07-04 | B36: Chicago White Sox @ Cleveland Guardians | C36: 23:10 | D36: Moneyline | E36: Cleveland Guardians | F36: 0.54733084 | G36: -121 | H36: -127 | I36: =IF($H$36="","",IF($H$36<0,-$H$36/(-$H$36+100),100/($H$36+100))) | J36: =IF($H$36="","",$F$36*IF($H$36<0,-100/$H$36,$H$36/100)-(1-$F$36)) | K36: =IF($H$36="","",MAX(0,($F$36*IF($H$36<0,-100/$H$36,$H$36/100)-(1-$F$36))/IF($H$36<0,-100/$H$36,$H$36/100))*'Settings'!$B$3) | L36: =IF($H$36="","",ROUND(MIN($K$36,'Settings'!$B$5)*'Settings'!$B$2,2)) | M36: =IF($J$36="","",IF($J$36<0,"Pass",IF($J$36<'Settings'!$B$4,"Thin",IF($J$36<0.06,"✅ Sharp band",IF($J$36<0.08,"Strong","⚠ Verify (stale?)"))))) | N36: Model 54.7% (fair -121). Your call. | P36: =IF(OR($H$36="",$O$36=""),"",(1+IF($H$36<0,-100/$H$36,$H$36/100))/(1+IF($O$36<0,-100/$O$36,$O$36/100))-1)
A37: 2026-07-04 | B37: Chicago White Sox @ Cleveland Guardians | C37: 23:10 | D37: Total | E37: Over 8 | F37: 0.4379 | G37: 128 | H37: 127 | I37: =IF($H$37="","",IF($H$37<0,-$H$37/(-$H$37+100),100/($H$37+100))) | J37: =IF($H$37="","",$F$37*IF($H$37<0,-100/$H$37,$H$37/100)-(1-$F$37)) | K37: =IF($H$37="","",MAX(0,($F$37*IF($H$37<0,-100/$H$37,$H$37/100)-(1-$F$37))/IF($H$37<0,-100/$H$37,$H$37/100))*'Settings'!$B$3) | L37: =IF($H$37="","",ROUND(MIN($K$37,'Settings'!$B$5)*'Settings'!$B$2,2)) | M37: =IF($J$37="","",IF($J$37<0,"Pass",IF($J$37<'Settings'!$B$4,"Thin",IF($J$37<0.06,"✅ Sharp band",IF($J$37<0.08,"Strong","⚠ Verify (stale?)"))))) | N37: Model 43.8% (fair +128). Your call. | P37: =IF(OR($H$37="",$O$37=""),"",(1+IF($H$37<0,-100/$H$37,$H$37/100))/(1+IF($O$37<0,-100/$O$37,$O$37/100))-1)
A38: 2026-07-04 | B38: Chicago White Sox @ Cleveland Guardians | C38: 23:10 | D38: Total | E38: Under 8 | F38: 0.5621 | G38: -128 | H38: -113 | I38: =IF($H$38="","",IF($H$38<0,-$H$38/(-$H$38+100),100/($H$38+100))) | J38: =IF($H$38="","",$F$38*IF($H$38<0,-100/$H$38,$H$38/100)-(1-$F$38)) | K38: =IF($H$38="","",MAX(0,($F$38*IF($H$38<0,-100/$H$38,$H$38/100)-(1-$F$38))/IF($H$38<0,-100/$H$38,$H$38/100))*'Settings'!$B$3) | L38: =IF($H$38="","",ROUND(MIN($K$38,'Settings'!$B$5)*'Settings'!$B$2,2)) | M38: =IF($J$38="","",IF($J$38<0,"Pass",IF($J$38<'Settings'!$B$4,"Thin",IF($J$38<0.06,"✅ Sharp band",IF($J$38<0.08,"Strong","⚠ Verify (stale?)"))))) | N38: Model 56.2% (fair -128). Your call. | P38: =IF(OR($H$38="",$O$38=""),"",(1+IF($H$38<0,-100/$H$38,$H$38/100))/(1+IF($O$38<0,-100/$O$38,$O$38/100))-1)
A39: 2026-07-04 | B39: Chicago White Sox @ Cleveland Guardians | C39: 23:10 | D39: Spread | E39: Cleveland Guardians -1.5 | F39: 0.38213483 | G39: 162 | H39: 167 | I39: =IF($H$39="","",IF($H$39<0,-$H$39/(-$H$39+100),100/($H$39+100))) | J39: =IF($H$39="","",$F$39*IF($H$39<0,-100/$H$39,$H$39/100)-(1-$F$39)) | K39: =IF($H$39="","",MAX(0,($F$39*IF($H$39<0,-100/$H$39,$H$39/100)-(1-$F$39))/IF($H$39<0,-100/$H$39,$H$39/100))*'Settings'!$B$3) | L39: =IF($H$39="","",ROUND(MIN($K$39,'Settings'!$B$5)*'Settings'!$B$2,2)) | M39: =IF($J$39="","",IF($J$39<0,"Pass",IF($J$39<'Settings'!$B$4,"Thin",IF($J$39<0.06,"✅ Sharp band",IF($J$39<0.08,"Strong","⚠ Verify (stale?)"))))) | N39: Model 38.2% (fair +162). Your call. | P39: =IF(OR($H$39="",$O$39=""),"",(1+IF($H$39<0,-100/$H$39,$H$39/100))/(1+IF($O$39<0,-100/$O$39,$O$39/100))-1)
A40: 2026-07-04 | B40: Chicago White Sox @ Cleveland Guardians | C40: 23:10 | D40: Spread | E40: Chicago White Sox +1.5 | F40: 0.61786652 | G40: -162 | H40: -121 | I40: =IF($H$40="","",IF($H$40<0,-$H$40/(-$H$40+100),100/($H$40+100))) | J40: =IF($H$40="","",$F$40*IF($H$40<0,-100/$H$40,$H$40/100)-(1-$F$40)) | K40: =IF($H$40="","",MAX(0,($F$40*IF($H$40<0,-100/$H$40,$H$40/100)-(1-$F$40))/IF($H$40<0,-100/$H$40,$H$40/100))*'Settings'!$B$3) | L40: =IF($H$40="","",ROUND(MIN($K$40,'Settings'!$B$5)*'Settings'!$B$2,2)) | M40: =IF($J$40="","",IF($J$40<0,"Pass",IF($J$40<'Settings'!$B$4,"Thin",IF($J$40<0.06,"✅ Sharp band",IF($J$40<0.08,"Strong","⚠ Verify (stale?)"))))) | N40: Model 61.8% (fair -162). Your call. | P40: =IF(OR($H$40="",$O$40=""),"",(1+IF($H$40<0,-100/$H$40,$H$40/100))/(1+IF($O$40<0,-100/$O$40,$O$40/100))-1)
A41: 2026-07-04 | B41: St. Louis Cardinals @ Chicago Cubs | C41: 00:08 | D41: Moneyline | E41: St. Louis Cardinals | F41: 0.42844 | G41: 133 | H41: 150 | I41: =IF($H$41="","",IF($H$41<0,-$H$41/(-$H$41+100),100/($H$41+100))) | J41: =IF($H$41="","",$F$41*IF($H$41<0,-100/$H$41,$H$41/100)-(1-$F$41)) | K41: =IF($H$41="","",MAX(0,($F$41*IF($H$41<0,-100/$H$41,$H$41/100)-(1-$F$41))/IF($H$41<0,-100/$H$41,$H$41/100))*'Settings'!$B$3) | L41: =IF($H$41="","",ROUND(MIN($K$41,'Settings'!$B$5)*'Settings'!$B$2,2)) | M41: =IF($J$41="","",IF($J$41<0,"Pass",IF($J$41<'Settings'!$B$4,"Thin",IF($J$41<0.06,"✅ Sharp band",IF($J$41<0.08,"Strong","⚠ Verify (stale?)"))))) | N41: Model 42.8% (fair +133). Your call. | P41: =IF(OR($H$41="",$O$41=""),"",(1+IF($H$41<0,-100/$H$41,$H$41/100))/(1+IF($O$41<0,-100/$O$41,$O$41/100))-1)
A42: 2026-07-04 | B42: St. Louis Cardinals @ Chicago Cubs | C42: 00:08 | D42: Moneyline | E42: Chicago Cubs | F42: 0.57156 | G42: -133 | H42: -150 | I42: =IF($H$42="","",IF($H$42<0,-$H$42/(-$H$42+100),100/($H$42+100))) | J42: =IF($H$42="","",$F$42*IF($H$42<0,-100/$H$42,$H$42/100)-(1-$F$42)) | K42: =IF($H$42="","",MAX(0,($F$42*IF($H$42<0,-100/$H$42,$H$42/100)-(1-$F$42))/IF($H$42<0,-100/$H$42,$H$42/100))*'Settings'!$B$3) | L42: =IF($H$42="","",ROUND(MIN($K$42,'Settings'!$B$5)*'Settings'!$B$2,2)) | M42: =IF($J$42="","",IF($J$42<0,"Pass",IF($J$42<'Settings'!$B$4,"Thin",IF($J$42<0.06,"✅ Sharp band",IF($J$42<0.08,"Strong","⚠ Verify (stale?)"))))) | N42: Model 57.2% (fair -133). Your call. | P42: =IF(OR($H$42="",$O$42=""),"",(1+IF($H$42<0,-100/$H$42,$H$42/100))/(1+IF($O$42<0,-100/$O$42,$O$42/100))-1)
A43: 2026-07-04 | B43: St. Louis Cardinals @ Chicago Cubs | C43: 00:08 | D43: Total | E43: Over 8.5 | F43: 0.6087 | G43: -156 | H43: 117 | I43: =IF($H$43="","",IF($H$43<0,-$H$43/(-$H$43+100),100/($H$43+100))) | J43: =IF($H$43="","",$F$43*IF($H$43<0,-100/$H$43,$H$43/100)-(1-$F$43)) | K43: =IF($H$43="","",MAX(0,($F$43*IF($H$43<0,-100/$H$43,$H$43/100)-(1-$F$43))/IF($H$43<0,-100/$H$43,$H$43/100))*'Settings'!$B$3) | L43: =IF($H$43="","",ROUND(MIN($K$43,'Settings'!$B$5)*'Settings'!$B$2,2)) | M43: =IF($J$43="","",IF($J$43<0,"Pass",IF($J$43<'Settings'!$B$4,"Thin",IF($J$43<0.06,"✅ Sharp band",IF($J$43<0.08,"Strong","⚠ Verify (stale?)"))))) | N43: Model 60.9% (fair -156). Your call. | P43: =IF(OR($H$43="",$O$43=""),"",(1+IF($H$43<0,-100/$H$43,$H$43/100))/(1+IF($O$43<0,-100/$O$43,$O$43/100))-1)
A44: 2026-07-04 | B44: St. Louis Cardinals @ Chicago Cubs | C44: 00:08 | D44: Total | E44: Under 8.5 | F44: 0.3913 | G44: 156 | H44: 117 | I44: =IF($H$44="","",IF($H$44<0,-$H$44/(-$H$44+100),100/($H$44+100))) | J44: =IF($H$44="","",$F$44*IF($H$44<0,-100/$H$44,$H$44/100)-(1-$F$44)) | K44: =IF($H$44="","",MAX(0,($F$44*IF($H$44<0,-100/$H$44,$H$44/100)-(1-$F$44))/IF($H$44<0,-100/$H$44,$H$44/100))*'Settings'!$B$3) | L44: =IF($H$44="","",ROUND(MIN($K$44,'Settings'!$B$5)*'Settings'!$B$2,2)) | M44: =IF($J$44="","",IF($J$44<0,"Pass",IF($J$44<'Settings'!$B$4,"Thin",IF($J$44<0.06,"✅ Sharp band",IF($J$44<0.08,"Strong","⚠ Verify (stale?)"))))) | N44: Model 39.1% (fair +156). Your call. | P44: =IF(OR($H$44="",$O$44=""),"",(1+IF($H$44<0,-100/$H$44,$H$44/100))/(1+IF($O$44<0,-100/$O$44,$O$44/100))-1)
A45: 2026-07-04 | B45: St. Louis Cardinals @ Chicago Cubs | C45: 00:08 | D45: Spread | E45: Chicago Cubs -1.5 | F45: 0.39163934 | G45: 155 | H45: 144 | I45: =IF($H$45="","",IF($H$45<0,-$H$45/(-$H$45+100),100/($H$45+100))) | J45: =IF($H$45="","",$F$45*IF($H$45<0,-100/$H$45,$H$45/100)-(1-$F$45)) | K45: =IF($H$45="","",MAX(0,($F$45*IF($H$45<0,-100/$H$45,$H$45/100)-(1-$F$45))/IF($H$45<0,-100/$H$45,$H$45/100))*'Settings'!$B$3) | L45: =IF($H$45="","",ROUND(MIN($K$45,'Settings'!$B$5)*'Settings'!$B$2,2)) | M45: =IF($J$45="","",IF($J$45<0,"Pass",IF($J$45<'Settings'!$B$4,"Thin",IF($J$45<0.06,"✅ Sharp band",IF($J$45<0.08,"Strong","⚠ Verify (stale?)"))))) | N45: Model 39.2% (fair +155). Your call. | P45: =IF(OR($H$45="",$O$45=""),"",(1+IF($H$45<0,-100/$H$45,$H$45/100))/(1+IF($O$45<0,-100/$O$45,$O$45/100))-1)
A46: 2026-07-04 | B46: St. Louis Cardinals @ Chicago Cubs | C46: 00:08 | D46: Spread | E46: St. Louis Cardinals +1.5 | F46: 0.60836634 | G46: -155 | H46: 102 | I46: =IF($H$46="","",IF($H$46<0,-$H$46/(-$H$46+100),100/($H$46+100))) | J46: =IF($H$46="","",$F$46*IF($H$46<0,-100/$H$46,$H$46/100)-(1-$F$46)) | K46: =IF($H$46="","",MAX(0,($F$46*IF($H$46<0,-100/$H$46,$H$46/100)-(1-$F$46))/IF($H$46<0,-100/$H$46,$H$46/100))*'Settings'!$B$3) | L46: =IF($H$46="","",ROUND(MIN($K$46,'Settings'!$B$5)*'Settings'!$B$2,2)) | M46: =IF($J$46="","",IF($J$46<0,"Pass",IF($J$46<'Settings'!$B$4,"Thin",IF($J$46<0.06,"✅ Sharp band",IF($J$46<0.08,"Strong","⚠ Verify (stale?)"))))) | N46: Model 60.8% (fair -155). Your call. | P46: =IF(OR($H$46="",$O$46=""),"",(1+IF($H$46<0,-100/$H$46,$H$46/100))/(1+IF($O$46<0,-100/$O$46,$O$46/100))-1)
A47: 2026-07-04 | B47: New York Mets @ Atlanta Braves | C47: 00:08 | D47: Moneyline | E47: New York Mets | F47: 0.41621094 | G47: 140 | H47: 156 | I47: =IF($H$47="","",IF($H$47<0,-$H$47/(-$H$47+100),100/($H$47+100))) | J47: =IF($H$47="","",$F$47*IF($H$47<0,-100/$H$47,$H$47/100)-(1-$F$47)) | K47: =IF($H$47="","",MAX(0,($F$47*IF($H$47<0,-100/$H$47,$H$47/100)-(1-$F$47))/IF($H$47<0,-100/$H$47,$H$47/100))*'Settings'!$B$3) | L47: =IF($H$47="","",ROUND(MIN($K$47,'Settings'!$B$5)*'Settings'!$B$2,2)) | M47: =IF($J$47="","",IF($J$47<0,"Pass",IF($J$47<'Settings'!$B$4,"Thin",IF($J$47<0.06,"✅ Sharp band",IF($J$47<0.08,"Strong","⚠ Verify (stale?)"))))) | N47: Model 41.6% (fair +140). Your call. | P47: =IF(OR($H$47="",$O$47=""),"",(1+IF($H$47<0,-100/$H$47,$H$47/100))/(1+IF($O$47<0,-100/$O$47,$O$47/100))-1)
A48: 2026-07-04 | B48: New York Mets @ Atlanta Braves | C48: 00:08 | D48: Moneyline | E48: Atlanta Braves | F48: 0.58378125 | G48: -140 | H48: -156 | I48: =IF($H$48="","",IF($H$48<0,-$H$48/(-$H$48+100),100/($H$48+100))) | J48: =IF($H$48="","",$F$48*IF($H$48<0,-100/$H$48,$H$48/100)-(1-$F$48)) | K48: =IF($H$48="","",MAX(0,($F$48*IF($H$48<0,-100/$H$48,$H$48/100)-(1-$F$48))/IF($H$48<0,-100/$H$48,$H$48/100))*'Settings'!$B$3) | L48: =IF($H$48="","",ROUND(MIN($K$48,'Settings'!$B$5)*'Settings'!$B$2,2)) | M48: =IF($J$48="","",IF($J$48<0,"Pass",IF($J$48<'Settings'!$B$4,"Thin",IF($J$48<0.06,"✅ Sharp band",IF($J$48<0.08,"Strong","⚠ Verify (stale?)"))))) | N48: Model 58.4% (fair -140). Your call. | P48: =IF(OR($H$48="",$O$48=""),"",(1+IF($H$48<0,-100/$H$48,$H$48/100))/(1+IF($O$48<0,-100/$O$48,$O$48/100))-1)
A49: 2026-07-04 | B49: New York Mets @ Atlanta Braves | C49: 00:08 | D49: Total | E49: Over 8.5 | F49: 0.3542 | G49: 182 | H49: 121 | I49: =IF($H$49="","",IF($H$49<0,-$H$49/(-$H$49+100),100/($H$49+100))) | J49: =IF($H$49="","",$F$49*IF($H$49<0,-100/$H$49,$H$49/100)-(1-$F$49)) | K49: =IF($H$49="","",MAX(0,($F$49*IF($H$49<0,-100/$H$49,$H$49/100)-(1-$F$49))/IF($H$49<0,-100/$H$49,$H$49/100))*'Settings'!$B$3) | L49: =IF($H$49="","",ROUND(MIN($K$49,'Settings'!$B$5)*'Settings'!$B$2,2)) | M49: =IF($J$49="","",IF($J$49<0,"Pass",IF($J$49<'Settings'!$B$4,"Thin",IF($J$49<0.06,"✅ Sharp band",IF($J$49<0.08,"Strong","⚠ Verify (stale?)"))))) | N49: Model 35.4% (fair +182). Your call. | P49: =IF(OR($H$49="",$O$49=""),"",(1+IF($H$49<0,-100/$H$49,$H$49/100))/(1+IF($O$49<0,-100/$O$49,$O$49/100))-1)
A50: 2026-07-04 | B50: New York Mets @ Atlanta Braves | C50: 00:08 | D50: Total | E50: Under 8.5 | F50: 0.6458 | G50: -182 | H50: 111 | I50: =IF($H$50="","",IF($H$50<0,-$H$50/(-$H$50+100),100/($H$50+100))) | J50: =IF($H$50="","",$F$50*IF($H$50<0,-100/$H$50,$H$50/100)-(1-$F$50)) | K50: =IF($H$50="","",MAX(0,($F$50*IF($H$50<0,-100/$H$50,$H$50/100)-(1-$F$50))/IF($H$50<0,-100/$H$50,$H$50/100))*'Settings'!$B$3) | L50: =IF($H$50="","",ROUND(MIN($K$50,'Settings'!$B$5)*'Settings'!$B$2,2)) | M50: =IF($J$50="","",IF($J$50<0,"Pass",IF($J$50<'Settings'!$B$4,"Thin",IF($J$50<0.06,"✅ Sharp band",IF($J$50<0.08,"Strong","⚠ Verify (stale?)"))))) | N50: Model 64.6% (fair -182). Your call. | P50: =IF(OR($H$50="",$O$50=""),"",(1+IF($H$50<0,-100/$H$50,$H$50/100))/(1+IF($O$50<0,-100/$O$50,$O$50/100))-1)
A51: 2026-07-04 | B51: New York Mets @ Atlanta Braves | C51: 00:08 | D51: Spread | E51: Atlanta Braves -1.5 | F51: 0.37804348 | G51: 165 | H51: 130 | I51: =IF($H$51="","",IF($H$51<0,-$H$51/(-$H$51+100),100/($H$51+100))) | J51: =IF($H$51="","",$F$51*IF($H$51<0,-100/$H$51,$H$51/100)-(1-$F$51)) | K51: =IF($H$51="","",MAX(0,($F$51*IF($H$51<0,-100/$H$51,$H$51/100)-(1-$F$51))/IF($H$51<0,-100/$H$51,$H$51/100))*'Settings'!$B$3) | L51: =IF($H$51="","",ROUND(MIN($K$51,'Settings'!$B$5)*'Settings'!$B$2,2)) | M51: =IF($J$51="","",IF($J$51<0,"Pass",IF($J$51<'Settings'!$B$4,"Thin",IF($J$51<0.06,"✅ Sharp band",IF($J$51<0.08,"Strong","⚠ Verify (stale?)"))))) | N51: Model 37.8% (fair +165). Your call. | P51: =IF(OR($H$51="",$O$51=""),"",(1+IF($H$51<0,-100/$H$51,$H$51/100))/(1+IF($O$51<0,-100/$O$51,$O$51/100))-1)
A52: 2026-07-04 | B52: New York Mets @ Atlanta Braves | C52: 00:08 | D52: Spread | E52: New York Mets +1.5 | F52: 0.62197183 | G52: -165 | H52: 113 | I52: =IF($H$52="","",IF($H$52<0,-$H$52/(-$H$52+100),100/($H$52+100))) | J52: =IF($H$52="","",$F$52*IF($H$52<0,-100/$H$52,$H$52/100)-(1-$F$52)) | K52: =IF($H$52="","",MAX(0,($F$52*IF($H$52<0,-100/$H$52,$H$52/100)-(1-$F$52))/IF($H$52<0,-100/$H$52,$H$52/100))*'Settings'!$B$3) | L52: =IF($H$52="","",ROUND(MIN($K$52,'Settings'!$B$5)*'Settings'!$B$2,2)) | M52: =IF($J$52="","",IF($J$52<0,"Pass",IF($J$52<'Settings'!$B$4,"Thin",IF($J$52<0.06,"✅ Sharp band",IF($J$52<0.08,"Strong","⚠ Verify (stale?)"))))) | N52: Model 62.2% (fair -165). Your call. | P52: =IF(OR($H$52="",$O$52=""),"",(1+IF($H$52<0,-100/$H$52,$H$52/100))/(1+IF($O$52<0,-100/$O$52,$O$52/100))-1)
A53: 2026-07-04 | B53: San Francisco Giants @ Colorado Rockies | C53: 00:10 | D53: Moneyline | E53: San Francisco Giants | F53: 0.5024 | G53: -101 | I53: =IF($H$53="","",IF($H$53<0,-$H$53/(-$H$53+100),100/($H$53+100))) | J53: =IF($H$53="","",$F$53*IF($H$53<0,-100/$H$53,$H$53/100)-(1-$F$53)) | K53: =IF($H$53="","",MAX(0,($F$53*IF($H$53<0,-100/$H$53,$H$53/100)-(1-$F$53))/IF($H$53<0,-100/$H$53,$H$53/100))*'Settings'!$B$3) | L53: =IF($H$53="","",ROUND(MIN($K$53,'Settings'!$B$5)*'Settings'!$B$2,2)) | M53: =IF($J$53="","",IF($J$53<0,"Pass",IF($J$53<'Settings'!$B$4,"Thin",IF($J$53<0.06,"✅ Sharp band",IF($J$53<0.08,"Strong","⚠ Verify (stale?)"))))) | N53: Model 50.2% (fair -101). Your call. | P53: =IF(OR($H$53="",$O$53=""),"",(1+IF($H$53<0,-100/$H$53,$H$53/100))/(1+IF($O$53<0,-100/$O$53,$O$53/100))-1)
A54: 2026-07-04 | B54: San Francisco Giants @ Colorado Rockies | C54: 00:10 | D54: Moneyline | E54: Colorado Rockies | F54: 0.4976 | G54: 101 | I54: =IF($H$54="","",IF($H$54<0,-$H$54/(-$H$54+100),100/($H$54+100))) | J54: =IF($H$54="","",$F$54*IF($H$54<0,-100/$H$54,$H$54/100)-(1-$F$54)) | K54: =IF($H$54="","",MAX(0,($F$54*IF($H$54<0,-100/$H$54,$H$54/100)-(1-$F$54))/IF($H$54<0,-100/$H$54,$H$54/100))*'Settings'!$B$3) | L54: =IF($H$54="","",ROUND(MIN($K$54,'Settings'!$B$5)*'Settings'!$B$2,2)) | M54: =IF($J$54="","",IF($J$54<0,"Pass",IF($J$54<'Settings'!$B$4,"Thin",IF($J$54<0.06,"✅ Sharp band",IF($J$54<0.08,"Strong","⚠ Verify (stale?)"))))) | N54: Model 49.8% (fair +101). Your call. | P54: =IF(OR($H$54="",$O$54=""),"",(1+IF($H$54<0,-100/$H$54,$H$54/100))/(1+IF($O$54<0,-100/$O$54,$O$54/100))-1)
A55: 2026-07-04 | B55: Philadelphia Phillies @ Kansas City Royals | C55: 00:10 | D55: Moneyline | E55: Philadelphia Phillies | F55: 0.59523934 | G55: -147 | H55: -144 | I55: =IF($H$55="","",IF($H$55<0,-$H$55/(-$H$55+100),100/($H$55+100))) | J55: =IF($H$55="","",$F$55*IF($H$55<0,-100/$H$55,$H$55/100)-(1-$F$55)) | K55: =IF($H$55="","",MAX(0,($F$55*IF($H$55<0,-100/$H$55,$H$55/100)-(1-$F$55))/IF($H$55<0,-100/$H$55,$H$55/100))*'Settings'!$B$3) | L55: =IF($H$55="","",ROUND(MIN($K$55,'Settings'!$B$5)*'Settings'!$B$2,2)) | M55: =IF($J$55="","",IF($J$55<0,"Pass",IF($J$55<'Settings'!$B$4,"Thin",IF($J$55<0.06,"✅ Sharp band",IF($J$55<0.08,"Strong","⚠ Verify (stale?)"))))) | N55: Model 59.5% (fair -147). Your call. | P55: =IF(OR($H$55="",$O$55=""),"",(1+IF($H$55<0,-100/$H$55,$H$55/100))/(1+IF($O$55<0,-100/$O$55,$O$55/100))-1)
A56: 2026-07-04 | B56: Philadelphia Phillies @ Kansas City Royals | C56: 00:10 | D56: Moneyline | E56: Kansas City Royals | F56: 0.40475207 | G56: 147 | H56: 142 | I56: =IF($H$56="","",IF($H$56<0,-$H$56/(-$H$56+100),100/($H$56+100))) | J56: =IF($H$56="","",$F$56*IF($H$56<0,-100/$H$56,$H$56/100)-(1-$F$56)) | K56: =IF($H$56="","",MAX(0,($F$56*IF($H$56<0,-100/$H$56,$H$56/100)-(1-$F$56))/IF($H$56<0,-100/$H$56,$H$56/100))*'Settings'!$B$3) | L56: =IF($H$56="","",ROUND(MIN($K$56,'Settings'!$B$5)*'Settings'!$B$2,2)) | M56: =IF($J$56="","",IF($J$56<0,"Pass",IF($J$56<'Settings'!$B$4,"Thin",IF($J$56<0.06,"✅ Sharp band",IF($J$56<0.08,"Strong","⚠ Verify (stale?)"))))) | N56: Model 40.5% (fair +147). Your call. | P56: =IF(OR($H$56="",$O$56=""),"",(1+IF($H$56<0,-100/$H$56,$H$56/100))/(1+IF($O$56<0,-100/$O$56,$O$56/100))-1)
A57: 2026-07-04 | B57: Philadelphia Phillies @ Kansas City Royals | C57: 00:10 | D57: Total | E57: Over 9.5 | F57: 0.4249 | G57: 135 | H57: 122 | I57: =IF($H$57="","",IF($H$57<0,-$H$57/(-$H$57+100),100/($H$57+100))) | J57: =IF($H$57="","",$F$57*IF($H$57<0,-100/$H$57,$H$57/100)-(1-$F$57)) | K57: =IF($H$57="","",MAX(0,($F$57*IF($H$57<0,-100/$H$57,$H$57/100)-(1-$F$57))/IF($H$57<0,-100/$H$57,$H$57/100))*'Settings'!$B$3) | L57: =IF($H$57="","",ROUND(MIN($K$57,'Settings'!$B$5)*'Settings'!$B$2,2)) | M57: =IF($J$57="","",IF($J$57<0,"Pass",IF($J$57<'Settings'!$B$4,"Thin",IF($J$57<0.06,"✅ Sharp band",IF($J$57<0.08,"Strong","⚠ Verify (stale?)"))))) | N57: Model 42.5% (fair +135). Your call. | P57: =IF(OR($H$57="",$O$57=""),"",(1+IF($H$57<0,-100/$H$57,$H$57/100))/(1+IF($O$57<0,-100/$O$57,$O$57/100))-1)
A58: 2026-07-04 | B58: Philadelphia Phillies @ Kansas City Royals | C58: 00:10 | D58: Total | E58: Under 9.5 | F58: 0.5751 | G58: -135 | H58: 122 | I58: =IF($H$58="","",IF($H$58<0,-$H$58/(-$H$58+100),100/($H$58+100))) | J58: =IF($H$58="","",$F$58*IF($H$58<0,-100/$H$58,$H$58/100)-(1-$F$58)) | K58: =IF($H$58="","",MAX(0,($F$58*IF($H$58<0,-100/$H$58,$H$58/100)-(1-$F$58))/IF($H$58<0,-100/$H$58,$H$58/100))*'Settings'!$B$3) | L58: =IF($H$58="","",ROUND(MIN($K$58,'Settings'!$B$5)*'Settings'!$B$2,2)) | M58: =IF($J$58="","",IF($J$58<0,"Pass",IF($J$58<'Settings'!$B$4,"Thin",IF($J$58<0.06,"✅ Sharp band",IF($J$58<0.08,"Strong","⚠ Verify (stale?)"))))) | N58: Model 57.5% (fair -135). Your call. | P58: =IF(OR($H$58="",$O$58=""),"",(1+IF($H$58<0,-100/$H$58,$H$58/100))/(1+IF($O$58<0,-100/$O$58,$O$58/100))-1)
A59: 2026-07-04 | B59: Boston Red Sox @ Los Angeles Angels | C59: 01:38 | D59: Moneyline | E59: Boston Red Sox | F59: 0.55251101 | G59: -123 | H59: 127 | I59: =IF($H$59="","",IF($H$59<0,-$H$59/(-$H$59+100),100/($H$59+100))) | J59: =IF($H$59="","",$F$59*IF($H$59<0,-100/$H$59,$H$59/100)-(1-$F$59)) | K59: =IF($H$59="","",MAX(0,($F$59*IF($H$59<0,-100/$H$59,$H$59/100)-(1-$F$59))/IF($H$59<0,-100/$H$59,$H$59/100))*'Settings'!$B$3) | L59: =IF($H$59="","",ROUND(MIN($K$59,'Settings'!$B$5)*'Settings'!$B$2,2)) | M59: =IF($J$59="","",IF($J$59<0,"Pass",IF($J$59<'Settings'!$B$4,"Thin",IF($J$59<0.06,"✅ Sharp band",IF($J$59<0.08,"Strong","⚠ Verify (stale?)"))))) | N59: Model 55.3% (fair -123). Your call. | P59: =IF(OR($H$59="",$O$59=""),"",(1+IF($H$59<0,-100/$H$59,$H$59/100))/(1+IF($O$59<0,-100/$O$59,$O$59/100))-1)
A60: 2026-07-04 | B60: Boston Red Sox @ Los Angeles Angels | C60: 01:38 | D60: Moneyline | E60: Los Angeles Angels | F60: 0.4475 | G60: 123 | I60: =IF($H$60="","",IF($H$60<0,-$H$60/(-$H$60+100),100/($H$60+100))) | J60: =IF($H$60="","",$F$60*IF($H$60<0,-100/$H$60,$H$60/100)-(1-$F$60)) | K60: =IF($H$60="","",MAX(0,($F$60*IF($H$60<0,-100/$H$60,$H$60/100)-(1-$F$60))/IF($H$60<0,-100/$H$60,$H$60/100))*'Settings'!$B$3) | L60: =IF($H$60="","",ROUND(MIN($K$60,'Settings'!$B$5)*'Settings'!$B$2,2)) | M60: =IF($J$60="","",IF($J$60<0,"Pass",IF($J$60<'Settings'!$B$4,"Thin",IF($J$60<0.06,"✅ Sharp band",IF($J$60<0.08,"Strong","⚠ Verify (stale?)"))))) | N60: Model 44.8% (fair +123). Your call. | P60: =IF(OR($H$60="",$O$60=""),"",(1+IF($H$60<0,-100/$H$60,$H$60/100))/(1+IF($O$60<0,-100/$O$60,$O$60/100))-1)
A61: 2026-07-04 | B61: Boston Red Sox @ Los Angeles Angels | C61: 01:38 | D61: Total | E61: Over 8 | F61: 0.5101 | G61: -104 | H61: 127 | I61: =IF($H$61="","",IF($H$61<0,-$H$61/(-$H$61+100),100/($H$61+100))) | J61: =IF($H$61="","",$F$61*IF($H$61<0,-100/$H$61,$H$61/100)-(1-$F$61)) | K61: =IF($H$61="","",MAX(0,($F$61*IF($H$61<0,-100/$H$61,$H$61/100)-(1-$F$61))/IF($H$61<0,-100/$H$61,$H$61/100))*'Settings'!$B$3) | L61: =IF($H$61="","",ROUND(MIN($K$61,'Settings'!$B$5)*'Settings'!$B$2,2)) | M61: =IF($J$61="","",IF($J$61<0,"Pass",IF($J$61<'Settings'!$B$4,"Thin",IF($J$61<0.06,"✅ Sharp band",IF($J$61<0.08,"Strong","⚠ Verify (stale?)"))))) | N61: Model 51.0% (fair -104). Your call. | P61: =IF(OR($H$61="",$O$61=""),"",(1+IF($H$61<0,-100/$H$61,$H$61/100))/(1+IF($O$61<0,-100/$O$61,$O$61/100))-1)
A62: 2026-07-04 | B62: Boston Red Sox @ Los Angeles Angels | C62: 01:38 | D62: Total | E62: Under 8 | F62: 0.4899 | G62: 104 | H62: -113 | I62: =IF($H$62="","",IF($H$62<0,-$H$62/(-$H$62+100),100/($H$62+100))) | J62: =IF($H$62="","",$F$62*IF($H$62<0,-100/$H$62,$H$62/100)-(1-$F$62)) | K62: =IF($H$62="","",MAX(0,($F$62*IF($H$62<0,-100/$H$62,$H$62/100)-(1-$F$62))/IF($H$62<0,-100/$H$62,$H$62/100))*'Settings'!$B$3) | L62: =IF($H$62="","",ROUND(MIN($K$62,'Settings'!$B$5)*'Settings'!$B$2,2)) | M62: =IF($J$62="","",IF($J$62<0,"Pass",IF($J$62<'Settings'!$B$4,"Thin",IF($J$62<0.06,"✅ Sharp band",IF($J$62<0.08,"Strong","⚠ Verify (stale?)"))))) | N62: Model 49.0% (fair +104). Your call. | P62: =IF(OR($H$62="",$O$62=""),"",(1+IF($H$62<0,-100/$H$62,$H$62/100))/(1+IF($O$62<0,-100/$O$62,$O$62/100))-1)
A63: 2026-07-04 | B63: Miami Marlins @ Athletics | C63: 01:40 | D63: Moneyline | E63: Miami Marlins | F63: 0.5484 | G63: -121 | I63: =IF($H$63="","",IF($H$63<0,-$H$63/(-$H$63+100),100/($H$63+100))) | J63: =IF($H$63="","",$F$63*IF($H$63<0,-100/$H$63,$H$63/100)-(1-$F$63)) | K63: =IF($H$63="","",MAX(0,($F$63*IF($H$63<0,-100/$H$63,$H$63/100)-(1-$F$63))/IF($H$63<0,-100/$H$63,$H$63/100))*'Settings'!$B$3) | L63: =IF($H$63="","",ROUND(MIN($K$63,'Settings'!$B$5)*'Settings'!$B$2,2)) | M63: =IF($J$63="","",IF($J$63<0,"Pass",IF($J$63<'Settings'!$B$4,"Thin",IF($J$63<0.06,"✅ Sharp band",IF($J$63<0.08,"Strong","⚠ Verify (stale?)"))))) | N63: Model 54.8% (fair -121). Your call. | P63: =IF(OR($H$63="",$O$63=""),"",(1+IF($H$63<0,-100/$H$63,$H$63/100))/(1+IF($O$63<0,-100/$O$63,$O$63/100))-1)
A64: 2026-07-04 | B64: Miami Marlins @ Athletics | C64: 01:40 | D64: Moneyline | E64: Athletics | F64: 0.4516 | G64: 121 | I64: =IF($H$64="","",IF($H$64<0,-$H$64/(-$H$64+100),100/($H$64+100))) | J64: =IF($H$64="","",$F$64*IF($H$64<0,-100/$H$64,$H$64/100)-(1-$F$64)) | K64: =IF($H$64="","",MAX(0,($F$64*IF($H$64<0,-100/$H$64,$H$64/100)-(1-$F$64))/IF($H$64<0,-100/$H$64,$H$64/100))*'Settings'!$B$3) | L64: =IF($H$64="","",ROUND(MIN($K$64,'Settings'!$B$5)*'Settings'!$B$2,2)) | M64: =IF($J$64="","",IF($J$64<0,"Pass",IF($J$64<'Settings'!$B$4,"Thin",IF($J$64<0.06,"✅ Sharp band",IF($J$64<0.08,"Strong","⚠ Verify (stale?)"))))) | N64: Model 45.2% (fair +121). Your call. | P64: =IF(OR($H$64="",$O$64=""),"",(1+IF($H$64<0,-100/$H$64,$H$64/100))/(1+IF($O$64<0,-100/$O$64,$O$64/100))-1)
A65: 2026-07-04 | B65: Milwaukee Brewers @ Arizona Diamondbacks | C65: 01:40 | D65: Moneyline | E65: Milwaukee Brewers | F65: 0.6928 | G65: -226 | I65: =IF($H$65="","",IF($H$65<0,-$H$65/(-$H$65+100),100/($H$65+100))) | J65: =IF($H$65="","",$F$65*IF($H$65<0,-100/$H$65,$H$65/100)-(1-$F$65)) | K65: =IF($H$65="","",MAX(0,($F$65*IF($H$65<0,-100/$H$65,$H$65/100)-(1-$F$65))/IF($H$65<0,-100/$H$65,$H$65/100))*'Settings'!$B$3) | L65: =IF($H$65="","",ROUND(MIN($K$65,'Settings'!$B$5)*'Settings'!$B$2,2)) | M65: =IF($J$65="","",IF($J$65<0,"Pass",IF($J$65<'Settings'!$B$4,"Thin",IF($J$65<0.06,"✅ Sharp band",IF($J$65<0.08,"Strong","⚠ Verify (stale?)"))))) | N65: Model 69.3% (fair -226). Your call. | P65: =IF(OR($H$65="",$O$65=""),"",(1+IF($H$65<0,-100/$H$65,$H$65/100))/(1+IF($O$65<0,-100/$O$65,$O$65/100))-1)
A66: 2026-07-04 | B66: Milwaukee Brewers @ Arizona Diamondbacks | C66: 01:40 | D66: Moneyline | E66: Arizona Diamondbacks | F66: 0.3071 | G66: 226 | I66: =IF($H$66="","",IF($H$66<0,-$H$66/(-$H$66+100),100/($H$66+100))) | J66: =IF($H$66="","",$F$66*IF($H$66<0,-100/$H$66,$H$66/100)-(1-$F$66)) | K66: =IF($H$66="","",MAX(0,($F$66*IF($H$66<0,-100/$H$66,$H$66/100)-(1-$F$66))/IF($H$66<0,-100/$H$66,$H$66/100))*'Settings'!$B$3) | L66: =IF($H$66="","",ROUND(MIN($K$66,'Settings'!$B$5)*'Settings'!$B$2,2)) | M66: =IF($J$66="","",IF($J$66<0,"Pass",IF($J$66<'Settings'!$B$4,"Thin",IF($J$66<0.06,"✅ Sharp band",IF($J$66<0.08,"Strong","⚠ Verify (stale?)"))))) | N66: Model 30.7% (fair +226). Your call. | P66: =IF(OR($H$66="",$O$66=""),"",(1+IF($H$66<0,-100/$H$66,$H$66/100))/(1+IF($O$66<0,-100/$O$66,$O$66/100))-1)
A67: 2026-07-04 | B67: San Diego Padres @ Los Angeles Dodgers | C67: 02:10 | D67: Moneyline | E67: San Diego Padres | F67: 0.4227 | G67: 137 | I67: =IF($H$67="","",IF($H$67<0,-$H$67/(-$H$67+100),100/($H$67+100))) | J67: =IF($H$67="","",$F$67*IF($H$67<0,-100/$H$67,$H$67/100)-(1-$F$67)) | K67: =IF($H$67="","",MAX(0,($F$67*IF($H$67<0,-100/$H$67,$H$67/100)-(1-$F$67))/IF($H$67<0,-100/$H$67,$H$67/100))*'Settings'!$B$3) | L67: =IF($H$67="","",ROUND(MIN($K$67,'Settings'!$B$5)*'Settings'!$B$2,2)) | M67: =IF($J$67="","",IF($J$67<0,"Pass",IF($J$67<'Settings'!$B$4,"Thin",IF($J$67<0.06,"✅ Sharp band",IF($J$67<0.08,"Strong","⚠ Verify (stale?)"))))) | N67: Model 42.3% (fair +137). Your call. | P67: =IF(OR($H$67="",$O$67=""),"",(1+IF($H$67<0,-100/$H$67,$H$67/100))/(1+IF($O$67<0,-100/$O$67,$O$67/100))-1)
A68: 2026-07-04 | B68: San Diego Padres @ Los Angeles Dodgers | C68: 02:10 | D68: Moneyline | E68: Los Angeles Dodgers | F68: 0.5773 | G68: -137 | I68: =IF($H$68="","",IF($H$68<0,-$H$68/(-$H$68+100),100/($H$68+100))) | J68: =IF($H$68="","",$F$68*IF($H$68<0,-100/$H$68,$H$68/100)-(1-$F$68)) | K68: =IF($H$68="","",MAX(0,($F$68*IF($H$68<0,-100/$H$68,$H$68/100)-(1-$F$68))/IF($H$68<0,-100/$H$68,$H$68/100))*'Settings'!$B$3) | L68: =IF($H$68="","",ROUND(MIN($K$68,'Settings'!$B$5)*'Settings'!$B$2,2)) | M68: =IF($J$68="","",IF($J$68<0,"Pass",IF($J$68<'Settings'!$B$4,"Thin",IF($J$68<0.06,"✅ Sharp band",IF($J$68<0.08,"Strong","⚠ Verify (stale?)"))))) | N68: Model 57.7% (fair -137). Your call. | P68: =IF(OR($H$68="",$O$68=""),"",(1+IF($H$68<0,-100/$H$68,$H$68/100))/(1+IF($O$68<0,-100/$O$68,$O$68/100))-1)
A69: 2026-07-05 | B69: New York Mets @ Atlanta Braves | C69: 16:30 | D69: Moneyline | E69: New York Mets | F69: 0.49 | G69: 104 | H69: 113 | I69: =IF($H$69="","",IF($H$69<0,-$H$69/(-$H$69+100),100/($H$69+100))) | J69: =IF($H$69="","",$F$69*IF($H$69<0,-100/$H$69,$H$69/100)-(1-$F$69)) | K69: =IF($H$69="","",MAX(0,($F$69*IF($H$69<0,-100/$H$69,$H$69/100)-(1-$F$69))/IF($H$69<0,-100/$H$69,$H$69/100))*'Settings'!$B$3) | L69: =IF($H$69="","",ROUND(MIN($K$69,'Settings'!$B$5)*'Settings'!$B$2,2)) | M69: =IF($J$69="","",IF($J$69<0,"Pass",IF($J$69<'Settings'!$B$4,"Thin",IF($J$69<0.06,"✅ Sharp band",IF($J$69<0.08,"Strong","⚠ Verify (stale?)"))))) | N69: Model 49.0% (fair +104). Your call. | P69: =IF(OR($H$69="",$O$69=""),"",(1+IF($H$69<0,-100/$H$69,$H$69/100))/(1+IF($O$69<0,-100/$O$69,$O$69/100))-1)
A70: 2026-07-05 | B70: New York Mets @ Atlanta Braves | C70: 16:30 | D70: Moneyline | E70: Atlanta Braves | F70: 0.50997037 | G70: -104 | H70: -116 | I70: =IF($H$70="","",IF($H$70<0,-$H$70/(-$H$70+100),100/($H$70+100))) | J70: =IF($H$70="","",$F$70*IF($H$70<0,-100/$H$70,$H$70/100)-(1-$F$70)) | K70: =IF($H$70="","",MAX(0,($F$70*IF($H$70<0,-100/$H$70,$H$70/100)-(1-$F$70))/IF($H$70<0,-100/$H$70,$H$70/100))*'Settings'!$B$3) | L70: =IF($H$70="","",ROUND(MIN($K$70,'Settings'!$B$5)*'Settings'!$B$2,2)) | M70: =IF($J$70="","",IF($J$70<0,"Pass",IF($J$70<'Settings'!$B$4,"Thin",IF($J$70<0.06,"✅ Sharp band",IF($J$70<0.08,"Strong","⚠ Verify (stale?)"))))) | N70: Model 51.0% (fair -104). Your call. | P70: =IF(OR($H$70="",$O$70=""),"",(1+IF($H$70<0,-100/$H$70,$H$70/100))/(1+IF($O$70<0,-100/$O$70,$O$70/100))-1)
A71: 2026-07-05 | B71: New York Mets @ Atlanta Braves | C71: 16:30 | D71: Total | E71: Over 9.5 | F71: 0.42553991 | G71: 135 | H71: 113 | I71: =IF($H$71="","",IF($H$71<0,-$H$71/(-$H$71+100),100/($H$71+100))) | J71: =IF($H$71="","",$F$71*IF($H$71<0,-100/$H$71,$H$71/100)-(1-$F$71)) | K71: =IF($H$71="","",MAX(0,($F$71*IF($H$71<0,-100/$H$71,$H$71/100)-(1-$F$71))/IF($H$71<0,-100/$H$71,$H$71/100))*'Settings'!$B$3) | L71: =IF($H$71="","",ROUND(MIN($K$71,'Settings'!$B$5)*'Settings'!$B$2,2)) | M71: =IF($J$71="","",IF($J$71<0,"Pass",IF($J$71<'Settings'!$B$4,"Thin",IF($J$71<0.06,"✅ Sharp band",IF($J$71<0.08,"Strong","⚠ Verify (stale?)"))))) | N71: Model 42.6% (fair +135). Your call. | P71: =IF(OR($H$71="",$O$71=""),"",(1+IF($H$71<0,-100/$H$71,$H$71/100))/(1+IF($O$71<0,-100/$O$71,$O$71/100))-1)
A72: 2026-07-05 | B72: New York Mets @ Atlanta Braves | C72: 16:30 | D72: Total | E72: Under 9.5 | F72: 0.57445825 | G72: -135 | H72: -106 | I72: =IF($H$72="","",IF($H$72<0,-$H$72/(-$H$72+100),100/($H$72+100))) | J72: =IF($H$72="","",$F$72*IF($H$72<0,-100/$H$72,$H$72/100)-(1-$F$72)) | K72: =IF($H$72="","",MAX(0,($F$72*IF($H$72<0,-100/$H$72,$H$72/100)-(1-$F$72))/IF($H$72<0,-100/$H$72,$H$72/100))*'Settings'!$B$3) | L72: =IF($H$72="","",ROUND(MIN($K$72,'Settings'!$B$5)*'Settings'!$B$2,2)) | M72: =IF($J$72="","",IF($J$72<0,"Pass",IF($J$72<'Settings'!$B$4,"Thin",IF($J$72<0.06,"✅ Sharp band",IF($J$72<0.08,"Strong","⚠ Verify (stale?)"))))) | N72: Model 57.4% (fair -135). Your call. | P72: =IF(OR($H$72="",$O$72=""),"",(1+IF($H$72<0,-100/$H$72,$H$72/100))/(1+IF($O$72<0,-100/$O$72,$O$72/100))-1)
A73: 2026-07-05 | B73: New York Mets @ Atlanta Braves | C73: 16:30 | D73: Spread | E73: Atlanta Braves -1.5 | F73: 0.32688889 | G73: 206 | H73: 170 | I73: =IF($H$73="","",IF($H$73<0,-$H$73/(-$H$73+100),100/($H$73+100))) | J73: =IF($H$73="","",$F$73*IF($H$73<0,-100/$H$73,$H$73/100)-(1-$F$73)) | K73: =IF($H$73="","",MAX(0,($F$73*IF($H$73<0,-100/$H$73,$H$73/100)-(1-$F$73))/IF($H$73<0,-100/$H$73,$H$73/100))*'Settings'!$B$3) | L73: =IF($H$73="","",ROUND(MIN($K$73,'Settings'!$B$5)*'Settings'!$B$2,2)) | M73: =IF($J$73="","",IF($J$73<0,"Pass",IF($J$73<'Settings'!$B$4,"Thin",IF($J$73<0.06,"✅ Sharp band",IF($J$73<0.08,"Strong","⚠ Verify (stale?)"))))) | N73: Model 32.7% (fair +206). Your call. | P73: =IF(OR($H$73="",$O$73=""),"",(1+IF($H$73<0,-100/$H$73,$H$73/100))/(1+IF($O$73<0,-100/$O$73,$O$73/100))-1)
A74: 2026-07-05 | B74: New York Mets @ Atlanta Braves | C74: 16:30 | D74: Spread | E74: New York Mets +1.5 | F74: 0.67311111 | G74: -206 | H74: 170 | I74: =IF($H$74="","",IF($H$74<0,-$H$74/(-$H$74+100),100/($H$74+100))) | J74: =IF($H$74="","",$F$74*IF($H$74<0,-100/$H$74,$H$74/100)-(1-$F$74)) | K74: =IF($H$74="","",MAX(0,($F$74*IF($H$74<0,-100/$H$74,$H$74/100)-(1-$F$74))/IF($H$74<0,-100/$H$74,$H$74/100))*'Settings'!$B$3) | L74: =IF($H$74="","",ROUND(MIN($K$74,'Settings'!$B$5)*'Settings'!$B$2,2)) | M74: =IF($J$74="","",IF($J$74<0,"Pass",IF($J$74<'Settings'!$B$4,"Thin",IF($J$74<0.06,"✅ Sharp band",IF($J$74<0.08,"Strong","⚠ Verify (stale?)"))))) | N74: Model 67.3% (fair -206). Your call. | P74: =IF(OR($H$74="",$O$74=""),"",(1+IF($H$74<0,-100/$H$74,$H$74/100))/(1+IF($O$74<0,-100/$O$74,$O$74/100))-1)
A75: 2026-07-05 | B75: Pittsburgh Pirates @ Washington Nationals | C75: 17:00 | D75: Moneyline | E75: Pittsburgh Pirates | F75: 0.4888 | G75: 105 | H75: -104 | I75: =IF($H$75="","",IF($H$75<0,-$H$75/(-$H$75+100),100/($H$75+100))) | J75: =IF($H$75="","",$F$75*IF($H$75<0,-100/$H$75,$H$75/100)-(1-$F$75)) | K75: =IF($H$75="","",MAX(0,($F$75*IF($H$75<0,-100/$H$75,$H$75/100)-(1-$F$75))/IF($H$75<0,-100/$H$75,$H$75/100))*'Settings'!$B$3) | L75: =IF($H$75="","",ROUND(MIN($K$75,'Settings'!$B$5)*'Settings'!$B$2,2)) | M75: =IF($J$75="","",IF($J$75<0,"Pass",IF($J$75<'Settings'!$B$4,"Thin",IF($J$75<0.06,"✅ Sharp band",IF($J$75<0.08,"Strong","⚠ Verify (stale?)"))))) | N75: Model 48.9% (fair +105). Your call. | P75: =IF(OR($H$75="",$O$75=""),"",(1+IF($H$75<0,-100/$H$75,$H$75/100))/(1+IF($O$75<0,-100/$O$75,$O$75/100))-1)
A76: 2026-07-05 | B76: Pittsburgh Pirates @ Washington Nationals | C76: 17:00 | D76: Moneyline | E76: Washington Nationals | F76: 0.51117647 | G76: -105 | H76: 104 | I76: =IF($H$76="","",IF($H$76<0,-$H$76/(-$H$76+100),100/($H$76+100))) | J76: =IF($H$76="","",$F$76*IF($H$76<0,-100/$H$76,$H$76/100)-(1-$F$76)) | K76: =IF($H$76="","",MAX(0,($F$76*IF($H$76<0,-100/$H$76,$H$76/100)-(1-$F$76))/IF($H$76<0,-100/$H$76,$H$76/100))*'Settings'!$B$3) | L76: =IF($H$76="","",ROUND(MIN($K$76,'Settings'!$B$5)*'Settings'!$B$2,2)) | M76: =IF($J$76="","",IF($J$76<0,"Pass",IF($J$76<'Settings'!$B$4,"Thin",IF($J$76<0.06,"✅ Sharp band",IF($J$76<0.08,"Strong","⚠ Verify (stale?)"))))) | N76: Model 51.1% (fair -105). Your call. | P76: =IF(OR($H$76="",$O$76=""),"",(1+IF($H$76<0,-100/$H$76,$H$76/100))/(1+IF($O$76<0,-100/$O$76,$O$76/100))-1)
A77: 2026-07-05 | B77: Pittsburgh Pirates @ Washington Nationals | C77: 17:00 | D77: Total | E77: Over 10 | F77: 0.47085238 | G77: 112 | H77: -110 | I77: =IF($H$77="","",IF($H$77<0,-$H$77/(-$H$77+100),100/($H$77+100))) | J77: =IF($H$77="","",$F$77*IF($H$77<0,-100/$H$77,$H$77/100)-(1-$F$77)) | K77: =IF($H$77="","",MAX(0,($F$77*IF($H$77<0,-100/$H$77,$H$77/100)-(1-$F$77))/IF($H$77<0,-100/$H$77,$H$77/100))*'Settings'!$B$3) | L77: =IF($H$77="","",ROUND(MIN($K$77,'Settings'!$B$5)*'Settings'!$B$2,2)) | M77: =IF($J$77="","",IF($J$77<0,"Pass",IF($J$77<'Settings'!$B$4,"Thin",IF($J$77<0.06,"✅ Sharp band",IF($J$77<0.08,"Strong","⚠ Verify (stale?)"))))) | N77: Model 47.1% (fair +112). Your call. | P77: =IF(OR($H$77="",$O$77=""),"",(1+IF($H$77<0,-100/$H$77,$H$77/100))/(1+IF($O$77<0,-100/$O$77,$O$77/100))-1)
A78: 2026-07-05 | B78: Pittsburgh Pirates @ Washington Nationals | C78: 17:00 | D78: Total | E78: Under 10 | F78: 0.52915238 | G78: -112 | H78: -110 | I78: =IF($H$78="","",IF($H$78<0,-$H$78/(-$H$78+100),100/($H$78+100))) | J78: =IF($H$78="","",$F$78*IF($H$78<0,-100/$H$78,$H$78/100)-(1-$F$78)) | K78: =IF($H$78="","",MAX(0,($F$78*IF($H$78<0,-100/$H$78,$H$78/100)-(1-$F$78))/IF($H$78<0,-100/$H$78,$H$78/100))*'Settings'!$B$3) | L78: =IF($H$78="","",ROUND(MIN($K$78,'Settings'!$B$5)*'Settings'!$B$2,2)) | M78: =IF($J$78="","",IF($J$78<0,"Pass",IF($J$78<'Settings'!$B$4,"Thin",IF($J$78<0.06,"✅ Sharp band",IF($J$78<0.08,"Strong","⚠ Verify (stale?)"))))) | N78: Model 52.9% (fair -112). Your call. | P78: =IF(OR($H$78="",$O$78=""),"",(1+IF($H$78<0,-100/$H$78,$H$78/100))/(1+IF($O$78<0,-100/$O$78,$O$78/100))-1)
A79: 2026-07-05 | B79: Pittsburgh Pirates @ Washington Nationals | C79: 17:00 | D79: Spread | E79: Washington Nationals +1.5 | F79: 0.62515926 | G79: -167 | H79: -170 | I79: =IF($H$79="","",IF($H$79<0,-$H$79/(-$H$79+100),100/($H$79+100))) | J79: =IF($H$79="","",$F$79*IF($H$79<0,-100/$H$79,$H$79/100)-(1-$F$79)) | K79: =IF($H$79="","",MAX(0,($F$79*IF($H$79<0,-100/$H$79,$H$79/100)-(1-$F$79))/IF($H$79<0,-100/$H$79,$H$79/100))*'Settings'!$B$3) | L79: =IF($H$79="","",ROUND(MIN($K$79,'Settings'!$B$5)*'Settings'!$B$2,2)) | M79: =IF($J$79="","",IF($J$79<0,"Pass",IF($J$79<'Settings'!$B$4,"Thin",IF($J$79<0.06,"✅ Sharp band",IF($J$79<0.08,"Strong","⚠ Verify (stale?)"))))) | N79: Model 62.5% (fair -167). Your call. | P79: =IF(OR($H$79="",$O$79=""),"",(1+IF($H$79<0,-100/$H$79,$H$79/100))/(1+IF($O$79<0,-100/$O$79,$O$79/100))-1)
A80: 2026-07-05 | B80: Pittsburgh Pirates @ Washington Nationals | C80: 17:00 | D80: Spread | E80: Pittsburgh Pirates -1.5 | F80: 0.374875 | G80: 167 | H80: 140 | I80: =IF($H$80="","",IF($H$80<0,-$H$80/(-$H$80+100),100/($H$80+100))) | J80: =IF($H$80="","",$F$80*IF($H$80<0,-100/$H$80,$H$80/100)-(1-$F$80)) | K80: =IF($H$80="","",MAX(0,($F$80*IF($H$80<0,-100/$H$80,$H$80/100)-(1-$F$80))/IF($H$80<0,-100/$H$80,$H$80/100))*'Settings'!$B$3) | L80: =IF($H$80="","",ROUND(MIN($K$80,'Settings'!$B$5)*'Settings'!$B$2,2)) | M80: =IF($J$80="","",IF($J$80<0,"Pass",IF($J$80<'Settings'!$B$4,"Thin",IF($J$80<0.06,"✅ Sharp band",IF($J$80<0.08,"Strong","⚠ Verify (stale?)"))))) | N80: Model 37.5% (fair +167). Your call. | P80: =IF(OR($H$80="",$O$80=""),"",(1+IF($H$80<0,-100/$H$80,$H$80/100))/(1+IF($O$80<0,-100/$O$80,$O$80/100))-1)
A81: 2026-07-05 | B81: Baltimore Orioles @ Cincinnati Reds | C81: 17:05 | D81: Moneyline | E81: Baltimore Orioles | F81: 0.54318627 | G81: -119 | H81: 104 | I81: =IF($H$81="","",IF($H$81<0,-$H$81/(-$H$81+100),100/($H$81+100))) | J81: =IF($H$81="","",$F$81*IF($H$81<0,-100/$H$81,$H$81/100)-(1-$F$81)) | K81: =IF($H$81="","",MAX(0,($F$81*IF($H$81<0,-100/$H$81,$H$81/100)-(1-$F$81))/IF($H$81<0,-100/$H$81,$H$81/100))*'Settings'!$B$3) | L81: =IF($H$81="","",ROUND(MIN($K$81,'Settings'!$B$5)*'Settings'!$B$2,2)) | M81: =IF($J$81="","",IF($J$81<0,"Pass",IF($J$81<'Settings'!$B$4,"Thin",IF($J$81<0.06,"✅ Sharp band",IF($J$81<0.08,"Strong","⚠ Verify (stale?)"))))) | N81: Model 54.3% (fair -119). Your call. | P81: =IF(OR($H$81="",$O$81=""),"",(1+IF($H$81<0,-100/$H$81,$H$81/100))/(1+IF($O$81<0,-100/$O$81,$O$81/100))-1)
A82: 2026-07-05 | B82: Baltimore Orioles @ Cincinnati Reds | C82: 17:05 | D82: Moneyline | E82: Cincinnati Reds | F82: 0.4568 | G82: 119 | H82: 100 | I82: =IF($H$82="","",IF($H$82<0,-$H$82/(-$H$82+100),100/($H$82+100))) | J82: =IF($H$82="","",$F$82*IF($H$82<0,-100/$H$82,$H$82/100)-(1-$F$82)) | K82: =IF($H$82="","",MAX(0,($F$82*IF($H$82<0,-100/$H$82,$H$82/100)-(1-$F$82))/IF($H$82<0,-100/$H$82,$H$82/100))*'Settings'!$B$3) | L82: =IF($H$82="","",ROUND(MIN($K$82,'Settings'!$B$5)*'Settings'!$B$2,2)) | M82: =IF($J$82="","",IF($J$82<0,"Pass",IF($J$82<'Settings'!$B$4,"Thin",IF($J$82<0.06,"✅ Sharp band",IF($J$82<0.08,"Strong","⚠ Verify (stale?)"))))) | N82: Model 45.7% (fair +119). Your call. | P82: =IF(OR($H$82="",$O$82=""),"",(1+IF($H$82<0,-100/$H$82,$H$82/100))/(1+IF($O$82<0,-100/$O$82,$O$82/100))-1)
A83: 2026-07-05 | B83: Baltimore Orioles @ Cincinnati Reds | C83: 17:05 | D83: Total | E83: Over 9.5 | F83: 0.48034314 | G83: 108 | H83: 104 | I83: =IF($H$83="","",IF($H$83<0,-$H$83/(-$H$83+100),100/($H$83+100))) | J83: =IF($H$83="","",$F$83*IF($H$83<0,-100/$H$83,$H$83/100)-(1-$F$83)) | K83: =IF($H$83="","",MAX(0,($F$83*IF($H$83<0,-100/$H$83,$H$83/100)-(1-$F$83))/IF($H$83<0,-100/$H$83,$H$83/100))*'Settings'!$B$3) | L83: =IF($H$83="","",ROUND(MIN($K$83,'Settings'!$B$5)*'Settings'!$B$2,2)) | M83: =IF($J$83="","",IF($J$83<0,"Pass",IF($J$83<'Settings'!$B$4,"Thin",IF($J$83<0.06,"✅ Sharp band",IF($J$83<0.08,"Strong","⚠ Verify (stale?)"))))) | N83: Model 48.0% (fair +108). Your call. | P83: =IF(OR($H$83="",$O$83=""),"",(1+IF($H$83<0,-100/$H$83,$H$83/100))/(1+IF($O$83<0,-100/$O$83,$O$83/100))-1)
A84: 2026-07-05 | B84: Baltimore Orioles @ Cincinnati Reds | C84: 17:05 | D84: Total | E84: Under 9.5 | F84: 0.51967143 | G84: -108 | H84: -110 | I84: =IF($H$84="","",IF($H$84<0,-$H$84/(-$H$84+100),100/($H$84+100))) | J84: =IF($H$84="","",$F$84*IF($H$84<0,-100/$H$84,$H$84/100)-(1-$F$84)) | K84: =IF($H$84="","",MAX(0,($F$84*IF($H$84<0,-100/$H$84,$H$84/100)-(1-$F$84))/IF($H$84<0,-100/$H$84,$H$84/100))*'Settings'!$B$3) | L84: =IF($H$84="","",ROUND(MIN($K$84,'Settings'!$B$5)*'Settings'!$B$2,2)) | M84: =IF($J$84="","",IF($J$84<0,"Pass",IF($J$84<'Settings'!$B$4,"Thin",IF($J$84<0.06,"✅ Sharp band",IF($J$84<0.08,"Strong","⚠ Verify (stale?)"))))) | N84: Model 52.0% (fair -108). Your call. | P84: =IF(OR($H$84="",$O$84=""),"",(1+IF($H$84<0,-100/$H$84,$H$84/100))/(1+IF($O$84<0,-100/$O$84,$O$84/100))-1)
A85: 2026-07-05 | B85: Baltimore Orioles @ Cincinnati Reds | C85: 17:05 | D85: Spread | E85: Cincinnati Reds +1.5 | F85: 0.57831481 | G85: -137 | H85: -170 | I85: =IF($H$85="","",IF($H$85<0,-$H$85/(-$H$85+100),100/($H$85+100))) | J85: =IF($H$85="","",$F$85*IF($H$85<0,-100/$H$85,$H$85/100)-(1-$F$85)) | K85: =IF($H$85="","",MAX(0,($F$85*IF($H$85<0,-100/$H$85,$H$85/100)-(1-$F$85))/IF($H$85<0,-100/$H$85,$H$85/100))*'Settings'!$B$3) | L85: =IF($H$85="","",ROUND(MIN($K$85,'Settings'!$B$5)*'Settings'!$B$2,2)) | M85: =IF($J$85="","",IF($J$85<0,"Pass",IF($J$85<'Settings'!$B$4,"Thin",IF($J$85<0.06,"✅ Sharp band",IF($J$85<0.08,"Strong","⚠ Verify (stale?)"))))) | N85: Model 57.8% (fair -137). Your call. | P85: =IF(OR($H$85="",$O$85=""),"",(1+IF($H$85<0,-100/$H$85,$H$85/100))/(1+IF($O$85<0,-100/$O$85,$O$85/100))-1)
A86: 2026-07-05 | B86: Baltimore Orioles @ Cincinnati Reds | C86: 17:05 | D86: Spread | E86: Baltimore Orioles -1.5 | F86: 0.42167969 | G86: 137 | H86: 156 | I86: =IF($H$86="","",IF($H$86<0,-$H$86/(-$H$86+100),100/($H$86+100))) | J86: =IF($H$86="","",$F$86*IF($H$86<0,-100/$H$86,$H$86/100)-(1-$F$86)) | K86: =IF($H$86="","",MAX(0,($F$86*IF($H$86<0,-100/$H$86,$H$86/100)-(1-$F$86))/IF($H$86<0,-100/$H$86,$H$86/100))*'Settings'!$B$3) | L86: =IF($H$86="","",ROUND(MIN($K$86,'Settings'!$B$5)*'Settings'!$B$2,2)) | M86: =IF($J$86="","",IF($J$86<0,"Pass",IF($J$86<'Settings'!$B$4,"Thin",IF($J$86<0.06,"✅ Sharp band",IF($J$86<0.08,"Strong","⚠ Verify (stale?)"))))) | N86: Model 42.2% (fair +137). Your call. | P86: =IF(OR($H$86="",$O$86=""),"",(1+IF($H$86<0,-100/$H$86,$H$86/100))/(1+IF($O$86<0,-100/$O$86,$O$86/100))-1)
A87: 2026-07-05 | B87: Minnesota Twins @ New York Yankees | C87: 17:35 | D87: Moneyline | E87: Minnesota Twins | F87: 0.47227468 | G87: 112 | H87: 133 | I87: =IF($H$87="","",IF($H$87<0,-$H$87/(-$H$87+100),100/($H$87+100))) | J87: =IF($H$87="","",$F$87*IF($H$87<0,-100/$H$87,$H$87/100)-(1-$F$87)) | K87: =IF($H$87="","",MAX(0,($F$87*IF($H$87<0,-100/$H$87,$H$87/100)-(1-$F$87))/IF($H$87<0,-100/$H$87,$H$87/100))*'Settings'!$B$3) | L87: =IF($H$87="","",ROUND(MIN($K$87,'Settings'!$B$5)*'Settings'!$B$2,2)) | M87: =IF($J$87="","",IF($J$87<0,"Pass",IF($J$87<'Settings'!$B$4,"Thin",IF($J$87<0.06,"✅ Sharp band",IF($J$87<0.08,"Strong","⚠ Verify (stale?)"))))) | N87: Model 47.2% (fair +112). Your call. | P87: =IF(OR($H$87="",$O$87=""),"",(1+IF($H$87<0,-100/$H$87,$H$87/100))/(1+IF($O$87<0,-100/$O$87,$O$87/100))-1)
A88: 2026-07-05 | B88: Minnesota Twins @ New York Yankees | C88: 17:35 | D88: Moneyline | E88: New York Yankees | F88: 0.52771888 | G88: -112 | H88: -133 | I88: =IF($H$88="","",IF($H$88<0,-$H$88/(-$H$88+100),100/($H$88+100))) | J88: =IF($H$88="","",$F$88*IF($H$88<0,-100/$H$88,$H$88/100)-(1-$F$88)) | K88: =IF($H$88="","",MAX(0,($F$88*IF($H$88<0,-100/$H$88,$H$88/100)-(1-$F$88))/IF($H$88<0,-100/$H$88,$H$88/100))*'Settings'!$B$3) | L88: =IF($H$88="","",ROUND(MIN($K$88,'Settings'!$B$5)*'Settings'!$B$2,2)) | M88: =IF($J$88="","",IF($J$88<0,"Pass",IF($J$88<'Settings'!$B$4,"Thin",IF($J$88<0.06,"✅ Sharp band",IF($J$88<0.08,"Strong","⚠ Verify (stale?)"))))) | N88: Model 52.8% (fair -112). Your call. | P88: =IF(OR($H$88="",$O$88=""),"",(1+IF($H$88<0,-100/$H$88,$H$88/100))/(1+IF($O$88<0,-100/$O$88,$O$88/100))-1)
A89: 2026-07-05 | B89: Minnesota Twins @ New York Yankees | C89: 17:35 | D89: Total | E89: Over 9.5 | F89: 0.4152 | G89: 141 | H89: 138 | I89: =IF($H$89="","",IF($H$89<0,-$H$89/(-$H$89+100),100/($H$89+100))) | J89: =IF($H$89="","",$F$89*IF($H$89<0,-100/$H$89,$H$89/100)-(1-$F$89)) | K89: =IF($H$89="","",MAX(0,($F$89*IF($H$89<0,-100/$H$89,$H$89/100)-(1-$F$89))/IF($H$89<0,-100/$H$89,$H$89/100))*'Settings'!$B$3) | L89: =IF($H$89="","",ROUND(MIN($K$89,'Settings'!$B$5)*'Settings'!$B$2,2)) | M89: =IF($J$89="","",IF($J$89<0,"Pass",IF($J$89<'Settings'!$B$4,"Thin",IF($J$89<0.06,"✅ Sharp band",IF($J$89<0.08,"Strong","⚠ Verify (stale?)"))))) | N89: Model 41.5% (fair +141). Your call. | P89: =IF(OR($H$89="",$O$89=""),"",(1+IF($H$89<0,-100/$H$89,$H$89/100))/(1+IF($O$89<0,-100/$O$89,$O$89/100))-1)
A90: 2026-07-05 | B90: Minnesota Twins @ New York Yankees | C90: 17:35 | D90: Total | E90: Under 9.5 | F90: 0.5848 | G90: -141 | H90: 104 | I90: =IF($H$90="","",IF($H$90<0,-$H$90/(-$H$90+100),100/($H$90+100))) | J90: =IF($H$90="","",$F$90*IF($H$90<0,-100/$H$90,$H$90/100)-(1-$F$90)) | K90: =IF($H$90="","",MAX(0,($F$90*IF($H$90<0,-100/$H$90,$H$90/100)-(1-$F$90))/IF($H$90<0,-100/$H$90,$H$90/100))*'Settings'!$B$3) | L90: =IF($H$90="","",ROUND(MIN($K$90,'Settings'!$B$5)*'Settings'!$B$2,2)) | M90: =IF($J$90="","",IF($J$90<0,"Pass",IF($J$90<'Settings'!$B$4,"Thin",IF($J$90<0.06,"✅ Sharp band",IF($J$90<0.08,"Strong","⚠ Verify (stale?)"))))) | N90: Model 58.5% (fair -141). Your call. | P90: =IF(OR($H$90="",$O$90=""),"",(1+IF($H$90<0,-100/$H$90,$H$90/100))/(1+IF($O$90<0,-100/$O$90,$O$90/100))-1)
A91: 2026-07-05 | B91: Minnesota Twins @ New York Yankees | C91: 17:35 | D91: Spread | E91: New York Yankees -1.5 | F91: 0.36364341 | G91: 175 | H91: 158 | I91: =IF($H$91="","",IF($H$91<0,-$H$91/(-$H$91+100),100/($H$91+100))) | J91: =IF($H$91="","",$F$91*IF($H$91<0,-100/$H$91,$H$91/100)-(1-$F$91)) | K91: =IF($H$91="","",MAX(0,($F$91*IF($H$91<0,-100/$H$91,$H$91/100)-(1-$F$91))/IF($H$91<0,-100/$H$91,$H$91/100))*'Settings'!$B$3) | L91: =IF($H$91="","",ROUND(MIN($K$91,'Settings'!$B$5)*'Settings'!$B$2,2)) | M91: =IF($J$91="","",IF($J$91<0,"Pass",IF($J$91<'Settings'!$B$4,"Thin",IF($J$91<0.06,"✅ Sharp band",IF($J$91<0.08,"Strong","⚠ Verify (stale?)"))))) | N91: Model 36.4% (fair +175). Your call. | P91: =IF(OR($H$91="",$O$91=""),"",(1+IF($H$91<0,-100/$H$91,$H$91/100))/(1+IF($O$91<0,-100/$O$91,$O$91/100))-1)
A92: 2026-07-05 | B92: Minnesota Twins @ New York Yankees | C92: 17:35 | D92: Spread | E92: Minnesota Twins +1.5 | F92: 0.63636923 | G92: -175 | H92: -160 | I92: =IF($H$92="","",IF($H$92<0,-$H$92/(-$H$92+100),100/($H$92+100))) | J92: =IF($H$92="","",$F$92*IF($H$92<0,-100/$H$92,$H$92/100)-(1-$F$92)) | K92: =IF($H$92="","",MAX(0,($F$92*IF($H$92<0,-100/$H$92,$H$92/100)-(1-$F$92))/IF($H$92<0,-100/$H$92,$H$92/100))*'Settings'!$B$3) | L92: =IF($H$92="","",ROUND(MIN($K$92,'Settings'!$B$5)*'Settings'!$B$2,2)) | M92: =IF($J$92="","",IF($J$92<0,"Pass",IF($J$92<'Settings'!$B$4,"Thin",IF($J$92<0.06,"✅ Sharp band",IF($J$92<0.08,"Strong","⚠ Verify (stale?)"))))) | N92: Model 63.6% (fair -175). Your call. | P92: =IF(OR($H$92="",$O$92=""),"",(1+IF($H$92<0,-100/$H$92,$H$92/100))/(1+IF($O$92<0,-100/$O$92,$O$92/100))-1)
A93: 2026-07-05 | B93: Chicago White Sox @ Cleveland Guardians | C93: 18:00 | D93: Moneyline | E93: Chicago White Sox | F93: 0.45300429 | G93: 121 | H93: 133 | I93: =IF($H$93="","",IF($H$93<0,-$H$93/(-$H$93+100),100/($H$93+100))) | J93: =IF($H$93="","",$F$93*IF($H$93<0,-100/$H$93,$H$93/100)-(1-$F$93)) | K93: =IF($H$93="","",MAX(0,($F$93*IF($H$93<0,-100/$H$93,$H$93/100)-(1-$F$93))/IF($H$93<0,-100/$H$93,$H$93/100))*'Settings'!$B$3) | L93: =IF($H$93="","",ROUND(MIN($K$93,'Settings'!$B$5)*'Settings'!$B$2,2)) | M93: =IF($J$93="","",IF($J$93<0,"Pass",IF($J$93<'Settings'!$B$4,"Thin",IF($J$93<0.06,"✅ Sharp band",IF($J$93<0.08,"Strong","⚠ Verify (stale?)"))))) | N93: Model 45.3% (fair +121). Your call. | P93: =IF(OR($H$93="",$O$93=""),"",(1+IF($H$93<0,-100/$H$93,$H$93/100))/(1+IF($O$93<0,-100/$O$93,$O$93/100))-1)
A94: 2026-07-05 | B94: Chicago White Sox @ Cleveland Guardians | C94: 18:00 | D94: Moneyline | E94: Cleveland Guardians | F94: 0.54701245 | G94: -121 | H94: -133 | I94: =IF($H$94="","",IF($H$94<0,-$H$94/(-$H$94+100),100/($H$94+100))) | J94: =IF($H$94="","",$F$94*IF($H$94<0,-100/$H$94,$H$94/100)-(1-$F$94)) | K94: =IF($H$94="","",MAX(0,($F$94*IF($H$94<0,-100/$H$94,$H$94/100)-(1-$F$94))/IF($H$94<0,-100/$H$94,$H$94/100))*'Settings'!$B$3) | L94: =IF($H$94="","",ROUND(MIN($K$94,'Settings'!$B$5)*'Settings'!$B$2,2)) | M94: =IF($J$94="","",IF($J$94<0,"Pass",IF($J$94<'Settings'!$B$4,"Thin",IF($J$94<0.06,"✅ Sharp band",IF($J$94<0.08,"Strong","⚠ Verify (stale?)"))))) | N94: Model 54.7% (fair -121). Your call. | P94: =IF(OR($H$94="",$O$94=""),"",(1+IF($H$94<0,-100/$H$94,$H$94/100))/(1+IF($O$94<0,-100/$O$94,$O$94/100))-1)
A95: 2026-07-05 | B95: Chicago White Sox @ Cleveland Guardians | C95: 18:00 | D95: Total | E95: Over 8.5 | F95: 0.52627059 | G95: -111 | H95: -104 | I95: =IF($H$95="","",IF($H$95<0,-$H$95/(-$H$95+100),100/($H$95+100))) | J95: =IF($H$95="","",$F$95*IF($H$95<0,-100/$H$95,$H$95/100)-(1-$F$95)) | K95: =IF($H$95="","",MAX(0,($F$95*IF($H$95<0,-100/$H$95,$H$95/100)-(1-$F$95))/IF($H$95<0,-100/$H$95,$H$95/100))*'Settings'!$B$3) | L95: =IF($H$95="","",ROUND(MIN($K$95,'Settings'!$B$5)*'Settings'!$B$2,2)) | M95: =IF($J$95="","",IF($J$95<0,"Pass",IF($J$95<'Settings'!$B$4,"Thin",IF($J$95<0.06,"✅ Sharp band",IF($J$95<0.08,"Strong","⚠ Verify (stale?)"))))) | N95: Model 52.6% (fair -111). Your call. | P95: =IF(OR($H$95="",$O$95=""),"",(1+IF($H$95<0,-100/$H$95,$H$95/100))/(1+IF($O$95<0,-100/$O$95,$O$95/100))-1)
A96: 2026-07-05 | B96: Chicago White Sox @ Cleveland Guardians | C96: 18:00 | D96: Total | E96: Under 8.5 | F96: 0.47374615 | G96: 111 | H96: -108 | I96: =IF($H$96="","",IF($H$96<0,-$H$96/(-$H$96+100),100/($H$96+100))) | J96: =IF($H$96="","",$F$96*IF($H$96<0,-100/$H$96,$H$96/100)-(1-$F$96)) | K96: =IF($H$96="","",MAX(0,($F$96*IF($H$96<0,-100/$H$96,$H$96/100)-(1-$F$96))/IF($H$96<0,-100/$H$96,$H$96/100))*'Settings'!$B$3) | L96: =IF($H$96="","",ROUND(MIN($K$96,'Settings'!$B$5)*'Settings'!$B$2,2)) | M96: =IF($J$96="","",IF($J$96<0,"Pass",IF($J$96<'Settings'!$B$4,"Thin",IF($J$96<0.06,"✅ Sharp band",IF($J$96<0.08,"Strong","⚠ Verify (stale?)"))))) | N96: Model 47.4% (fair +111). Your call. | P96: =IF(OR($H$96="",$O$96=""),"",(1+IF($H$96<0,-100/$H$96,$H$96/100))/(1+IF($O$96<0,-100/$O$96,$O$96/100))-1)
A97: 2026-07-05 | B97: Chicago White Sox @ Cleveland Guardians | C97: 18:00 | D97: Spread | E97: Cleveland Guardians -1.5 | F97: 0.39268293 | G97: 155 | H97: 146 | I97: =IF($H$97="","",IF($H$97<0,-$H$97/(-$H$97+100),100/($H$97+100))) | J97: =IF($H$97="","",$F$97*IF($H$97<0,-100/$H$97,$H$97/100)-(1-$F$97)) | K97: =IF($H$97="","",MAX(0,($F$97*IF($H$97<0,-100/$H$97,$H$97/100)-(1-$F$97))/IF($H$97<0,-100/$H$97,$H$97/100))*'Settings'!$B$3) | L97: =IF($H$97="","",ROUND(MIN($K$97,'Settings'!$B$5)*'Settings'!$B$2,2)) | M97: =IF($J$97="","",IF($J$97<0,"Pass",IF($J$97<'Settings'!$B$4,"Thin",IF($J$97<0.06,"✅ Sharp band",IF($J$97<0.08,"Strong","⚠ Verify (stale?)"))))) | N97: Model 39.3% (fair +155). Your call. | P97: =IF(OR($H$97="",$O$97=""),"",(1+IF($H$97<0,-100/$H$97,$H$97/100))/(1+IF($O$97<0,-100/$O$97,$O$97/100))-1)
A98: 2026-07-05 | B98: Chicago White Sox @ Cleveland Guardians | C98: 18:00 | D98: Spread | E98: Chicago White Sox +1.5 | F98: 0.60735686 | G98: -155 | H98: -155 | I98: =IF($H$98="","",IF($H$98<0,-$H$98/(-$H$98+100),100/($H$98+100))) | J98: =IF($H$98="","",$F$98*IF($H$98<0,-100/$H$98,$H$98/100)-(1-$F$98)) | K98: =IF($H$98="","",MAX(0,($F$98*IF($H$98<0,-100/$H$98,$H$98/100)-(1-$F$98))/IF($H$98<0,-100/$H$98,$H$98/100))*'Settings'!$B$3) | L98: =IF($H$98="","",ROUND(MIN($K$98,'Settings'!$B$5)*'Settings'!$B$2,2)) | M98: =IF($J$98="","",IF($J$98<0,"Pass",IF($J$98<'Settings'!$B$4,"Thin",IF($J$98<0.06,"✅ Sharp band",IF($J$98<0.08,"Strong","⚠ Verify (stale?)"))))) | N98: Model 60.7% (fair -155). Your call. | P98: =IF(OR($H$98="",$O$98=""),"",(1+IF($H$98<0,-100/$H$98,$H$98/100))/(1+IF($O$98<0,-100/$O$98,$O$98/100))-1)
A99: 2026-07-05 | B99: St. Louis Cardinals @ Chicago Cubs | C99: 18:30 | D99: Moneyline | E99: St. Louis Cardinals | F99: 0.43719149 | G99: 129 | H99: 135 | I99: =IF($H$99="","",IF($H$99<0,-$H$99/(-$H$99+100),100/($H$99+100))) | J99: =IF($H$99="","",$F$99*IF($H$99<0,-100/$H$99,$H$99/100)-(1-$F$99)) | K99: =IF($H$99="","",MAX(0,($F$99*IF($H$99<0,-100/$H$99,$H$99/100)-(1-$F$99))/IF($H$99<0,-100/$H$99,$H$99/100))*'Settings'!$B$3) | L99: =IF($H$99="","",ROUND(MIN($K$99,'Settings'!$B$5)*'Settings'!$B$2,2)) | M99: =IF($J$99="","",IF($J$99<0,"Pass",IF($J$99<'Settings'!$B$4,"Thin",IF($J$99<0.06,"✅ Sharp band",IF($J$99<0.08,"Strong","⚠ Verify (stale?)"))))) | N99: Model 43.7% (fair +129). Your call. | P99: =IF(OR($H$99="",$O$99=""),"",(1+IF($H$99<0,-100/$H$99,$H$99/100))/(1+IF($O$99<0,-100/$O$99,$O$99/100))-1)
A100: 2026-07-05 | B100: St. Louis Cardinals @ Chicago Cubs | C100: 18:30 | D100: Moneyline | E100: Chicago Cubs | F100: 0.56278487 | G100: -129 | H100: -138 | I100: =IF($H$100="","",IF($H$100<0,-$H$100/(-$H$100+100),100/($H$100+100))) | J100: =IF($H$100="","",$F$100*IF($H$100<0,-100/$H$100,$H$100/100)-(1-$F$100)) | K100: =IF($H$100="","",MAX(0,($F$100*IF($H$100<0,-100/$H$100,$H$100/100)-(1-$F$100))/IF($H$100<0,-100/$H$100,$H$100/100))*'Settings'!$B$3) | L100: =IF($H$100="","",ROUND(MIN($K$100,'Settings'!$B$5)*'Settings'!$B$2,2)) | M100: =IF($J$100="","",IF($J$100<0,"Pass",IF($J$100<'Settings'!$B$4,"Thin",IF($J$100<0.06,"✅ Sharp band",IF($J$100<0.08,"Strong","⚠ Verify (stale?)"))))) | N100: Model 56.3% (fair -129). Your call. | P100: =IF(OR($H$100="",$O$100=""),"",(1+IF($H$100<0,-100/$H$100,$H$100/100))/(1+IF($O$100<0,-100/$O$100,$O$100/100))-1)
A101: 2026-07-05 | B101: Philadelphia Phillies @ Kansas City Royals | C101: 19:00 | D101: Moneyline | E101: Philadelphia Phillies | F101: 0.56747181 | G101: -131 | H101: -127 | I101: =IF($H$101="","",IF($H$101<0,-$H$101/(-$H$101+100),100/($H$101+100))) | J101: =IF($H$101="","",$F$101*IF($H$101<0,-100/$H$101,$H$101/100)-(1-$F$101)) | K101: =IF($H$101="","",MAX(0,($F$101*IF($H$101<0,-100/$H$101,$H$101/100)-(1-$F$101))/IF($H$101<0,-100/$H$101,$H$101/100))*'Settings'!$B$3) | L101: =IF($H$101="","",ROUND(MIN($K$101,'Settings'!$B$5)*'Settings'!$B$2,2)) | M101: =IF($J$101="","",IF($J$101<0,"Pass",IF($J$101<'Settings'!$B$4,"Thin",IF($J$101<0.06,"✅ Sharp band",IF($J$101<0.08,"Strong","⚠ Verify (stale?)"))))) | N101: Model 56.7% (fair -131). Your call. | P101: =IF(OR($H$101="",$O$101=""),"",(1+IF($H$101<0,-100/$H$101,$H$101/100))/(1+IF($O$101<0,-100/$O$101,$O$101/100))-1)
...

Sheet Track Record
A1: 📒 Track Record — receipts, losses included
A2: Graded in the open. A process you can audit beats a hot streak you can't.
A4: Scope | B4: Graded games | C4: Model Brier | D4: Bets | E4: Win % | F4: Units | G4: ROI % | H4: Avg CLV % | I4: CLV beat %
A5: Overall | B5: 326 | C5: 0.2497 | D5: 221 | E5: 0.448 | F5: -6.82 | G5: -3.09 | H5: 2.2 | I5: 0.4975
A6: MLB | B6: 296 | C6: 0.2512 | D6: 182 | E6: 0.4615 | F6: -4.17 | G6: -2.29 | H6: 2.97 | I6: 0.515
A7: WNBA | B7: 29 | C7: 0.2371 | D7: 37 | E7: 0.3784 | F7: -3.45 | G7: -9.33 | H7: -2.61 | I7: 0.3929
A8: NBA | B8: 1 | C8: 0.1979 | D8: 2 | E8: 0.5 | F8: 0.8 | G8: 40 | H8: 4.92 | I8: 0.5
A10: Brier: lower is better (0.25 = a coin flip). CLV beat %: how often we beat the closing line — the earliest honest sign an edge is real, before win/loss catches up.
A13: Calibration — honesty check
A14: When the model said X%, how often it actually happened (n=286, ECE 0.048 — lower is better; a calibrated model's bars sit on the diagonal).
A16: Model said | B16: Games | C16: We predicted | D16: Actually won | E16: Gap
A17: 10–20% | B17: 1 | C17: 0.1885 | D17: 0 | E17: -0.1885
A18: 20–30% | B18: 7 | C18: 0.2599 | D18: 0.4286 | E18: 0.1687
A19: 30–40% | B19: 28 | C19: 0.3729 | D19: 0.5714 | E19: 0.1985
A20: 40–50% | B20: 93 | C20: 0.4588 | D20: 0.4624 | E20: 0.0036
A21: 50–60% | B21: 107 | C21: 0.5421 | D21: 0.5234 | E21: -0.0187
A22: 60–70% | B22: 39 | C22: 0.6412 | D22: 0.5897 | E22: -0.0515
A23: 70–80% | B23: 9 | C23: 0.74 | D23: 0.5556 | E23: -0.1844
A24: 80–90% | B24: 2 | C24: 0.8538 | D24: 0.5 | E24: -0.3538

Sheet Research Hub
A1: 🔬 Research Hub
A2: Premium matchup breakdowns · 2026-07-04 · L5 window. Each game has its own tab.
A4: MLB: Pittsburgh Pirates @ Washington Nationals
A5: MLB: Minnesota Twins @ New York Yankees
A6: MLB: Detroit Tigers @ Texas Rangers
A7: MLB: Toronto Blue Jays @ Seattle Mariners
A8: MLB: Baltimore Orioles @ Cincinnati Reds
A9: MLB: Tampa Bay Rays @ Houston Astros
A10: MLB: Chicago White Sox @ Cleveland Guardians
A11: MLB: St. Louis Cardinals @ Chicago Cubs
A12: MLB: New York Mets @ Atlanta Braves
A13: MLB: San Francisco Giants @ Colorado Rockies
A15: Tip: the website's research view lets you flip the L5/L10/L15/L20/L30/Season window live; here every window is in the table so you can read any of them.

Sheet MLB Pirates @ Nationals
A1: Pittsburgh Pirates @ Washington Nationals
A2: MLB · 2026-07-04 · L5 window
A69: Pittsburgh Pirates offense vs Washington Nationals defense
A70: Stat | B70: A Season | C70: A L30 | D70: A L20 | E70: A L15 | F70: A L10 | G70: A L5 | H70: A Rk | I70: Adv | J70: H Rk | K70: H L5 | L70: H L10 | M70: H L15 | N70: H L20 | O70: H L30 | P70: H Season | Q70: Opp stat
A71: Runs/G | B71: 5.062 | C71: 5.5 | D71: 5.3 | E71: 6 | F71: 6.4 | G71: 5.6 | H71: 9th | J71: 5th | K71: 3.6 | L71: 5.3 | M71: 4.8 | N71: 4.65 | O71: 4.567 | P71: 5.101 | Q71: Opp Runs/G
A72: Hits/G | B72: 8.812 | C72: 10.5 | D72: — | E72: — | F72: — | G72: — | H72: — | J72: — | K72: — | L72: — | M72: — | N72: — | O72: 8 | P72: 9.04 | Q72: Opp Hits/G
A73: HR/G | B73: 1.188 | C73: 2.5 | D73: — | E73: — | F73: — | G73: — | H73: — | J73: — | K73: — | L73: — | M73: — | N73: — | O73: 2.333 | P73: 1.56 | Q73: Opp HR/G
A74: Batter K/G | B74: 9.708 | C74: 10.5 | D74: — | E74: — | F74: — | G74: — | H74: — | J74: — | K74: — | L74: — | M74: — | N74: — | O74: 8 | P74: 8.2 | Q74: Opp Batter K/G
A75: 1st Inn R/G | B75: 0.539 | C75: 0.367 | D75: 0.35 | E75: 0.4 | F75: 0.2 | G75: 0 | H75: 30th | J75: 29th | K75: 1.4 | L75: 0.7 | M75: 0.6 | N75: 0.5 | O75: 0.4 | P75: 0.403 | Q75: Opp 1st Inn R/G
A77: Washington Nationals offense vs Pittsburgh Pirates defense
A78: Stat | B78: A Season | C78: A L30 | D78: A L20 | E78: A L15 | F78: A L10 | G78: A L5 | H78: A Rk | I78: Adv | J78: H Rk | K78: H L5 | L78: H L10 | M78: H L15 | N78: H L20 | O78: H L30 | P78: H Season | Q78: Opp stat
A79: Runs/G | B79: 5.329 | C79: 5.3 | D79: 5.35 | E79: 4.933 | F79: 5.9 | G79: 7.2 | H79: 3rd | I79: ★★★ | J79: 29th | K79: 7 | L79: 5.6 | M79: 5 | N79: 5.25 | O79: 5.633 | P79: 4.815 | Q79: Opp Runs/G
A80: Hits/G | B80: 8.52 | C80: 7.667 | D80: — | E80: — | F80: — | G80: — | H80: — | J80: — | K80: — | L80: — | M80: — | N80: — | O80: 7 | P80: 7.792 | Q80: Opp Hits/G
A81: HR/G | B81: 1.26 | C81: 1 | D81: — | E81: — | F81: — | G81: — | H81: — | J81: — | K81: — | L81: — | M81: — | N81: — | O81: 1.5 | P81: 0.896 | Q81: Opp HR/G
A82: Batter K/G | B82: 7.98 | C82: 7.667 | D82: — | E82: — | F82: — | G82: — | H82: — | J82: — | K82: — | L82: — | M82: — | N82: — | O82: 11.5 | P82: 9.292 | Q82: Opp Batter K/G
A83: 1st Inn R/G | B83: 0.831 | C83: 0.667 | D83: 0.7 | E83: 0.667 | F83: 0.9 | G83: 0.8 | H83: 8th | I83: ★★★ | J83: 20th | K83: 0.6 | L83: 0.5 | M83: 0.4 | N83: 0.5 | O83: 0.467 | P83: 0.408 | Q83: Opp 1st Inn R/G

Sheet MLB Twins @ Yankees
A1: Minnesota Twins @ New York Yankees
A2: MLB · 2026-07-04 · L5 window
A68: Minnesota Twins offense vs New York Yankees defense
A69: Stat | B69: A Season | C69: A L30 | D69: A L20 | E69: A L15 | F69: A L10 | G69: A L5 | H69: A Rk | I69: Adv | J69: H Rk | K69: H L5 | L69: H L10 | M69: H L15 | N69: H L20 | O69: H L30 | P69: H Season | Q69: Opp stat
A70: Runs/G | B70: 4.776 | C70: 5.3 | D70: 5.65 | E70: 5.933 | F70: 4.3 | G70: 4.4 | H70: 15th | I70: ★★ | J70: 24th | K70: 5.8 | L70: 5 | M70: 4.933 | N70: 4.65 | O70: 4.633 | P70: 3.744 | Q70: Opp Runs/G
A71: Hits/G | B71: 7.776 | C71: 8.667 | D71: — | E71: — | F71: — | G71: — | H71: — | J71: — | K71: — | L71: — | M71: — | N71: — | O71: 10.667 | P71: 7.609 | Q71: Opp Hits/G
A72: HR/G | B72: 1.061 | C72: 1 | D72: — | E72: — | F72: — | G72: — | H72: — | J72: — | K72: — | L72: — | M72: — | N72: — | O72: 2 | P72: 0.913 | Q72: Opp HR/G
A73: Batter K/G | B73: 8.939 | C73: 8 | D73: — | E73: — | F73: — | G73: — | H73: — | J73: — | K73: — | L73: — | M73: — | N73: — | O73: 9.667 | P73: 8.435 | Q73: Opp Batter K/G
A74: 1st Inn R/G | B74: 0.684 | C74: 0.833 | D74: 1.1 | E74: 1.2 | F74: 1 | G74: 1.2 | H74: 2nd | I74: ★★★ | J74: 27th | K74: 1.2 | L74: 0.8 | M74: 0.533 | N74: 0.6 | O74: 0.6 | P74: 0.479 | Q74: Opp 1st Inn R/G
A76: New York Yankees offense vs Minnesota Twins defense
A77: Stat | B77: A Season | C77: A L30 | D77: A L20 | E77: A L15 | F77: A L10 | G77: A L5 | H77: A Rk | I77: Adv | J77: H Rk | K77: H L5 | L77: H L10 | M77: H L15 | N77: H L20 | O77: H L30 | P77: H Season | Q77: Opp stat
A78: Runs/G | B78: 4.744 | C78: 4.467 | D78: 4 | E78: 2.8 | F78: 3 | G78: 3.4 | H78: 26th | J78: 7th | K78: 4 | L78: 5.4 | M78: 5.2 | N78: 5.6 | O78: 5.767 | P78: 5.132 | Q78: Opp Runs/G
A79: Hits/G | B79: 8.109 | C79: 8.333 | D79: — | E79: — | F79: — | G79: — | H79: — | J79: — | K79: — | L79: — | M79: — | N79: — | O79: 9 | P79: 8.306 | Q79: Opp Hits/G
A80: HR/G | B80: 1.413 | C80: 0.333 | D80: — | E80: — | F80: — | G80: — | H80: — | J80: — | K80: — | L80: — | M80: — | N80: — | O80: 1.667 | P80: 0.918 | Q80: Opp HR/G
A81: Batter K/G | B81: 9.13 | C81: 9.667 | D81: — | E81: — | F81: — | G81: — | H81: — | J81: — | K81: — | L81: — | M81: — | N81: — | O81: 11.667 | P81: 8.265 | Q81: Opp Batter K/G
A82: 1st Inn R/G | B82: 0.63 | C82: 0.333 | D82: 0.35 | E82: 0.333 | F82: 0.4 | G82: 0.4 | H82: 19th | J82: 17th | K82: 0.6 | L82: 0.6 | M82: 0.4 | N82: 0.5 | O82: 0.633 | P82: 0.605 | Q82: Opp 1st Inn R/G

Sheet MLB Tigers @ Rangers
A1: Detroit Tigers @ Texas Rangers
A2: MLB · 2026-07-04 · L5 window
A69: Detroit Tigers offense vs Texas Rangers defense
A70: Stat | B70: A Season | C70: A L30 | D70: A L20 | E70: A L15 | F70: A L10 | G70: A L5 | H70: A Rk | I70: Adv | J70: H Rk | K70: H L5 | L70: H L10 | M70: H L15 | N70: H L20 | O70: H L30 | P70: H Season | Q70: Opp stat
A71: Runs/G | B71: 4.307 | C71: 4.967 | D71: 4.8 | E71: 4.733 | F71: 5.1 | G71: 6.2 | H71: 8th | J71: 8th | K71: 4 | L71: 4.3 | M71: 4.733 | N71: 5.35 | O71: 4.633 | P71: 4.169 | Q71: Opp Runs/G
A72: Hits/G | B72: 7.755 | C72: 8.75 | D72: — | E72: — | F72: — | G72: — | H72: — | J72: — | K72: — | L72: — | M72: — | N72: — | O72: 8.667 | P72: 7.673 | Q72: Opp Hits/G
A73: HR/G | B73: 1.02 | C73: 2.25 | D73: — | E73: — | F73: — | G73: — | H73: — | J73: — | K73: — | L73: — | M73: — | N73: — | O73: 1 | P73: 1.163 | Q73: Opp HR/G
A74: Batter K/G | B74: 8.306 | C74: 7.75 | D74: — | E74: — | F74: — | G74: — | H74: — | J74: — | K74: — | L74: — | M74: — | N74: — | O74: 12 | P74: 8.571 | Q74: Opp Batter K/G
A75: 1st Inn R/G | B75: 0.547 | C75: 0.567 | D75: 0.5 | E75: 0.467 | F75: 0.5 | G75: 1 | H75: 7th | I75: ★★ | J75: 14th | K75: 0.4 | L75: 0.2 | M75: 0.733 | N75: 0.9 | O75: 0.667 | P75: 0.776 | Q75: Opp 1st Inn R/G
A77: Texas Rangers offense vs Detroit Tigers defense
A78: Stat | B78: A Season | C78: A L30 | D78: A L20 | E78: A L15 | F78: A L10 | G78: A L5 | H78: A Rk | I78: Adv | J78: H Rk | K78: H L5 | L78: H L10 | M78: H L15 | N78: H L20 | O78: H L30 | P78: H Season | Q78: Opp stat
A79: Runs/G | B79: 4.217 | C79: 4.433 | D79: 4.45 | E79: 5 | F79: 5.1 | G79: 5.4 | H79: 11th | I79: ★★ | J79: 20th | K79: 5 | L79: 4.3 | M79: 3.867 | N79: 3.55 | O79: 3.733 | P79: 4.04 | Q79: Opp Runs/G
A80: Hits/G | B80: 7.816 | C80: 9 | D80: — | E80: — | F80: — | G80: — | H80: — | J80: — | K80: — | L80: — | M80: — | N80: — | O80: 6.75 | P80: 7.592 | Q80: Opp Hits/G
A81: HR/G | B81: 1.041 | C81: 0 | D81: — | E81: — | F81: — | G81: — | H81: — | J81: — | K81: — | L81: — | M81: — | N81: — | O81: 1.5 | P81: 0.898 | Q81: Opp HR/G
A82: Batter K/G | B82: 8.592 | C82: 9.333 | D82: — | E82: — | F82: — | G82: — | H82: — | J82: — | K82: — | L82: — | M82: — | N82: — | O82: 7.25 | P82: 7.776 | Q82: Opp Batter K/G
A83: 1st Inn R/G | B83: 0.605 | C83: 0.7 | D83: 0.7 | E83: 0.8 | F83: 0.6 | G83: 0.2 | H83: 26th | J83: 6th | K83: 0.2 | L83: 0.2 | M83: 0.267 | N83: 0.2 | O83: 0.3 | P83: 0.36 | Q83: Opp 1st Inn R/G

Sheet MLB Jays @ Mariners
A1: Toronto Blue Jays @ Seattle Mariners
A2: MLB · 2026-07-04 · L5 window
A67: Toronto Blue Jays offense vs Seattle Mariners defense
A68: Stat | B68: A Season | C68: A L30 | D68: A L20 | E68: A L15 | F68: A L10 | G68: A L5 | H68: A Rk | I68: Adv | J68: H Rk | K68: H L5 | L68: H L10 | M68: H L15 | N68: H L20 | O68: H L30 | P68: H Season | Q68: Opp stat
A69: Runs/G | B69: 4.068 | C69: 4.2 | D69: 4 | E69: 4.067 | F69: 3.8 | G69: 3.4 | H69: 24th | J69: 3rd | K69: 3 | L69: 3.5 | M69: 3.467 | N69: 4.3 | O69: 4.033 | P69: 4.057 | Q69: Opp Runs/G
A70: Hits/G | B70: 8.468 | C70: 9.5 | D70: — | E70: — | F70: — | G70: — | H70: — | J70: — | K70: — | L70: — | M70: — | N70: — | O70: 3.25 | P70: 7.979 | Q70: Opp Hits/G
A71: HR/G | B71: 0.915 | C71: 1 | D71: — | E71: — | F71: — | G71: — | H71: — | J71: — | K71: — | L71: — | M71: — | N71: — | O71: 1 | P71: 0.958 | Q71: Opp HR/G
A72: Batter K/G | B72: 7.298 | C72: 6.75 | D72: — | E72: — | F72: — | G72: — | H72: — | J72: — | K72: — | L72: — | M72: — | N72: — | O72: 10.25 | P72: 8.333 | Q72: Opp Batter K/G
A73: 1st Inn R/G | B73: 0.438 | C73: 0.3 | D73: 0.35 | E73: 0.267 | F73: 0.3 | G73: 0.4 | H73: 17th | J73: 5th | K73: 0.2 | L73: 0.3 | M73: 0.267 | N73: 0.4 | O73: 0.333 | P73: 0.419 | Q73: Opp 1st Inn R/G
A75: Seattle Mariners offense vs Toronto Blue Jays defense
A76: Stat | B76: A Season | C76: A L30 | D76: A L20 | E76: A L15 | F76: A L10 | G76: A L5 | H76: A Rk | I76: Adv | J76: H Rk | K76: H L5 | L76: H L10 | M76: H L15 | N76: H L20 | O76: H L30 | P76: H Season | Q76: Opp stat
A77: Runs/G | B77: 3.897 | C77: 3.667 | D77: 3.35 | E77: 3.067 | F77: 3.4 | G77: 4.6 | H77: 14th | J77: 4th | K77: 3.4 | L77: 4.2 | M77: 4.533 | N77: 4.65 | O77: 5.067 | P77: 4.432 | Q77: Opp Runs/G
A78: Hits/G | B78: 7.854 | C78: 8.75 | D78: — | E78: — | F78: — | G78: — | H78: — | J78: — | K78: — | L78: — | M78: — | N78: — | O78: 7.75 | P78: 7.894 | Q78: Opp Hits/G
A79: HR/G | B79: 1.312 | C79: 2.75 | D79: — | E79: — | F79: — | G79: — | H79: — | J79: — | K79: — | L79: — | M79: — | N79: — | O79: 1.25 | P79: 0.979 | Q79: Opp HR/G
A80: Batter K/G | B80: 8.646 | C80: 7.25 | D80: — | E80: — | F80: — | G80: — | H80: — | J80: — | K80: — | L80: — | M80: — | N80: — | O80: 6.25 | P80: 9.489 | Q80: Opp Batter K/G
A81: 1st Inn R/G | B81: 0.473 | C81: 0.3 | D81: 0.35 | E81: 0.333 | F81: 0.1 | G81: 0 | H81: 28th | J81: 7th | K81: 0.4 | L81: 0.9 | M81: 1.067 | N81: 0.9 | O81: 0.7 | P81: 0.562 | Q81: Opp 1st Inn R/G

Sheet MLB Orioles @ Reds
A1: Baltimore Orioles @ Cincinnati Reds
A2: MLB · 2026-07-04 · L5 window
A66: Baltimore Orioles offense vs Cincinnati Reds defense
A67: Stat | B67: A Season | C67: A L30 | D67: A L20 | E67: A L15 | F67: A L10 | G67: A L5 | H67: A Rk | I67: Adv | J67: H Rk | K67: H L5 | L67: H L10 | M67: H L15 | N67: H L20 | O67: H L30 | P67: H Season | Q67: Opp stat
A68: Runs/G | B68: 4.558 | C68: 4.667 | D68: 4.1 | E68: 4.133 | F68: 3.7 | G68: 3.6 | H68: 22nd | J68: 9th | K68: 4.2 | L68: 4.9 | M68: 4.533 | N68: 4.1 | O68: 4.6 | P68: 4.68 | Q68: Opp Runs/G
A69: Hits/G | B69: 8.208 | C69: 9.5 | D69: — | E69: — | F69: — | G69: — | H69: — | J69: — | K69: — | L69: — | M69: — | N69: — | O69: 8.333 | P69: 8.106 | Q69: Opp Hits/G
A70: HR/G | B70: 1.271 | C70: 1.5 | D70: — | E70: — | F70: — | G70: — | H70: — | J70: — | K70: — | L70: — | M70: — | N70: — | O70: 1.667 | P70: 1.383 | Q70: Opp HR/G
A71: Batter K/G | B71: 8.917 | C71: 8.5 | D71: — | E71: — | F71: — | G71: — | H71: — | J71: — | K71: — | L71: — | M71: — | N71: — | O71: 7.667 | P71: 7.404 | Q71: Opp Batter K/G
A72: 1st Inn R/G | B72: 0.5 | C72: 0.733 | D72: 0.7 | E72: 0.533 | F72: 0.6 | G72: 1 | H72: 6th | I72: ★★ | J72: 16th | K72: 0.6 | L72: 0.4 | M72: 0.333 | N72: 0.3 | O72: 0.533 | P72: 0.527 | Q72: Opp 1st Inn R/G
A74: Cincinnati Reds offense vs Baltimore Orioles defense
A75: Stat | B75: A Season | C75: A L30 | D75: A L20 | E75: A L15 | F75: A L10 | G75: A L5 | H75: A Rk | I75: Adv | J75: H Rk | K75: H L5 | L75: H L10 | M75: H L15 | N75: H L20 | O75: H L30 | P75: H Season | Q75: Opp stat
A76: Runs/G | B76: 3.987 | C76: 3.8 | D76: 3.9 | E76: 3.6 | F76: 3.8 | G76: 2.8 | H76: 27th | J76: 17th | K76: 4.8 | L76: 4.2 | M76: 3.8 | N76: 4.1 | O76: 4.267 | P76: 4.818 | Q76: Opp Runs/G
A77: Hits/G | B77: 7.404 | C77: 6.667 | D77: — | E77: — | F77: — | G77: — | H77: — | J77: — | K77: — | L77: — | M77: — | N77: — | O77: 6.5 | P77: 8.833 | Q77: Opp Hits/G
A78: HR/G | B78: 1.213 | C78: 1.667 | D78: — | E78: — | F78: — | G78: — | H78: — | J78: — | K78: — | L78: — | M78: — | N78: — | O78: 0.5 | P78: 1.062 | Q78: Opp HR/G
A79: Batter K/G | B79: 9.532 | C79: 12 | D79: — | E79: — | F79: — | G79: — | H79: — | J79: — | K79: — | L79: — | M79: — | N79: — | O79: 6.5 | P79: 8 | Q79: Opp Batter K/G
A80: 1st Inn R/G | B80: 0.554 | C80: 0.567 | D80: 0.6 | E80: 0.267 | F80: 0.4 | G80: 0.6 | H80: 13th | J80: 13th | K80: 0.4 | L80: 0.6 | M80: 0.8 | N80: 0.9 | O80: 0.7 | P80: 0.487 | Q80: Opp 1st Inn R/G

Sheet MLB Rays @ Astros
A1: Tampa Bay Rays @ Houston Astros
A2: MLB · 2026-07-04 · L5 window
A68: Tampa Bay Rays offense vs Houston Astros defense
A69: Stat | B69: A Season | C69: A L30 | D69: A L20 | E69: A L15 | F69: A L10 | G69: A L5 | H69: A Rk | I69: Adv | J69: H Rk | K69: H L5 | L69: H L10 | M69: H L15 | N69: H L20 | O69: H L30 | P69: H Season | Q69: Opp stat
A70: Runs/G | B70: 4.689 | C70: 4.367 | D70: 4.55 | E70: 5.133 | F70: 6 | G70: 5.4 | H70: 10th | I70: ★★ | J70: 18th | K70: 5 | L70: 4.8 | M70: 4.4 | N70: 4.8 | O70: 4.9 | P70: 4.936 | Q70: Opp Runs/G
A71: Hits/G | B71: 8.778 | C71: 6.333 | D71: — | E71: — | F71: — | G71: — | H71: — | J71: — | K71: — | L71: — | M71: — | N71: — | O71: 8.5 | P71: 7.625 | Q71: Opp Hits/G
A72: HR/G | B72: 0.956 | C72: 1 | D72: — | E72: — | F72: — | G72: — | H72: — | J72: — | K72: — | L72: — | M72: — | N72: — | O72: 2 | P72: 1.292 | Q72: Opp HR/G
A73: Batter K/G | B73: 7.244 | C73: 8 | D73: — | E73: — | F73: — | G73: — | H73: — | J73: — | K73: — | L73: — | M73: — | N73: — | O73: 9 | P73: 8.417 | Q73: Opp Batter K/G
A74: 1st Inn R/G | B74: 0.542 | C74: 0.633 | D74: 0.65 | E74: 0.733 | F74: 1 | G74: 0.6 | H74: 11th | I74: ★★★ | J74: 26th | K74: 1 | L74: 0.6 | M74: 0.467 | N74: 0.7 | O74: 0.6 | P74: 0.645 | Q74: Opp 1st Inn R/G
A76: Houston Astros offense vs Tampa Bay Rays defense
A77: Stat | B77: A Season | C77: A L30 | D77: A L20 | E77: A L15 | F77: A L10 | G77: A L5 | H77: A Rk | I77: Adv | J77: H Rk | K77: H L5 | L77: H L10 | M77: H L15 | N77: H L20 | O77: H L30 | P77: H Season | Q77: Opp stat
A78: Runs/G | B78: 4.808 | C78: 4.333 | D78: 4.3 | E78: 4.067 | F78: 4.3 | G78: 4.2 | H78: 16th | J78: 1st | K78: 1.6 | L78: 2.8 | M78: 2.933 | N78: 3.2 | O78: 3.6 | P78: 4.351 | Q78: Opp Runs/G
A79: Hits/G | B79: 8.083 | C79: 5.5 | D79: — | E79: — | F79: — | G79: — | H79: — | J79: — | K79: — | L79: — | M79: — | N79: — | O79: 11 | P79: 8.467 | Q79: Opp Hits/G
A80: HR/G | B80: 1.417 | C80: 0.5 | D80: — | E80: — | F80: — | G80: — | H80: — | J80: — | K80: — | L80: — | M80: — | N80: — | O80: 3 | P80: 1.444 | Q80: Opp HR/G
A81: Batter K/G | B81: 7.729 | C81: 10 | D81: — | E81: — | F81: — | G81: — | H81: — | J81: — | K81: — | L81: — | M81: — | N81: — | O81: 6.667 | P81: 7.778 | Q81: Opp Batter K/G
A82: 1st Inn R/G | B82: 0.684 | C82: 0.7 | D82: 0.75 | E82: 0.4 | F82: 0.3 | G82: 0.2 | H82: 23rd | J82: 8th | K82: 0.4 | L82: 0.6 | M82: 0.4 | N82: 0.4 | O82: 0.433 | P82: 0.486 | Q82: Opp 1st Inn R/G

Sheet MLB Sox @ Guardians
A1: Chicago White Sox @ Cleveland Guardians
A2: MLB · 2026-07-04 · L5 window
A67: Chicago White Sox offense vs Cleveland Guardians defense
A68: Stat | B68: A Season | C68: A L30 | D68: A L20 | E68: A L15 | F68: A L10 | G68: A L5 | H68: A Rk | I68: Adv | J68: H Rk | K68: H L5 | L68: H L10 | M68: H L15 | N68: H L20 | O68: H L30 | P68: H Season | Q68: Opp stat
A69: Runs/G | B69: 4.908 | C69: 5.067 | D69: 5 | E69: 5.2 | F69: 5.9 | G69: 5.2 | H69: 12th | J69: 14th | K69: 4.4 | L69: 3.8 | M69: 3.867 | N69: 4 | O69: 4.367 | P69: 4.127 | Q69: Opp Runs/G
A70: Hits/G | B70: 7.792 | C70: 8.5 | D70: — | E70: — | F70: — | G70: — | H70: — | J70: — | K70: — | L70: — | M70: — | N70: — | O70: 10.333 | P70: 7.939 | Q70: Opp Hits/G
A71: HR/G | B71: 1.354 | C71: 1.75 | D71: — | E71: — | F71: — | G71: — | H71: — | J71: — | K71: — | L71: — | M71: — | N71: — | O71: 1 | P71: 1.143 | Q71: Opp HR/G
A72: Batter K/G | B72: 9.208 | C72: 9 | D72: — | E72: — | F72: — | G72: — | H72: — | J72: — | K72: — | L72: — | M72: — | N72: — | O72: 10 | P72: 9.388 | Q72: Opp Batter K/G
A73: 1st Inn R/G | B73: 0.581 | C73: 0.6 | D73: 0.4 | E73: 0.4 | F73: 0.4 | G73: 0.4 | H73: 18th | J73: 3rd | K73: 0 | L73: 0 | M73: 0.133 | N73: 0.3 | O73: 0.367 | P73: 0.355 | Q73: Opp 1st Inn R/G
A75: Cleveland Guardians offense vs Chicago White Sox defense
A76: Stat | B76: A Season | C76: A L30 | D76: A L20 | E76: A L15 | F76: A L10 | G76: A L5 | H76: A Rk | I76: Adv | J76: H Rk | K76: H L5 | L76: H L10 | M76: H L15 | N76: H L20 | O76: H L30 | P76: H Season | Q76: Opp stat
A77: Runs/G | B77: 3.949 | C77: 3.7 | D77: 3.8 | E77: 4.067 | F77: 4 | G77: 4.8 | H77: 13th | J77: 10th | K77: 4.2 | L77: 3.3 | M77: 3.467 | N77: 4.35 | O77: 4.333 | P77: 4.724 | Q77: Opp Runs/G
A78: Hits/G | B78: 7.735 | C78: 9.667 | D78: — | E78: — | F78: — | G78: — | H78: — | J78: — | K78: — | L78: — | M78: — | N78: — | O78: 7.75 | P78: 7.854 | Q78: Opp Hits/G
A79: HR/G | B79: 0.959 | C79: 0.333 | D79: — | E79: — | F79: — | G79: — | H79: — | J79: — | K79: — | L79: — | M79: — | N79: — | O79: 0.5 | P79: 1.062 | Q79: Opp HR/G
A80: Batter K/G | B80: 8 | C80: 12.667 | D80: — | E80: — | F80: — | G80: — | H80: — | J80: — | K80: — | L80: — | M80: — | N80: — | O80: 6.75 | P80: 7.938 | Q80: Opp Batter K/G
A81: 1st Inn R/G | B81: 0.5 | C81: 0.233 | D81: 0.25 | E81: 0.267 | F81: 0.3 | G81: 0.4 | H81: 20th | J81: 9th | K81: 0.4 | L81: 0.3 | M81: 0.333 | N81: 0.55 | O81: 0.533 | P81: 0.541 | Q81: Opp 1st Inn R/G

Sheet MLB Cardinals @ Cubs
A1: St. Louis Cardinals @ Chicago Cubs
A2: MLB · 2026-07-04 · L5 window
A68: St. Louis Cardinals offense vs Chicago Cubs defense
A69: Stat | B69: A Season | C69: A L30 | D69: A L20 | E69: A L15 | F69: A L10 | G69: A L5 | H69: A Rk | I69: Adv | J69: H Rk | K69: H L5 | L69: H L10 | M69: H L15 | N69: H L20 | O69: H L30 | P69: H Season | Q69: Opp stat
A70: Runs/G | B70: 4.64 | C70: 5.167 | D70: 5.1 | E70: 4.933 | F70: 4.7 | G70: 7.2 | H70: 4th | I70: ★★★ | J70: 26th | K70: 6.4 | L70: 5.1 | M70: 5.2 | N70: 4.6 | O70: 4.767 | P70: 4.816 | Q70: Opp Runs/G
A71: Hits/G | B71: 7.826 | C71: 7.75 | D71: — | E71: — | F71: — | G71: — | H71: — | J71: — | K71: — | L71: — | M71: — | N71: — | O71: 6.333 | P71: 7.896 | Q71: Opp Hits/G
A72: HR/G | B72: 1.109 | C72: 0.5 | D72: — | E72: — | F72: — | G72: — | H72: — | J72: — | K72: — | L72: — | M72: — | N72: — | O72: 0.333 | P72: 1.354 | Q72: Opp HR/G
A73: Batter K/G | B73: 8.196 | C73: 9 | D73: — | E73: — | F73: — | G73: — | H73: — | J73: — | K73: — | L73: — | M73: — | N73: — | O73: 6.667 | P73: 7.708 | Q73: Opp Batter K/G
A74: 1st Inn R/G | B74: 0.556 | C74: 0.767 | D74: 0.8 | E74: 0.8 | F74: 0.4 | G74: 0.8 | H74: 9th | J74: 4th | K74: 0.2 | L74: 0.2 | M74: 0.133 | N74: 0.1 | O74: 0.333 | P74: 0.44 | Q74: Opp 1st Inn R/G
A76: Chicago Cubs offense vs St. Louis Cardinals defense
A77: Stat | B77: A Season | C77: A L30 | D77: A L20 | E77: A L15 | F77: A L10 | G77: A L5 | H77: A Rk | I77: Adv | J77: H Rk | K77: H L5 | L77: H L10 | M77: H L15 | N77: H L20 | O77: H L30 | P77: H Season | Q77: Opp stat
A78: Runs/G | B78: 5.263 | C78: 5.733 | D78: 7.05 | E78: 7.667 | F78: 7.4 | G78: 8 | H78: 2nd | J78: 2nd | K78: 3 | L78: 3.9 | M78: 5.133 | N78: 5.1 | O78: 4.467 | P78: 4.52 | Q78: Opp Runs/G
A79: Hits/G | B79: 8.438 | C79: 7.667 | D79: — | E79: — | F79: — | G79: — | H79: — | J79: — | K79: — | L79: — | M79: — | N79: — | O79: 9 | P79: 8.652 | Q79: Opp Hits/G
A80: HR/G | B80: 1.104 | C80: 0.667 | D80: — | E80: — | F80: — | G80: — | H80: — | J80: — | K80: — | L80: — | M80: — | N80: — | O80: 0.5 | P80: 1.043 | Q80: Opp HR/G
A81: Batter K/G | B81: 8.458 | C81: 7 | D81: — | E81: — | F81: — | G81: — | H81: — | J81: — | K81: — | L81: — | M81: — | N81: — | O81: 8.75 | P81: 7.739 | Q81: Opp Batter K/G
A82: 1st Inn R/G | B82: 0.453 | C82: 0.5 | D82: 0.7 | E82: 0.8 | F82: 0.4 | G82: 0.8 | H82: 10th | I82: ★★★ | J82: 28th | K82: 1.2 | L82: 0.7 | M82: 0.733 | N82: 0.75 | O82: 0.6 | P82: 0.597 | Q82: Opp 1st Inn R/G

Sheet MLB Mets @ Braves
A1: New York Mets @ Atlanta Braves
A2: MLB · 2026-07-04 · L5 window
A68: New York Mets offense vs Atlanta Braves defense
A69: Stat | B69: A Season | C69: A L30 | D69: A L20 | E69: A L15 | F69: A L10 | G69: A L5 | H69: A Rk | I69: Adv | J69: H Rk | K69: H L5 | L69: H L10 | M69: H L15 | N69: H L20 | O69: H L30 | P69: H Season | Q69: Opp stat
A70: Runs/G | B70: 3.837 | C70: 4 | D70: 3.85 | E70: 3.867 | F70: 3.2 | G70: 2.8 | H70: 28th | J70: 15th | K70: 4.6 | L70: 4.2 | M70: 4.667 | N70: 4.7 | O70: 4.267 | P70: 3.813 | Q70: Opp Runs/G
A71: Hits/G | B71: 7.306 | C71: 5.333 | D71: — | E71: — | F71: — | G71: — | H71: — | J71: — | K71: — | L71: — | M71: — | N71: — | O71: 8.4 | P71: 7.312 | Q71: Opp Hits/G
A72: HR/G | B72: 0.939 | C72: 2.333 | D72: — | E72: — | F72: — | G72: — | H72: — | J72: — | K72: — | L72: — | M72: — | N72: — | O72: 1 | P72: 1.062 | Q72: Opp HR/G
A73: Batter K/G | B73: 8.408 | C73: 11 | D73: — | E73: — | F73: — | G73: — | H73: — | J73: — | K73: — | L73: — | M73: — | N73: — | O73: 9.8 | P73: 8.562 | Q73: Opp Batter K/G
A74: 1st Inn R/G | B74: 0.526 | C74: 0.467 | D74: 0.4 | E74: 0.133 | F74: 0 | G74: 0 | H74: 27th | J74: 23rd | K74: 0.8 | L74: 0.5 | M74: 0.467 | N74: 0.65 | O74: 0.533 | P74: 0.562 | Q74: Opp 1st Inn R/G
A76: Atlanta Braves offense vs New York Mets defense
A77: Stat | B77: A Season | C77: A L30 | D77: A L20 | E77: A L15 | F77: A L10 | G77: A L5 | H77: A Rk | I77: Adv | J77: H Rk | K77: H L5 | L77: H L10 | M77: H L15 | N77: H L20 | O77: H L30 | P77: H Season | Q77: Opp stat
A78: Runs/G | B78: 4.8 | C78: 3.967 | D78: 3.2 | E78: 3.267 | F78: 3.1 | G78: 4 | H78: 19th | J78: 13th | K78: 4.2 | L78: 4.9 | M78: 5.6 | N78: 5.5 | O78: 4.967 | P78: 4.588 | Q78: Opp Runs/G
A79: Hits/G | B79: 8.958 | C79: 8.8 | D79: — | E79: — | F79: — | G79: — | H79: — | J79: — | K79: — | L79: — | M79: — | N79: — | O79: 6 | P79: 7.918 | Q79: Opp Hits/G
A80: HR/G | B80: 1.333 | C80: 2.2 | D80: — | E80: — | F80: — | G80: — | H80: — | J80: — | K80: — | L80: — | M80: — | N80: — | O80: 1.667 | P80: 0.918 | Q80: Opp HR/G
A81: Batter K/G | B81: 7.688 | C81: 7 | D81: — | E81: — | F81: — | G81: — | H81: — | J81: — | K81: — | L81: — | M81: — | N81: — | O81: 7.333 | P81: 9.061 | Q81: Opp Batter K/G
A82: 1st Inn R/G | B82: 0.589 | C82: 0.6 | D82: 0.6 | E82: 0.6 | F82: 0.6 | G82: 1.2 | H82: 1st | I82: ★★ | J82: 12th | K82: 0.4 | L82: 0.3 | M82: 0.467 | N82: 0.75 | O82: 0.633 | P82: 0.513 | Q82: Opp 1st Inn R/G

Sheet MLB Giants @ Rockies
A1: San Francisco Giants @ Colorado Rockies
A2: MLB · 2026-07-04 · L5 window
A67: San Francisco Giants offense vs Colorado Rockies defense
A68: Stat | B68: A Season | C68: A L30 | D68: A L20 | E68: A L15 | F68: A L10 | G68: A L5 | H68: A Rk | I68: Adv | J68: H Rk | K68: H L5 | L68: H L10 | M68: H L15 | N68: H L20 | O68: H L30 | P68: H Season | Q68: Opp stat
A69: Runs/G | B69: 4.114 | C69: 4.733 | D69: 3.85 | E69: 3.733 | F69: 3.5 | G69: 3.6 | H69: 23rd | I69: ★ | J69: 27th | K69: 6.8 | L69: 6.2 | M69: 5.6 | N69: 5.65 | O69: 6.5 | P69: 5.641 | Q69: Opp Runs/G
A70: Hits/G | B70: 9.239 | C70: 12.25 | D70: — | E70: — | F70: — | G70: — | H70: — | J70: — | K70: — | L70: — | M70: — | N70: — | O70: 14 | P70: 9.78 | Q70: Opp Hits/G
A71: HR/G | B71: 0.978 | C71: 1.5 | D71: — | E71: — | F71: — | G71: — | H71: — | J71: — | K71: — | L71: — | M71: — | N71: — | O71: 1.333 | P71: 1.24 | Q71: Opp HR/G
A72: Batter K/G | B72: 7.587 | C72: 9.5 | D72: — | E72: — | F72: — | G72: — | H72: — | J72: — | K72: — | L72: — | M72: — | N72: — | O72: 7.333 | P72: 7.28 | Q72: Opp Batter K/G
A73: 1st Inn R/G | B73: 0.347 | C73: 0.333 | D73: 0.15 | E73: 0.2 | F73: 0.1 | G73: 0 | H73: 29th | J73: 19th | K73: 0.6 | L73: 0.8 | M73: 0.6 | N73: 0.85 | O73: 0.633 | P73: 0.688 | Q73: Opp 1st Inn R/G
A75: Colorado Rockies offense vs San Francisco Giants defense
A76: Stat | B76: A Season | C76: A L30 | D76: A L20 | E76: A L15 | F76: A L10 | G76: A L5 | H76: A Rk | I76: Adv | J76: H Rk | K76: H L5 | L76: H L10 | M76: H L15 | N76: H L20 | O76: H L30 | P76: H Season | Q76: Opp stat
A77: Runs/G | B77: 4.91 | C77: 6.233 | D77: 6.75 | E77: 6.267 | F77: 7.3 | G77: 9 | H77: 1st | I77: ★★★ | J77: 28th | K77: 6.8 | L77: 4.8 | M77: 4.467 | N77: 4.75 | O77: 5.1 | P77: 4.975 | Q77: Opp Runs/G
A78: Hits/G | B78: 8.32 | C78: 10.667 | D78: — | E78: — | F78: — | G78: — | H78: — | J78: — | K78: — | L78: — | M78: — | N78: — | O78: 13.5 | P78: 8.652 | Q78: Opp Hits/G
A79: HR/G | B79: 0.92 | C79: 1.667 | D79: — | E79: — | F79: — | G79: — | H79: — | J79: — | K79: — | L79: — | M79: — | N79: — | O79: 0.75 | P79: 0.978 | Q79: Opp HR/G
A80: Batter K/G | B80: 8.92 | C80: 9.667 | D80: — | E80: — | F80: — | G80: — | H80: — | J80: — | K80: — | L80: — | M80: — | N80: — | O80: 7.25 | P80: 8.174 | Q80: Opp Batter K/G
A81: 1st Inn R/G | B81: 0.506 | C81: 0.567 | D81: 0.55 | E81: 0.6 | F81: 0.8 | G81: 1.2 | H81: 3rd | I81: ★★★ | J81: 30th | K81: 1.4 | L81: 0.7 | M81: 0.733 | N81: 0.7 | O81: 0.667 | P81: 0.569 | Q81: Opp 1st Inn R/G
