Workbook

Sheet Read Me
A1: 🎯 Project 54.7 — Daily Wager Workbook
A2: 52.4% pays the house. 54.7% pays you.
A5: Built | B5: 2026-07-09 15:58
A7: HOW IT WORKS
A8: 1. | B8: The model's win probability for every market is locked. It does not change when odds move.
A9: 2. | B9: Type the price YOUR sportsbook is showing into the yellow “✏ Your Odds” cells (American odds, e.g. -110 or +135).
A10: 3. | B10: Implied %, Your Edge (EV), the ¼-Kelly stake and the Verdict recompute instantly — in Excel or Google Sheets, offline.
A11: 4. | B11: Set your Bankroll and Kelly fraction once on the Settings tab; every stake on every tab follows it.
A12: 5. | B12: After a game, type the closing line into the ✏ Closing column on the Games tab — CLV % shows whether you beat the close (the earliest honest sign an edge is real).
A14: READING THE VERDICT
A15: Pass | B15: Model says there's no edge at your price — skip it.
A16: Thin | B16: Positive but below your min-edge threshold.
A17: ✅ Sharp band | B17: 2–6% EV — where the model's edge has actually held up (good closing-line value). The sweet spot.
A18: Strong | B18: 6–8% EV — bigger, rarer.
A19: ⚠ Verify | B19: 8%+ EV usually means a stale or oddball price, not free money. Double-check the line before trusting it.
A21: WHY EDIT YOUR OWN ODDS?
B22: Every other tool de-vigs a sharp book for you and locks the math in an app whose lines go stale. Here the number is yours, so nothing can be out of date — and the math is in front of you.
A24: THE DEAL | B24: Personal research. Not financial advice. No bankroll promises. If gambling stops being fun, stop — call 1-800-GAMBLER.
B25: We publish our losses too — see the Track Record tab. We tell you when to pass. The trigger is always yours.

Sheet Settings
A1: ⚙ Settings
A2: Bankroll ($) | B2: 1000
A3: Kelly fraction | B3: 0.25
A4: Min edge to flag (EV) | B4: 0.02
A5: Max stake (% of bankroll) | B5: 0.05
A7: Default ¼-Kelly is deliberate: full Kelly is mathematically optimal but brutal on variance, and edges are always overestimated. Quarter-Kelly keeps ~most of the growth at a fraction of the risk.

Sheet Top Plays
A1: ⭐ Top Plays — biggest model edges today
A2: Ranked at the posted price. Swap in your book's number and watch the edge update. Nothing here is a lock.
A4: Date | B4: Matchup | C4: Start | D4: Market | E4: Selection | F4: Model Win% | G4: Model Fair | H4: ✏ Your Odds | I4: Implied% | J4: Your Edge (EV) | K4: ¼-Kelly % | L4: Stake $ | M4: Verdict | N4: Model read | O4: ✏ Closing | P4: CLV %
A5: 2026-07-09 | B5: Boston Red Sox @ Chicago White Sox | C5: 18:10 | D5: Spread | E5: Boston Red Sox +1.5 | F5: 0.6376 | G5: -176 | H5: 170 | I5: =IF($H$5="","",IF($H$5<0,-$H$5/(-$H$5+100),100/($H$5+100))) | J5: =IF($H$5="","",$F$5*IF($H$5<0,-100/$H$5,$H$5/100)-(1-$F$5)) | K5: =IF($H$5="","",MAX(0,($F$5*IF($H$5<0,-100/$H$5,$H$5/100)-(1-$F$5))/IF($H$5<0,-100/$H$5,$H$5/100))*'Settings'!$B$3) | L5: =IF($H$5="","",ROUND(MIN($K$5,'Settings'!$B$5)*'Settings'!$B$2,2)) | M5: =IF($J$5="","",IF($J$5<0,"Pass",IF($J$5<'Settings'!$B$4,"Thin",IF($J$5<0.06,"✅ Sharp band",IF($J$5<0.08,"Strong","⚠ Verify (stale?)"))))) | N5: Model 63.8% (fair -176). Your call. | P5: =IF(OR($H$5="",$O$5=""),"",(1+IF($H$5<0,-100/$H$5,$H$5/100))/(1+IF($O$5<0,-100/$O$5,$O$5/100))-1)
A6: 2026-07-09 | B6: Atlanta Braves @ Pittsburgh Pirates | C6: 16:35 | D6: Total | E6: Under 10.5 | F6: 0.5914 | G6: -145 | H6: 115 | I6: =IF($H$6="","",IF($H$6<0,-$H$6/(-$H$6+100),100/($H$6+100))) | J6: =IF($H$6="","",$F$6*IF($H$6<0,-100/$H$6,$H$6/100)-(1-$F$6)) | K6: =IF($H$6="","",MAX(0,($F$6*IF($H$6<0,-100/$H$6,$H$6/100)-(1-$F$6))/IF($H$6<0,-100/$H$6,$H$6/100))*'Settings'!$B$3) | L6: =IF($H$6="","",ROUND(MIN($K$6,'Settings'!$B$5)*'Settings'!$B$2,2)) | M6: =IF($J$6="","",IF($J$6<0,"Pass",IF($J$6<'Settings'!$B$4,"Thin",IF($J$6<0.06,"✅ Sharp band",IF($J$6<0.08,"Strong","⚠ Verify (stale?)"))))) | N6: Model 59.1% (fair -145). Your call. | P6: =IF(OR($H$6="",$O$6=""),"",(1+IF($H$6<0,-100/$H$6,$H$6/100))/(1+IF($O$6<0,-100/$O$6,$O$6/100))-1)
A7: 2026-07-09 | B7: Boston Red Sox @ Chicago White Sox | C7: 18:10 | D7: Total | E7: Under 9.5 | F7: 0.5644 | G7: -130 | H7: 120 | I7: =IF($H$7="","",IF($H$7<0,-$H$7/(-$H$7+100),100/($H$7+100))) | J7: =IF($H$7="","",$F$7*IF($H$7<0,-100/$H$7,$H$7/100)-(1-$F$7)) | K7: =IF($H$7="","",MAX(0,($F$7*IF($H$7<0,-100/$H$7,$H$7/100)-(1-$F$7))/IF($H$7<0,-100/$H$7,$H$7/100))*'Settings'!$B$3) | L7: =IF($H$7="","",ROUND(MIN($K$7,'Settings'!$B$5)*'Settings'!$B$2,2)) | M7: =IF($J$7="","",IF($J$7<0,"Pass",IF($J$7<'Settings'!$B$4,"Thin",IF($J$7<0.06,"✅ Sharp band",IF($J$7<0.08,"Strong","⚠ Verify (stale?)"))))) | N7: Model 56.4% (fair -130). Your call. | P7: =IF(OR($H$7="",$O$7=""),"",(1+IF($H$7<0,-100/$H$7,$H$7/100))/(1+IF($O$7<0,-100/$O$7,$O$7/100))-1)
A8: 2026-07-09 | B8: Seattle Storm @ Atlanta Dream | C8: 00:00 | D8: Moneyline | E8: Seattle Storm | F8: 0.2065 | G8: 384 | H8: 495 | I8: =IF($H$8="","",IF($H$8<0,-$H$8/(-$H$8+100),100/($H$8+100))) | J8: =IF($H$8="","",$F$8*IF($H$8<0,-100/$H$8,$H$8/100)-(1-$F$8)) | K8: =IF($H$8="","",MAX(0,($F$8*IF($H$8<0,-100/$H$8,$H$8/100)-(1-$F$8))/IF($H$8<0,-100/$H$8,$H$8/100))*'Settings'!$B$3) | L8: =IF($H$8="","",ROUND(MIN($K$8,'Settings'!$B$5)*'Settings'!$B$2,2)) | M8: =IF($J$8="","",IF($J$8<0,"Pass",IF($J$8<'Settings'!$B$4,"Thin",IF($J$8<0.06,"✅ Sharp band",IF($J$8<0.08,"Strong","⚠ Verify (stale?)"))))) | N8: Model 20.7% (fair +384). Your call. | P8: =IF(OR($H$8="",$O$8=""),"",(1+IF($H$8<0,-100/$H$8,$H$8/100))/(1+IF($O$8<0,-100/$O$8,$O$8/100))-1)
A9: 2026-07-09 | B9: Philadelphia Phillies @ Cincinnati Reds | C9: 23:10 | D9: Moneyline | E9: Philadelphia Phillies | F9: 0.7412 | G9: -286 | H9: -153 | I9: =IF($H$9="","",IF($H$9<0,-$H$9/(-$H$9+100),100/($H$9+100))) | J9: =IF($H$9="","",$F$9*IF($H$9<0,-100/$H$9,$H$9/100)-(1-$F$9)) | K9: =IF($H$9="","",MAX(0,($F$9*IF($H$9<0,-100/$H$9,$H$9/100)-(1-$F$9))/IF($H$9<0,-100/$H$9,$H$9/100))*'Settings'!$B$3) | L9: =IF($H$9="","",ROUND(MIN($K$9,'Settings'!$B$5)*'Settings'!$B$2,2)) | M9: =IF($J$9="","",IF($J$9<0,"Pass",IF($J$9<'Settings'!$B$4,"Thin",IF($J$9<0.06,"✅ Sharp band",IF($J$9<0.08,"Strong","⚠ Verify (stale?)"))))) | N9: Model 74.1% (fair -286). Your call. | P9: =IF(OR($H$9="",$O$9=""),"",(1+IF($H$9<0,-100/$H$9,$H$9/100))/(1+IF($O$9<0,-100/$O$9,$O$9/100))-1)
A10: 2026-07-09 | B10: Indiana Fever @ Phoenix Mercury | C10: 02:00 | D10: Total | E10: Over 171.5 | F10: 0.5771 | G10: -136 | H10: 104 | I10: =IF($H$10="","",IF($H$10<0,-$H$10/(-$H$10+100),100/($H$10+100))) | J10: =IF($H$10="","",$F$10*IF($H$10<0,-100/$H$10,$H$10/100)-(1-$F$10)) | K10: =IF($H$10="","",MAX(0,($F$10*IF($H$10<0,-100/$H$10,$H$10/100)-(1-$F$10))/IF($H$10<0,-100/$H$10,$H$10/100))*'Settings'!$B$3) | L10: =IF($H$10="","",ROUND(MIN($K$10,'Settings'!$B$5)*'Settings'!$B$2,2)) | M10: =IF($J$10="","",IF($J$10<0,"Pass",IF($J$10<'Settings'!$B$4,"Thin",IF($J$10<0.06,"✅ Sharp band",IF($J$10<0.08,"Strong","⚠ Verify (stale?)"))))) | N10: Model 57.7% (fair -136). Your call. | P10: =IF(OR($H$10="",$O$10=""),"",(1+IF($H$10<0,-100/$H$10,$H$10/100))/(1+IF($O$10<0,-100/$O$10,$O$10/100))-1)
A11: 2026-07-09 | B11: Indiana Fever @ Phoenix Mercury | C11: 02:00 | D11: Moneyline | E11: Indiana Fever | F11: 0.5663 | G11: -131 | H11: 104 | I11: =IF($H$11="","",IF($H$11<0,-$H$11/(-$H$11+100),100/($H$11+100))) | J11: =IF($H$11="","",$F$11*IF($H$11<0,-100/$H$11,$H$11/100)-(1-$F$11)) | K11: =IF($H$11="","",MAX(0,($F$11*IF($H$11<0,-100/$H$11,$H$11/100)-(1-$F$11))/IF($H$11<0,-100/$H$11,$H$11/100))*'Settings'!$B$3) | L11: =IF($H$11="","",ROUND(MIN($K$11,'Settings'!$B$5)*'Settings'!$B$2,2)) | M11: =IF($J$11="","",IF($J$11<0,"Pass",IF($J$11<'Settings'!$B$4,"Thin",IF($J$11<0.06,"✅ Sharp band",IF($J$11<0.08,"Strong","⚠ Verify (stale?)"))))) | N11: Model 56.6% (fair -131). Your call. | P11: =IF(OR($H$11="",$O$11=""),"",(1+IF($H$11<0,-100/$H$11,$H$11/100))/(1+IF($O$11<0,-100/$O$11,$O$11/100))-1)
A12: 2026-07-10 | B12: Golden State Valkyries @ Connecticut Sun | C12: 23:30 | D12: Total | E12: Over 154.5 | F12: 0.5767 | G12: -136 | H12: 100 | I12: =IF($H$12="","",IF($H$12<0,-$H$12/(-$H$12+100),100/($H$12+100))) | J12: =IF($H$12="","",$F$12*IF($H$12<0,-100/$H$12,$H$12/100)-(1-$F$12)) | K12: =IF($H$12="","",MAX(0,($F$12*IF($H$12<0,-100/$H$12,$H$12/100)-(1-$F$12))/IF($H$12<0,-100/$H$12,$H$12/100))*'Settings'!$B$3) | L12: =IF($H$12="","",ROUND(MIN($K$12,'Settings'!$B$5)*'Settings'!$B$2,2)) | M12: =IF($J$12="","",IF($J$12<0,"Pass",IF($J$12<'Settings'!$B$4,"Thin",IF($J$12<0.06,"✅ Sharp band",IF($J$12<0.08,"Strong","⚠ Verify (stale?)"))))) | N12: Model 57.7% (fair -136). Your call. | P12: =IF(OR($H$12="",$O$12=""),"",(1+IF($H$12<0,-100/$H$12,$H$12/100))/(1+IF($O$12<0,-100/$O$12,$O$12/100))-1)
A13: 2026-07-10 | B13: Atlanta Braves @ St. Louis Cardinals | C13: 00:15 | D13: Total | E13: Under 8.5 | F13: 0.5575 | G13: -126 | H13: 105 | I13: =IF($H$13="","",IF($H$13<0,-$H$13/(-$H$13+100),100/($H$13+100))) | J13: =IF($H$13="","",$F$13*IF($H$13<0,-100/$H$13,$H$13/100)-(1-$F$13)) | K13: =IF($H$13="","",MAX(0,($F$13*IF($H$13<0,-100/$H$13,$H$13/100)-(1-$F$13))/IF($H$13<0,-100/$H$13,$H$13/100))*'Settings'!$B$3) | L13: =IF($H$13="","",ROUND(MIN($K$13,'Settings'!$B$5)*'Settings'!$B$2,2)) | M13: =IF($J$13="","",IF($J$13<0,"Pass",IF($J$13<'Settings'!$B$4,"Thin",IF($J$13<0.06,"✅ Sharp band",IF($J$13<0.08,"Strong","⚠ Verify (stale?)"))))) | N13: Model 55.8% (fair -126). Your call. | P13: =IF(OR($H$13="",$O$13=""),"",(1+IF($H$13<0,-100/$H$13,$H$13/100))/(1+IF($O$13<0,-100/$O$13,$O$13/100))-1)
A14: 2026-07-09 | B14: Seattle Mariners @ Miami Marlins | C14: 22:40 | D14: Total | E14: Over 8.5 | F14: 0.5288 | G14: -112 | H14: 115 | I14: =IF($H$14="","",IF($H$14<0,-$H$14/(-$H$14+100),100/($H$14+100))) | J14: =IF($H$14="","",$F$14*IF($H$14<0,-100/$H$14,$H$14/100)-(1-$F$14)) | K14: =IF($H$14="","",MAX(0,($F$14*IF($H$14<0,-100/$H$14,$H$14/100)-(1-$F$14))/IF($H$14<0,-100/$H$14,$H$14/100))*'Settings'!$B$3) | L14: =IF($H$14="","",ROUND(MIN($K$14,'Settings'!$B$5)*'Settings'!$B$2,2)) | M14: =IF($J$14="","",IF($J$14<0,"Pass",IF($J$14<'Settings'!$B$4,"Thin",IF($J$14<0.06,"✅ Sharp band",IF($J$14<0.08,"Strong","⚠ Verify (stale?)"))))) | N14: Model 52.9% (fair -112). Your call. | P14: =IF(OR($H$14="",$O$14=""),"",(1+IF($H$14<0,-100/$H$14,$H$14/100))/(1+IF($O$14<0,-100/$O$14,$O$14/100))-1)
A15: 2026-07-10 | B15: New York Yankees @ Washington Nationals | C15: 22:45 | D15: Moneyline | E15: Washington Nationals | F15: 0.4771 | G15: 110 | H15: 136 | I15: =IF($H$15="","",IF($H$15<0,-$H$15/(-$H$15+100),100/($H$15+100))) | J15: =IF($H$15="","",$F$15*IF($H$15<0,-100/$H$15,$H$15/100)-(1-$F$15)) | K15: =IF($H$15="","",MAX(0,($F$15*IF($H$15<0,-100/$H$15,$H$15/100)-(1-$F$15))/IF($H$15<0,-100/$H$15,$H$15/100))*'Settings'!$B$3) | L15: =IF($H$15="","",ROUND(MIN($K$15,'Settings'!$B$5)*'Settings'!$B$2,2)) | M15: =IF($J$15="","",IF($J$15<0,"Pass",IF($J$15<'Settings'!$B$4,"Thin",IF($J$15<0.06,"✅ Sharp band",IF($J$15<0.08,"Strong","⚠ Verify (stale?)"))))) | N15: Model 47.7% (fair +110). Your call. | P15: =IF(OR($H$15="",$O$15=""),"",(1+IF($H$15<0,-100/$H$15,$H$15/100))/(1+IF($O$15<0,-100/$O$15,$O$15/100))-1)
A16: 2026-07-10 | B16: Kansas City Royals @ Baltimore Orioles | C16: 23:05 | D16: Total | E16: Under 10.5 | F16: 0.5616 | G16: -128 | H16: 100 | I16: =IF($H$16="","",IF($H$16<0,-$H$16/(-$H$16+100),100/($H$16+100))) | J16: =IF($H$16="","",$F$16*IF($H$16<0,-100/$H$16,$H$16/100)-(1-$F$16)) | K16: =IF($H$16="","",MAX(0,($F$16*IF($H$16<0,-100/$H$16,$H$16/100)-(1-$F$16))/IF($H$16<0,-100/$H$16,$H$16/100))*'Settings'!$B$3) | L16: =IF($H$16="","",ROUND(MIN($K$16,'Settings'!$B$5)*'Settings'!$B$2,2)) | M16: =IF($J$16="","",IF($J$16<0,"Pass",IF($J$16<'Settings'!$B$4,"Thin",IF($J$16<0.06,"✅ Sharp band",IF($J$16<0.08,"Strong","⚠ Verify (stale?)"))))) | N16: Model 56.2% (fair -128). Your call. | P16: =IF(OR($H$16="",$O$16=""),"",(1+IF($H$16<0,-100/$H$16,$H$16/100))/(1+IF($O$16<0,-100/$O$16,$O$16/100))-1)
A17: 2026-07-09 | B17: Indiana Fever @ Phoenix Mercury | C17: 02:00 | D17: Spread | E17: Indiana Fever +1.5 | F17: 0.5604 | G17: -127 | H17: 100 | I17: =IF($H$17="","",IF($H$17<0,-$H$17/(-$H$17+100),100/($H$17+100))) | J17: =IF($H$17="","",$F$17*IF($H$17<0,-100/$H$17,$H$17/100)-(1-$F$17)) | K17: =IF($H$17="","",MAX(0,($F$17*IF($H$17<0,-100/$H$17,$H$17/100)-(1-$F$17))/IF($H$17<0,-100/$H$17,$H$17/100))*'Settings'!$B$3) | L17: =IF($H$17="","",ROUND(MIN($K$17,'Settings'!$B$5)*'Settings'!$B$2,2)) | M17: =IF($J$17="","",IF($J$17<0,"Pass",IF($J$17<'Settings'!$B$4,"Thin",IF($J$17<0.06,"✅ Sharp band",IF($J$17<0.08,"Strong","⚠ Verify (stale?)"))))) | N17: Model 56.0% (fair -127). Your call. | P17: =IF(OR($H$17="",$O$17=""),"",(1+IF($H$17<0,-100/$H$17,$H$17/100))/(1+IF($O$17<0,-100/$O$17,$O$17/100))-1)
A18: 2026-07-09 | B18: Las Vegas Aces @ Portland Fire | C18: 02:00 | D18: Total | E18: Over 174.5 | F18: 0.5476 | G18: -121 | H18: 104 | I18: =IF($H$18="","",IF($H$18<0,-$H$18/(-$H$18+100),100/($H$18+100))) | J18: =IF($H$18="","",$F$18*IF($H$18<0,-100/$H$18,$H$18/100)-(1-$F$18)) | K18: =IF($H$18="","",MAX(0,($F$18*IF($H$18<0,-100/$H$18,$H$18/100)-(1-$F$18))/IF($H$18<0,-100/$H$18,$H$18/100))*'Settings'!$B$3) | L18: =IF($H$18="","",ROUND(MIN($K$18,'Settings'!$B$5)*'Settings'!$B$2,2)) | M18: =IF($J$18="","",IF($J$18<0,"Pass",IF($J$18<'Settings'!$B$4,"Thin",IF($J$18<0.06,"✅ Sharp band",IF($J$18<0.08,"Strong","⚠ Verify (stale?)"))))) | N18: Model 54.8% (fair -121). Your call. | P18: =IF(OR($H$18="",$O$18=""),"",(1+IF($H$18<0,-100/$H$18,$H$18/100))/(1+IF($O$18<0,-100/$O$18,$O$18/100))-1)
A19: 2026-07-09 | B19: Kansas City Royals @ New York Mets | C19: 17:10 | D19: Total | E19: Under 9.5 | F19: 0.542 | G19: -118 | H19: 106 | I19: =IF($H$19="","",IF($H$19<0,-$H$19/(-$H$19+100),100/($H$19+100))) | J19: =IF($H$19="","",$F$19*IF($H$19<0,-100/$H$19,$H$19/100)-(1-$F$19)) | K19: =IF($H$19="","",MAX(0,($F$19*IF($H$19<0,-100/$H$19,$H$19/100)-(1-$F$19))/IF($H$19<0,-100/$H$19,$H$19/100))*'Settings'!$B$3) | L19: =IF($H$19="","",ROUND(MIN($K$19,'Settings'!$B$5)*'Settings'!$B$2,2)) | M19: =IF($J$19="","",IF($J$19<0,"Pass",IF($J$19<'Settings'!$B$4,"Thin",IF($J$19<0.06,"✅ Sharp band",IF($J$19<0.08,"Strong","⚠ Verify (stale?)"))))) | N19: Model 54.2% (fair -118). Your call. | P19: =IF(OR($H$19="",$O$19=""),"",(1+IF($H$19<0,-100/$H$19,$H$19/100))/(1+IF($O$19<0,-100/$O$19,$O$19/100))-1)
A20: 2026-07-09 | B20: Athletics @ Detroit Tigers | C20: 22:40 | D20: Total | E20: Under 9.5 | F20: 0.5182 | G20: -108 | H20: 113 | I20: =IF($H$20="","",IF($H$20<0,-$H$20/(-$H$20+100),100/($H$20+100))) | J20: =IF($H$20="","",$F$20*IF($H$20<0,-100/$H$20,$H$20/100)-(1-$F$20)) | K20: =IF($H$20="","",MAX(0,($F$20*IF($H$20<0,-100/$H$20,$H$20/100)-(1-$F$20))/IF($H$20<0,-100/$H$20,$H$20/100))*'Settings'!$B$3) | L20: =IF($H$20="","",ROUND(MIN($K$20,'Settings'!$B$5)*'Settings'!$B$2,2)) | M20: =IF($J$20="","",IF($J$20<0,"Pass",IF($J$20<'Settings'!$B$4,"Thin",IF($J$20<0.06,"✅ Sharp band",IF($J$20<0.08,"Strong","⚠ Verify (stale?)"))))) | N20: Model 51.8% (fair -108). Your call. | P20: =IF(OR($H$20="",$O$20=""),"",(1+IF($H$20<0,-100/$H$20,$H$20/100))/(1+IF($O$20<0,-100/$O$20,$O$20/100))-1)
A21: 2026-07-10 | B21: Dallas Wings @ Toronto Tempo | C21: 23:30 | D21: Moneyline | E21: Toronto Tempo | F21: 0.2999 | G21: 233 | H21: 264 | I21: =IF($H$21="","",IF($H$21<0,-$H$21/(-$H$21+100),100/($H$21+100))) | J21: =IF($H$21="","",$F$21*IF($H$21<0,-100/$H$21,$H$21/100)-(1-$F$21)) | K21: =IF($H$21="","",MAX(0,($F$21*IF($H$21<0,-100/$H$21,$H$21/100)-(1-$F$21))/IF($H$21<0,-100/$H$21,$H$21/100))*'Settings'!$B$3) | L21: =IF($H$21="","",ROUND(MIN($K$21,'Settings'!$B$5)*'Settings'!$B$2,2)) | M21: =IF($J$21="","",IF($J$21<0,"Pass",IF($J$21<'Settings'!$B$4,"Thin",IF($J$21<0.06,"✅ Sharp band",IF($J$21<0.08,"Strong","⚠ Verify (stale?)"))))) | N21: Model 30.0% (fair +233). Your call. | P21: =IF(OR($H$21="",$O$21=""),"",(1+IF($H$21<0,-100/$H$21,$H$21/100))/(1+IF($O$21<0,-100/$O$21,$O$21/100))-1)
A22: 2026-07-10 | B22: Houston Astros @ Texas Rangers | C22: 00:05 | D22: Moneyline | E22: Texas Rangers | F22: 0.4894 | G22: 104 | H22: 122 | I22: =IF($H$22="","",IF($H$22<0,-$H$22/(-$H$22+100),100/($H$22+100))) | J22: =IF($H$22="","",$F$22*IF($H$22<0,-100/$H$22,$H$22/100)-(1-$F$22)) | K22: =IF($H$22="","",MAX(0,($F$22*IF($H$22<0,-100/$H$22,$H$22/100)-(1-$F$22))/IF($H$22<0,-100/$H$22,$H$22/100))*'Settings'!$B$3) | L22: =IF($H$22="","",ROUND(MIN($K$22,'Settings'!$B$5)*'Settings'!$B$2,2)) | M22: =IF($J$22="","",IF($J$22<0,"Pass",IF($J$22<'Settings'!$B$4,"Thin",IF($J$22<0.06,"✅ Sharp band",IF($J$22<0.08,"Strong","⚠ Verify (stale?)"))))) | N22: Model 48.9% (fair +104). Your call. | P22: =IF(OR($H$22="",$O$22=""),"",(1+IF($H$22<0,-100/$H$22,$H$22/100))/(1+IF($O$22<0,-100/$O$22,$O$22/100))-1)
A23: 2026-07-10 | B23: Chicago Sky @ Los Angeles Sparks | C23: 02:00 | D23: Moneyline | E23: Los Angeles Sparks | F23: 0.5529 | G23: -124 | H23: -104 | I23: =IF($H$23="","",IF($H$23<0,-$H$23/(-$H$23+100),100/($H$23+100))) | J23: =IF($H$23="","",$F$23*IF($H$23<0,-100/$H$23,$H$23/100)-(1-$F$23)) | K23: =IF($H$23="","",MAX(0,($F$23*IF($H$23<0,-100/$H$23,$H$23/100)-(1-$F$23))/IF($H$23<0,-100/$H$23,$H$23/100))*'Settings'!$B$3) | L23: =IF($H$23="","",ROUND(MIN($K$23,'Settings'!$B$5)*'Settings'!$B$2,2)) | M23: =IF($J$23="","",IF($J$23<0,"Pass",IF($J$23<'Settings'!$B$4,"Thin",IF($J$23<0.06,"✅ Sharp band",IF($J$23<0.08,"Strong","⚠ Verify (stale?)"))))) | N23: Model 55.3% (fair -124). Your call. | P23: =IF(OR($H$23="",$O$23=""),"",(1+IF($H$23<0,-100/$H$23,$H$23/100))/(1+IF($O$23<0,-100/$O$23,$O$23/100))-1)
A24: 2026-07-10 | B24: Dallas Wings @ Toronto Tempo | C24: 23:30 | D24: Spread | E24: Toronto Tempo +6.5 | F24: 0.5522 | G24: -123 | H24: -104 | I24: =IF($H$24="","",IF($H$24<0,-$H$24/(-$H$24+100),100/($H$24+100))) | J24: =IF($H$24="","",$F$24*IF($H$24<0,-100/$H$24,$H$24/100)-(1-$F$24)) | K24: =IF($H$24="","",MAX(0,($F$24*IF($H$24<0,-100/$H$24,$H$24/100)-(1-$F$24))/IF($H$24<0,-100/$H$24,$H$24/100))*'Settings'!$B$3) | L24: =IF($H$24="","",ROUND(MIN($K$24,'Settings'!$B$5)*'Settings'!$B$2,2)) | M24: =IF($J$24="","",IF($J$24<0,"Pass",IF($J$24<'Settings'!$B$4,"Thin",IF($J$24<0.06,"✅ Sharp band",IF($J$24<0.08,"Strong","⚠ Verify (stale?)"))))) | N24: Model 55.2% (fair -123). Your call. | P24: =IF(OR($H$24="",$O$24=""),"",(1+IF($H$24<0,-100/$H$24,$H$24/100))/(1+IF($O$24<0,-100/$O$24,$O$24/100))-1)
A25: 2026-07-09 | B25: Cleveland Guardians @ Minnesota Twins | C25: 17:40 | D25: Moneyline | E25: Minnesota Twins | F25: 0.5009 | G25: -100 | H25: 115 | I25: =IF($H$25="","",IF($H$25<0,-$H$25/(-$H$25+100),100/($H$25+100))) | J25: =IF($H$25="","",$F$25*IF($H$25<0,-100/$H$25,$H$25/100)-(1-$F$25)) | K25: =IF($H$25="","",MAX(0,($F$25*IF($H$25<0,-100/$H$25,$H$25/100)-(1-$F$25))/IF($H$25<0,-100/$H$25,$H$25/100))*'Settings'!$B$3) | L25: =IF($H$25="","",ROUND(MIN($K$25,'Settings'!$B$5)*'Settings'!$B$2,2)) | M25: =IF($J$25="","",IF($J$25<0,"Pass",IF($J$25<'Settings'!$B$4,"Thin",IF($J$25<0.06,"✅ Sharp band",IF($J$25<0.08,"Strong","⚠ Verify (stale?)"))))) | N25: Model 50.1% (fair -100). Your call. | P25: =IF(OR($H$25="",$O$25=""),"",(1+IF($H$25<0,-100/$H$25,$H$25/100))/(1+IF($O$25<0,-100/$O$25,$O$25/100))-1)
A26: 2026-07-09 | B26: Milwaukee Brewers @ St. Louis Cardinals | C26: 23:45 | D26: Moneyline | E26: St. Louis Cardinals | F26: 0.4764 | G26: 110 | H26: 125 | I26: =IF($H$26="","",IF($H$26<0,-$H$26/(-$H$26+100),100/($H$26+100))) | J26: =IF($H$26="","",$F$26*IF($H$26<0,-100/$H$26,$H$26/100)-(1-$F$26)) | K26: =IF($H$26="","",MAX(0,($F$26*IF($H$26<0,-100/$H$26,$H$26/100)-(1-$F$26))/IF($H$26<0,-100/$H$26,$H$26/100))*'Settings'!$B$3) | L26: =IF($H$26="","",ROUND(MIN($K$26,'Settings'!$B$5)*'Settings'!$B$2,2)) | M26: =IF($J$26="","",IF($J$26<0,"Pass",IF($J$26<'Settings'!$B$4,"Thin",IF($J$26<0.06,"✅ Sharp band",IF($J$26<0.08,"Strong","⚠ Verify (stale?)"))))) | N26: Model 47.6% (fair +110). Your call. | P26: =IF(OR($H$26="",$O$26=""),"",(1+IF($H$26<0,-100/$H$26,$H$26/100))/(1+IF($O$26<0,-100/$O$26,$O$26/100))-1)
A27: 2026-07-10 | B27: Chicago Cubs @ Cincinnati Reds | C27: 23:10 | D27: Total | E27: Over 9.5 | F27: 0.5151 | G27: -106 | H27: 108 | I27: =IF($H$27="","",IF($H$27<0,-$H$27/(-$H$27+100),100/($H$27+100))) | J27: =IF($H$27="","",$F$27*IF($H$27<0,-100/$H$27,$H$27/100)-(1-$F$27)) | K27: =IF($H$27="","",MAX(0,($F$27*IF($H$27<0,-100/$H$27,$H$27/100)-(1-$F$27))/IF($H$27<0,-100/$H$27,$H$27/100))*'Settings'!$B$3) | L27: =IF($H$27="","",ROUND(MIN($K$27,'Settings'!$B$5)*'Settings'!$B$2,2)) | M27: =IF($J$27="","",IF($J$27<0,"Pass",IF($J$27<'Settings'!$B$4,"Thin",IF($J$27<0.06,"✅ Sharp band",IF($J$27<0.08,"Strong","⚠ Verify (stale?)"))))) | N27: Model 51.5% (fair -106). Your call. | P27: =IF(OR($H$27="",$O$27=""),"",(1+IF($H$27<0,-100/$H$27,$H$27/100))/(1+IF($O$27<0,-100/$O$27,$O$27/100))-1)
A28: 2026-07-09 | B28: Athletics @ Detroit Tigers | C28: 22:40 | D28: Total | E28: Over 9.5 | F28: 0.4818 | G28: 108 | H28: 122 | I28: =IF($H$28="","",IF($H$28<0,-$H$28/(-$H$28+100),100/($H$28+100))) | J28: =IF($H$28="","",$F$28*IF($H$28<0,-100/$H$28,$H$28/100)-(1-$F$28)) | K28: =IF($H$28="","",MAX(0,($F$28*IF($H$28<0,-100/$H$28,$H$28/100)-(1-$F$28))/IF($H$28<0,-100/$H$28,$H$28/100))*'Settings'!$B$3) | L28: =IF($H$28="","",ROUND(MIN($K$28,'Settings'!$B$5)*'Settings'!$B$2,2)) | M28: =IF($J$28="","",IF($J$28<0,"Pass",IF($J$28<'Settings'!$B$4,"Thin",IF($J$28<0.06,"✅ Sharp band",IF($J$28<0.08,"Strong","⚠ Verify (stale?)"))))) | N28: Model 48.2% (fair +108). Your call. | P28: =IF(OR($H$28="",$O$28=""),"",(1+IF($H$28<0,-100/$H$28,$H$28/100))/(1+IF($O$28<0,-100/$O$28,$O$28/100))-1)
A29: 2026-07-09 | B29: Seattle Storm @ Atlanta Dream | C29: 00:00 | D29: Total | E29: Over 168.5 | F29: 0.5395 | G29: -117 | H29: -102 | I29: =IF($H$29="","",IF($H$29<0,-$H$29/(-$H$29+100),100/($H$29+100))) | J29: =IF($H$29="","",$F$29*IF($H$29<0,-100/$H$29,$H$29/100)-(1-$F$29)) | K29: =IF($H$29="","",MAX(0,($F$29*IF($H$29<0,-100/$H$29,$H$29/100)-(1-$F$29))/IF($H$29<0,-100/$H$29,$H$29/100))*'Settings'!$B$3) | L29: =IF($H$29="","",ROUND(MIN($K$29,'Settings'!$B$5)*'Settings'!$B$2,2)) | M29: =IF($J$29="","",IF($J$29<0,"Pass",IF($J$29<'Settings'!$B$4,"Thin",IF($J$29<0.06,"✅ Sharp band",IF($J$29<0.08,"Strong","⚠ Verify (stale?)"))))) | N29: Model 53.9% (fair -117). Your call. | P29: =IF(OR($H$29="",$O$29=""),"",(1+IF($H$29<0,-100/$H$29,$H$29/100))/(1+IF($O$29<0,-100/$O$29,$O$29/100))-1)

Sheet MLB Games
A1: MLB — game markets
A2: Moneyline · Total · Spread. Yellow = your price.
A4: Date | B4: Matchup | C4: Start | D4: Market | E4: Selection | F4: Model Win% | G4: Model Fair | H4: ✏ Your Odds | I4: Implied% | J4: Your Edge (EV) | K4: ¼-Kelly % | L4: Stake $ | M4: Verdict | N4: Model read | O4: ✏ Closing | P4: CLV %
A5: 2026-07-09 | B5: Atlanta Braves @ Pittsburgh Pirates | C5: 16:35 | D5: Moneyline | E5: Atlanta Braves | F5: 0.4735 | G5: 111 | H5: -102 | I5: =IF($H$5="","",IF($H$5<0,-$H$5/(-$H$5+100),100/($H$5+100))) | J5: =IF($H$5="","",$F$5*IF($H$5<0,-100/$H$5,$H$5/100)-(1-$F$5)) | K5: =IF($H$5="","",MAX(0,($F$5*IF($H$5<0,-100/$H$5,$H$5/100)-(1-$F$5))/IF($H$5<0,-100/$H$5,$H$5/100))*'Settings'!$B$3) | L5: =IF($H$5="","",ROUND(MIN($K$5,'Settings'!$B$5)*'Settings'!$B$2,2)) | M5: =IF($J$5="","",IF($J$5<0,"Pass",IF($J$5<'Settings'!$B$4,"Thin",IF($J$5<0.06,"✅ Sharp band",IF($J$5<0.08,"Strong","⚠ Verify (stale?)"))))) | N5: Model 47.4% (fair +111). Your call. | P5: =IF(OR($H$5="",$O$5=""),"",(1+IF($H$5<0,-100/$H$5,$H$5/100))/(1+IF($O$5<0,-100/$O$5,$O$5/100))-1)
A6: 2026-07-09 | B6: Atlanta Braves @ Pittsburgh Pirates | C6: 16:35 | D6: Moneyline | E6: Pittsburgh Pirates | F6: 0.5265 | G6: -111 | H6: 100 | I6: =IF($H$6="","",IF($H$6<0,-$H$6/(-$H$6+100),100/($H$6+100))) | J6: =IF($H$6="","",$F$6*IF($H$6<0,-100/$H$6,$H$6/100)-(1-$F$6)) | K6: =IF($H$6="","",MAX(0,($F$6*IF($H$6<0,-100/$H$6,$H$6/100)-(1-$F$6))/IF($H$6<0,-100/$H$6,$H$6/100))*'Settings'!$B$3) | L6: =IF($H$6="","",ROUND(MIN($K$6,'Settings'!$B$5)*'Settings'!$B$2,2)) | M6: =IF($J$6="","",IF($J$6<0,"Pass",IF($J$6<'Settings'!$B$4,"Thin",IF($J$6<0.06,"✅ Sharp band",IF($J$6<0.08,"Strong","⚠ Verify (stale?)"))))) | N6: Model 52.6% (fair -111). Your call. | P6: =IF(OR($H$6="",$O$6=""),"",(1+IF($H$6<0,-100/$H$6,$H$6/100))/(1+IF($O$6<0,-100/$O$6,$O$6/100))-1)
A7: 2026-07-09 | B7: Atlanta Braves @ Pittsburgh Pirates | C7: 16:35 | D7: Total | E7: Over 10.5 | F7: 0.4086 | G7: 145 | H7: 113 | I7: =IF($H$7="","",IF($H$7<0,-$H$7/(-$H$7+100),100/($H$7+100))) | J7: =IF($H$7="","",$F$7*IF($H$7<0,-100/$H$7,$H$7/100)-(1-$F$7)) | K7: =IF($H$7="","",MAX(0,($F$7*IF($H$7<0,-100/$H$7,$H$7/100)-(1-$F$7))/IF($H$7<0,-100/$H$7,$H$7/100))*'Settings'!$B$3) | L7: =IF($H$7="","",ROUND(MIN($K$7,'Settings'!$B$5)*'Settings'!$B$2,2)) | M7: =IF($J$7="","",IF($J$7<0,"Pass",IF($J$7<'Settings'!$B$4,"Thin",IF($J$7<0.06,"✅ Sharp band",IF($J$7<0.08,"Strong","⚠ Verify (stale?)"))))) | N7: Model 40.9% (fair +145). Your call. | P7: =IF(OR($H$7="",$O$7=""),"",(1+IF($H$7<0,-100/$H$7,$H$7/100))/(1+IF($O$7<0,-100/$O$7,$O$7/100))-1)
A8: 2026-07-09 | B8: Atlanta Braves @ Pittsburgh Pirates | C8: 16:35 | D8: Total | E8: Under 10.5 | F8: 0.5914 | G8: -145 | H8: 115 | I8: =IF($H$8="","",IF($H$8<0,-$H$8/(-$H$8+100),100/($H$8+100))) | J8: =IF($H$8="","",$F$8*IF($H$8<0,-100/$H$8,$H$8/100)-(1-$F$8)) | K8: =IF($H$8="","",MAX(0,($F$8*IF($H$8<0,-100/$H$8,$H$8/100)-(1-$F$8))/IF($H$8<0,-100/$H$8,$H$8/100))*'Settings'!$B$3) | L8: =IF($H$8="","",ROUND(MIN($K$8,'Settings'!$B$5)*'Settings'!$B$2,2)) | M8: =IF($J$8="","",IF($J$8<0,"Pass",IF($J$8<'Settings'!$B$4,"Thin",IF($J$8<0.06,"✅ Sharp band",IF($J$8<0.08,"Strong","⚠ Verify (stale?)"))))) | N8: Model 59.1% (fair -145). Your call. | P8: =IF(OR($H$8="",$O$8=""),"",(1+IF($H$8<0,-100/$H$8,$H$8/100))/(1+IF($O$8<0,-100/$O$8,$O$8/100))-1)
A9: 2026-07-09 | B9: Atlanta Braves @ Pittsburgh Pirates | C9: 16:35 | D9: Spread | E9: Pittsburgh Pirates +1.5 | F9: 0.6147 | G9: -160 | H9: -144 | I9: =IF($H$9="","",IF($H$9<0,-$H$9/(-$H$9+100),100/($H$9+100))) | J9: =IF($H$9="","",$F$9*IF($H$9<0,-100/$H$9,$H$9/100)-(1-$F$9)) | K9: =IF($H$9="","",MAX(0,($F$9*IF($H$9<0,-100/$H$9,$H$9/100)-(1-$F$9))/IF($H$9<0,-100/$H$9,$H$9/100))*'Settings'!$B$3) | L9: =IF($H$9="","",ROUND(MIN($K$9,'Settings'!$B$5)*'Settings'!$B$2,2)) | M9: =IF($J$9="","",IF($J$9<0,"Pass",IF($J$9<'Settings'!$B$4,"Thin",IF($J$9<0.06,"✅ Sharp band",IF($J$9<0.08,"Strong","⚠ Verify (stale?)"))))) | N9: Model 61.5% (fair -160). Your call. | P9: =IF(OR($H$9="",$O$9=""),"",(1+IF($H$9<0,-100/$H$9,$H$9/100))/(1+IF($O$9<0,-100/$O$9,$O$9/100))-1)
A10: 2026-07-09 | B10: Atlanta Braves @ Pittsburgh Pirates | C10: 16:35 | D10: Spread | E10: Atlanta Braves -1.5 | F10: 0.3853 | G10: 160 | H10: 144 | I10: =IF($H$10="","",IF($H$10<0,-$H$10/(-$H$10+100),100/($H$10+100))) | J10: =IF($H$10="","",$F$10*IF($H$10<0,-100/$H$10,$H$10/100)-(1-$F$10)) | K10: =IF($H$10="","",MAX(0,($F$10*IF($H$10<0,-100/$H$10,$H$10/100)-(1-$F$10))/IF($H$10<0,-100/$H$10,$H$10/100))*'Settings'!$B$3) | L10: =IF($H$10="","",ROUND(MIN($K$10,'Settings'!$B$5)*'Settings'!$B$2,2)) | M10: =IF($J$10="","",IF($J$10<0,"Pass",IF($J$10<'Settings'!$B$4,"Thin",IF($J$10<0.06,"✅ Sharp band",IF($J$10<0.08,"Strong","⚠ Verify (stale?)"))))) | N10: Model 38.5% (fair +160). Your call. | P10: =IF(OR($H$10="",$O$10=""),"",(1+IF($H$10<0,-100/$H$10,$H$10/100))/(1+IF($O$10<0,-100/$O$10,$O$10/100))-1)
A11: 2026-07-09 | B11: Kansas City Royals @ New York Mets | C11: 17:10 | D11: Moneyline | E11: Kansas City Royals | F11: 0.4343 | G11: 130 | H11: 127 | I11: =IF($H$11="","",IF($H$11<0,-$H$11/(-$H$11+100),100/($H$11+100))) | J11: =IF($H$11="","",$F$11*IF($H$11<0,-100/$H$11,$H$11/100)-(1-$F$11)) | K11: =IF($H$11="","",MAX(0,($F$11*IF($H$11<0,-100/$H$11,$H$11/100)-(1-$F$11))/IF($H$11<0,-100/$H$11,$H$11/100))*'Settings'!$B$3) | L11: =IF($H$11="","",ROUND(MIN($K$11,'Settings'!$B$5)*'Settings'!$B$2,2)) | M11: =IF($J$11="","",IF($J$11<0,"Pass",IF($J$11<'Settings'!$B$4,"Thin",IF($J$11<0.06,"✅ Sharp band",IF($J$11<0.08,"Strong","⚠ Verify (stale?)"))))) | N11: Model 43.4% (fair +130). Your call. | P11: =IF(OR($H$11="",$O$11=""),"",(1+IF($H$11<0,-100/$H$11,$H$11/100))/(1+IF($O$11<0,-100/$O$11,$O$11/100))-1)
A12: 2026-07-09 | B12: Kansas City Royals @ New York Mets | C12: 17:10 | D12: Moneyline | E12: New York Mets | F12: 0.5657 | G12: -130 | H12: -127 | I12: =IF($H$12="","",IF($H$12<0,-$H$12/(-$H$12+100),100/($H$12+100))) | J12: =IF($H$12="","",$F$12*IF($H$12<0,-100/$H$12,$H$12/100)-(1-$F$12)) | K12: =IF($H$12="","",MAX(0,($F$12*IF($H$12<0,-100/$H$12,$H$12/100)-(1-$F$12))/IF($H$12<0,-100/$H$12,$H$12/100))*'Settings'!$B$3) | L12: =IF($H$12="","",ROUND(MIN($K$12,'Settings'!$B$5)*'Settings'!$B$2,2)) | M12: =IF($J$12="","",IF($J$12<0,"Pass",IF($J$12<'Settings'!$B$4,"Thin",IF($J$12<0.06,"✅ Sharp band",IF($J$12<0.08,"Strong","⚠ Verify (stale?)"))))) | N12: Model 56.6% (fair -130). Your call. | P12: =IF(OR($H$12="",$O$12=""),"",(1+IF($H$12<0,-100/$H$12,$H$12/100))/(1+IF($O$12<0,-100/$O$12,$O$12/100))-1)
A13: 2026-07-09 | B13: Kansas City Royals @ New York Mets | C13: 17:10 | D13: Total | E13: Over 9.5 | F13: 0.458 | G13: 118 | H13: 113 | I13: =IF($H$13="","",IF($H$13<0,-$H$13/(-$H$13+100),100/($H$13+100))) | J13: =IF($H$13="","",$F$13*IF($H$13<0,-100/$H$13,$H$13/100)-(1-$F$13)) | K13: =IF($H$13="","",MAX(0,($F$13*IF($H$13<0,-100/$H$13,$H$13/100)-(1-$F$13))/IF($H$13<0,-100/$H$13,$H$13/100))*'Settings'!$B$3) | L13: =IF($H$13="","",ROUND(MIN($K$13,'Settings'!$B$5)*'Settings'!$B$2,2)) | M13: =IF($J$13="","",IF($J$13<0,"Pass",IF($J$13<'Settings'!$B$4,"Thin",IF($J$13<0.06,"✅ Sharp band",IF($J$13<0.08,"Strong","⚠ Verify (stale?)"))))) | N13: Model 45.8% (fair +118). Your call. | P13: =IF(OR($H$13="",$O$13=""),"",(1+IF($H$13<0,-100/$H$13,$H$13/100))/(1+IF($O$13<0,-100/$O$13,$O$13/100))-1)
A14: 2026-07-09 | B14: Kansas City Royals @ New York Mets | C14: 17:10 | D14: Total | E14: Under 9.5 | F14: 0.542 | G14: -118 | H14: 106 | I14: =IF($H$14="","",IF($H$14<0,-$H$14/(-$H$14+100),100/($H$14+100))) | J14: =IF($H$14="","",$F$14*IF($H$14<0,-100/$H$14,$H$14/100)-(1-$F$14)) | K14: =IF($H$14="","",MAX(0,($F$14*IF($H$14<0,-100/$H$14,$H$14/100)-(1-$F$14))/IF($H$14<0,-100/$H$14,$H$14/100))*'Settings'!$B$3) | L14: =IF($H$14="","",ROUND(MIN($K$14,'Settings'!$B$5)*'Settings'!$B$2,2)) | M14: =IF($J$14="","",IF($J$14<0,"Pass",IF($J$14<'Settings'!$B$4,"Thin",IF($J$14<0.06,"✅ Sharp band",IF($J$14<0.08,"Strong","⚠ Verify (stale?)"))))) | N14: Model 54.2% (fair -118). Your call. | P14: =IF(OR($H$14="",$O$14=""),"",(1+IF($H$14<0,-100/$H$14,$H$14/100))/(1+IF($O$14<0,-100/$O$14,$O$14/100))-1)
A15: 2026-07-09 | B15: Kansas City Royals @ New York Mets | C15: 17:10 | D15: Spread | E15: New York Mets -1.5 | F15: 0.3921 | G15: 155 | H15: 153 | I15: =IF($H$15="","",IF($H$15<0,-$H$15/(-$H$15+100),100/($H$15+100))) | J15: =IF($H$15="","",$F$15*IF($H$15<0,-100/$H$15,$H$15/100)-(1-$F$15)) | K15: =IF($H$15="","",MAX(0,($F$15*IF($H$15<0,-100/$H$15,$H$15/100)-(1-$F$15))/IF($H$15<0,-100/$H$15,$H$15/100))*'Settings'!$B$3) | L15: =IF($H$15="","",ROUND(MIN($K$15,'Settings'!$B$5)*'Settings'!$B$2,2)) | M15: =IF($J$15="","",IF($J$15<0,"Pass",IF($J$15<'Settings'!$B$4,"Thin",IF($J$15<0.06,"✅ Sharp band",IF($J$15<0.08,"Strong","⚠ Verify (stale?)"))))) | N15: Model 39.2% (fair +155). Your call. | P15: =IF(OR($H$15="",$O$15=""),"",(1+IF($H$15<0,-100/$H$15,$H$15/100))/(1+IF($O$15<0,-100/$O$15,$O$15/100))-1)
A16: 2026-07-09 | B16: Kansas City Royals @ New York Mets | C16: 17:10 | D16: Spread | E16: Kansas City Royals +1.5 | F16: 0.6079 | G16: -155 | H16: -156 | I16: =IF($H$16="","",IF($H$16<0,-$H$16/(-$H$16+100),100/($H$16+100))) | J16: =IF($H$16="","",$F$16*IF($H$16<0,-100/$H$16,$H$16/100)-(1-$F$16)) | K16: =IF($H$16="","",MAX(0,($F$16*IF($H$16<0,-100/$H$16,$H$16/100)-(1-$F$16))/IF($H$16<0,-100/$H$16,$H$16/100))*'Settings'!$B$3) | L16: =IF($H$16="","",ROUND(MIN($K$16,'Settings'!$B$5)*'Settings'!$B$2,2)) | M16: =IF($J$16="","",IF($J$16<0,"Pass",IF($J$16<'Settings'!$B$4,"Thin",IF($J$16<0.06,"✅ Sharp band",IF($J$16<0.08,"Strong","⚠ Verify (stale?)"))))) | N16: Model 60.8% (fair -155). Your call. | P16: =IF(OR($H$16="",$O$16=""),"",(1+IF($H$16<0,-100/$H$16,$H$16/100))/(1+IF($O$16<0,-100/$O$16,$O$16/100))-1)
A17: 2026-07-09 | B17: New York Yankees @ Tampa Bay Rays | C17: 17:10 | D17: Moneyline | E17: New York Yankees | F17: 0.4257 | G17: 135 | H17: 136 | I17: =IF($H$17="","",IF($H$17<0,-$H$17/(-$H$17+100),100/($H$17+100))) | J17: =IF($H$17="","",$F$17*IF($H$17<0,-100/$H$17,$H$17/100)-(1-$F$17)) | K17: =IF($H$17="","",MAX(0,($F$17*IF($H$17<0,-100/$H$17,$H$17/100)-(1-$F$17))/IF($H$17<0,-100/$H$17,$H$17/100))*'Settings'!$B$3) | L17: =IF($H$17="","",ROUND(MIN($K$17,'Settings'!$B$5)*'Settings'!$B$2,2)) | M17: =IF($J$17="","",IF($J$17<0,"Pass",IF($J$17<'Settings'!$B$4,"Thin",IF($J$17<0.06,"✅ Sharp band",IF($J$17<0.08,"Strong","⚠ Verify (stale?)"))))) | N17: Model 42.6% (fair +135). Your call. | P17: =IF(OR($H$17="",$O$17=""),"",(1+IF($H$17<0,-100/$H$17,$H$17/100))/(1+IF($O$17<0,-100/$O$17,$O$17/100))-1)
A18: 2026-07-09 | B18: New York Yankees @ Tampa Bay Rays | C18: 17:10 | D18: Moneyline | E18: Tampa Bay Rays | F18: 0.5743 | G18: -135 | H18: -135 | I18: =IF($H$18="","",IF($H$18<0,-$H$18/(-$H$18+100),100/($H$18+100))) | J18: =IF($H$18="","",$F$18*IF($H$18<0,-100/$H$18,$H$18/100)-(1-$F$18)) | K18: =IF($H$18="","",MAX(0,($F$18*IF($H$18<0,-100/$H$18,$H$18/100)-(1-$F$18))/IF($H$18<0,-100/$H$18,$H$18/100))*'Settings'!$B$3) | L18: =IF($H$18="","",ROUND(MIN($K$18,'Settings'!$B$5)*'Settings'!$B$2,2)) | M18: =IF($J$18="","",IF($J$18<0,"Pass",IF($J$18<'Settings'!$B$4,"Thin",IF($J$18<0.06,"✅ Sharp band",IF($J$18<0.08,"Strong","⚠ Verify (stale?)"))))) | N18: Model 57.4% (fair -135). Your call. | P18: =IF(OR($H$18="",$O$18=""),"",(1+IF($H$18<0,-100/$H$18,$H$18/100))/(1+IF($O$18<0,-100/$O$18,$O$18/100))-1)
A19: 2026-07-09 | B19: New York Yankees @ Tampa Bay Rays | C19: 17:10 | D19: Total | E19: Over 7.5 | F19: 0.5201 | G19: -108 | H19: 104 | I19: =IF($H$19="","",IF($H$19<0,-$H$19/(-$H$19+100),100/($H$19+100))) | J19: =IF($H$19="","",$F$19*IF($H$19<0,-100/$H$19,$H$19/100)-(1-$F$19)) | K19: =IF($H$19="","",MAX(0,($F$19*IF($H$19<0,-100/$H$19,$H$19/100)-(1-$F$19))/IF($H$19<0,-100/$H$19,$H$19/100))*'Settings'!$B$3) | L19: =IF($H$19="","",ROUND(MIN($K$19,'Settings'!$B$5)*'Settings'!$B$2,2)) | M19: =IF($J$19="","",IF($J$19<0,"Pass",IF($J$19<'Settings'!$B$4,"Thin",IF($J$19<0.06,"✅ Sharp band",IF($J$19<0.08,"Strong","⚠ Verify (stale?)"))))) | N19: Model 52.0% (fair -108). Your call. | P19: =IF(OR($H$19="",$O$19=""),"",(1+IF($H$19<0,-100/$H$19,$H$19/100))/(1+IF($O$19<0,-100/$O$19,$O$19/100))-1)
A20: 2026-07-09 | B20: New York Yankees @ Tampa Bay Rays | C20: 17:10 | D20: Total | E20: Under 7.5 | F20: 0.4799 | G20: 108 | H20: -104 | I20: =IF($H$20="","",IF($H$20<0,-$H$20/(-$H$20+100),100/($H$20+100))) | J20: =IF($H$20="","",$F$20*IF($H$20<0,-100/$H$20,$H$20/100)-(1-$F$20)) | K20: =IF($H$20="","",MAX(0,($F$20*IF($H$20<0,-100/$H$20,$H$20/100)-(1-$F$20))/IF($H$20<0,-100/$H$20,$H$20/100))*'Settings'!$B$3) | L20: =IF($H$20="","",ROUND(MIN($K$20,'Settings'!$B$5)*'Settings'!$B$2,2)) | M20: =IF($J$20="","",IF($J$20<0,"Pass",IF($J$20<'Settings'!$B$4,"Thin",IF($J$20<0.06,"✅ Sharp band",IF($J$20<0.08,"Strong","⚠ Verify (stale?)"))))) | N20: Model 48.0% (fair +108). Your call. | P20: =IF(OR($H$20="",$O$20=""),"",(1+IF($H$20<0,-100/$H$20,$H$20/100))/(1+IF($O$20<0,-100/$O$20,$O$20/100))-1)
A21: 2026-07-09 | B21: New York Yankees @ Tampa Bay Rays | C21: 17:10 | D21: Spread | E21: Tampa Bay Rays -1.5 | F21: 0.3893 | G21: 157 | H21: 153 | I21: =IF($H$21="","",IF($H$21<0,-$H$21/(-$H$21+100),100/($H$21+100))) | J21: =IF($H$21="","",$F$21*IF($H$21<0,-100/$H$21,$H$21/100)-(1-$F$21)) | K21: =IF($H$21="","",MAX(0,($F$21*IF($H$21<0,-100/$H$21,$H$21/100)-(1-$F$21))/IF($H$21<0,-100/$H$21,$H$21/100))*'Settings'!$B$3) | L21: =IF($H$21="","",ROUND(MIN($K$21,'Settings'!$B$5)*'Settings'!$B$2,2)) | M21: =IF($J$21="","",IF($J$21<0,"Pass",IF($J$21<'Settings'!$B$4,"Thin",IF($J$21<0.06,"✅ Sharp band",IF($J$21<0.08,"Strong","⚠ Verify (stale?)"))))) | N21: Model 38.9% (fair +157). Your call. | P21: =IF(OR($H$21="",$O$21=""),"",(1+IF($H$21<0,-100/$H$21,$H$21/100))/(1+IF($O$21<0,-100/$O$21,$O$21/100))-1)
A22: 2026-07-09 | B22: New York Yankees @ Tampa Bay Rays | C22: 17:10 | D22: Spread | E22: New York Yankees +1.5 | F22: 0.6107 | G22: -157 | H22: -156 | I22: =IF($H$22="","",IF($H$22<0,-$H$22/(-$H$22+100),100/($H$22+100))) | J22: =IF($H$22="","",$F$22*IF($H$22<0,-100/$H$22,$H$22/100)-(1-$F$22)) | K22: =IF($H$22="","",MAX(0,($F$22*IF($H$22<0,-100/$H$22,$H$22/100)-(1-$F$22))/IF($H$22<0,-100/$H$22,$H$22/100))*'Settings'!$B$3) | L22: =IF($H$22="","",ROUND(MIN($K$22,'Settings'!$B$5)*'Settings'!$B$2,2)) | M22: =IF($J$22="","",IF($J$22<0,"Pass",IF($J$22<'Settings'!$B$4,"Thin",IF($J$22<0.06,"✅ Sharp band",IF($J$22<0.08,"Strong","⚠ Verify (stale?)"))))) | N22: Model 61.1% (fair -157). Your call. | P22: =IF(OR($H$22="",$O$22=""),"",(1+IF($H$22<0,-100/$H$22,$H$22/100))/(1+IF($O$22<0,-100/$O$22,$O$22/100))-1)
A23: 2026-07-09 | B23: Chicago Cubs @ Baltimore Orioles | C23: 17:35 | D23: Moneyline | E23: Chicago Cubs | F23: 0.4566 | G23: 119 | H23: 120 | I23: =IF($H$23="","",IF($H$23<0,-$H$23/(-$H$23+100),100/($H$23+100))) | J23: =IF($H$23="","",$F$23*IF($H$23<0,-100/$H$23,$H$23/100)-(1-$F$23)) | K23: =IF($H$23="","",MAX(0,($F$23*IF($H$23<0,-100/$H$23,$H$23/100)-(1-$F$23))/IF($H$23<0,-100/$H$23,$H$23/100))*'Settings'!$B$3) | L23: =IF($H$23="","",ROUND(MIN($K$23,'Settings'!$B$5)*'Settings'!$B$2,2)) | M23: =IF($J$23="","",IF($J$23<0,"Pass",IF($J$23<'Settings'!$B$4,"Thin",IF($J$23<0.06,"✅ Sharp band",IF($J$23<0.08,"Strong","⚠ Verify (stale?)"))))) | N23: Model 45.7% (fair +119). Your call. | P23: =IF(OR($H$23="",$O$23=""),"",(1+IF($H$23<0,-100/$H$23,$H$23/100))/(1+IF($O$23<0,-100/$O$23,$O$23/100))-1)
A24: 2026-07-09 | B24: Chicago Cubs @ Baltimore Orioles | C24: 17:35 | D24: Moneyline | E24: Baltimore Orioles | F24: 0.5434 | G24: -119 | H24: -117 | I24: =IF($H$24="","",IF($H$24<0,-$H$24/(-$H$24+100),100/($H$24+100))) | J24: =IF($H$24="","",$F$24*IF($H$24<0,-100/$H$24,$H$24/100)-(1-$F$24)) | K24: =IF($H$24="","",MAX(0,($F$24*IF($H$24<0,-100/$H$24,$H$24/100)-(1-$F$24))/IF($H$24<0,-100/$H$24,$H$24/100))*'Settings'!$B$3) | L24: =IF($H$24="","",ROUND(MIN($K$24,'Settings'!$B$5)*'Settings'!$B$2,2)) | M24: =IF($J$24="","",IF($J$24<0,"Pass",IF($J$24<'Settings'!$B$4,"Thin",IF($J$24<0.06,"✅ Sharp band",IF($J$24<0.08,"Strong","⚠ Verify (stale?)"))))) | N24: Model 54.3% (fair -119). Your call. | P24: =IF(OR($H$24="",$O$24=""),"",(1+IF($H$24<0,-100/$H$24,$H$24/100))/(1+IF($O$24<0,-100/$O$24,$O$24/100))-1)
A25: 2026-07-09 | B25: Chicago Cubs @ Baltimore Orioles | C25: 17:35 | D25: Total | E25: Over 10 | F25: 0.4512 | G25: 122 | H25: 102 | I25: =IF($H$25="","",IF($H$25<0,-$H$25/(-$H$25+100),100/($H$25+100))) | J25: =IF($H$25="","",$F$25*IF($H$25<0,-100/$H$25,$H$25/100)-(1-$F$25)) | K25: =IF($H$25="","",MAX(0,($F$25*IF($H$25<0,-100/$H$25,$H$25/100)-(1-$F$25))/IF($H$25<0,-100/$H$25,$H$25/100))*'Settings'!$B$3) | L25: =IF($H$25="","",ROUND(MIN($K$25,'Settings'!$B$5)*'Settings'!$B$2,2)) | M25: =IF($J$25="","",IF($J$25<0,"Pass",IF($J$25<'Settings'!$B$4,"Thin",IF($J$25<0.06,"✅ Sharp band",IF($J$25<0.08,"Strong","⚠ Verify (stale?)"))))) | N25: Model 45.1% (fair +122). Your call. | P25: =IF(OR($H$25="",$O$25=""),"",(1+IF($H$25<0,-100/$H$25,$H$25/100))/(1+IF($O$25<0,-100/$O$25,$O$25/100))-1)
A26: 2026-07-09 | B26: Chicago Cubs @ Baltimore Orioles | C26: 17:35 | D26: Total | E26: Under 10 | F26: 0.4668 | G26: 114 | H26: 106 | I26: =IF($H$26="","",IF($H$26<0,-$H$26/(-$H$26+100),100/($H$26+100))) | J26: =IF($H$26="","",$F$26*IF($H$26<0,-100/$H$26,$H$26/100)-(1-$F$26)) | K26: =IF($H$26="","",MAX(0,($F$26*IF($H$26<0,-100/$H$26,$H$26/100)-(1-$F$26))/IF($H$26<0,-100/$H$26,$H$26/100))*'Settings'!$B$3) | L26: =IF($H$26="","",ROUND(MIN($K$26,'Settings'!$B$5)*'Settings'!$B$2,2)) | M26: =IF($J$26="","",IF($J$26<0,"Pass",IF($J$26<'Settings'!$B$4,"Thin",IF($J$26<0.06,"✅ Sharp band",IF($J$26<0.08,"Strong","⚠ Verify (stale?)"))))) | N26: Model 46.7% (fair +114). Your call. | P26: =IF(OR($H$26="",$O$26=""),"",(1+IF($H$26<0,-100/$H$26,$H$26/100))/(1+IF($O$26<0,-100/$O$26,$O$26/100))-1)
A27: 2026-07-09 | B27: Chicago Cubs @ Baltimore Orioles | C27: 17:35 | D27: Spread | E27: Baltimore Orioles -1.5 | F27: 0.3653 | G27: 174 | H27: 163 | I27: =IF($H$27="","",IF($H$27<0,-$H$27/(-$H$27+100),100/($H$27+100))) | J27: =IF($H$27="","",$F$27*IF($H$27<0,-100/$H$27,$H$27/100)-(1-$F$27)) | K27: =IF($H$27="","",MAX(0,($F$27*IF($H$27<0,-100/$H$27,$H$27/100)-(1-$F$27))/IF($H$27<0,-100/$H$27,$H$27/100))*'Settings'!$B$3) | L27: =IF($H$27="","",ROUND(MIN($K$27,'Settings'!$B$5)*'Settings'!$B$2,2)) | M27: =IF($J$27="","",IF($J$27<0,"Pass",IF($J$27<'Settings'!$B$4,"Thin",IF($J$27<0.06,"✅ Sharp band",IF($J$27<0.08,"Strong","⚠ Verify (stale?)"))))) | N27: Model 36.5% (fair +174). Your call. | P27: =IF(OR($H$27="",$O$27=""),"",(1+IF($H$27<0,-100/$H$27,$H$27/100))/(1+IF($O$27<0,-100/$O$27,$O$27/100))-1)
A28: 2026-07-09 | B28: Chicago Cubs @ Baltimore Orioles | C28: 17:35 | D28: Spread | E28: Chicago Cubs +1.5 | F28: 0.6347 | G28: -174 | H28: -170 | I28: =IF($H$28="","",IF($H$28<0,-$H$28/(-$H$28+100),100/($H$28+100))) | J28: =IF($H$28="","",$F$28*IF($H$28<0,-100/$H$28,$H$28/100)-(1-$F$28)) | K28: =IF($H$28="","",MAX(0,($F$28*IF($H$28<0,-100/$H$28,$H$28/100)-(1-$F$28))/IF($H$28<0,-100/$H$28,$H$28/100))*'Settings'!$B$3) | L28: =IF($H$28="","",ROUND(MIN($K$28,'Settings'!$B$5)*'Settings'!$B$2,2)) | M28: =IF($J$28="","",IF($J$28<0,"Pass",IF($J$28<'Settings'!$B$4,"Thin",IF($J$28<0.06,"✅ Sharp band",IF($J$28<0.08,"Strong","⚠ Verify (stale?)"))))) | N28: Model 63.5% (fair -174). Your call. | P28: =IF(OR($H$28="",$O$28=""),"",(1+IF($H$28<0,-100/$H$28,$H$28/100))/(1+IF($O$28<0,-100/$O$28,$O$28/100))-1)
A29: 2026-07-09 | B29: Cleveland Guardians @ Minnesota Twins | C29: 17:40 | D29: Moneyline | E29: Cleveland Guardians | F29: 0.4991 | G29: 100 | H29: -115 | I29: =IF($H$29="","",IF($H$29<0,-$H$29/(-$H$29+100),100/($H$29+100))) | J29: =IF($H$29="","",$F$29*IF($H$29<0,-100/$H$29,$H$29/100)-(1-$F$29)) | K29: =IF($H$29="","",MAX(0,($F$29*IF($H$29<0,-100/$H$29,$H$29/100)-(1-$F$29))/IF($H$29<0,-100/$H$29,$H$29/100))*'Settings'!$B$3) | L29: =IF($H$29="","",ROUND(MIN($K$29,'Settings'!$B$5)*'Settings'!$B$2,2)) | M29: =IF($J$29="","",IF($J$29<0,"Pass",IF($J$29<'Settings'!$B$4,"Thin",IF($J$29<0.06,"✅ Sharp band",IF($J$29<0.08,"Strong","⚠ Verify (stale?)"))))) | N29: Model 49.9% (fair +100). Your call. | P29: =IF(OR($H$29="",$O$29=""),"",(1+IF($H$29<0,-100/$H$29,$H$29/100))/(1+IF($O$29<0,-100/$O$29,$O$29/100))-1)
A30: 2026-07-09 | B30: Cleveland Guardians @ Minnesota Twins | C30: 17:40 | D30: Moneyline | E30: Minnesota Twins | F30: 0.5009 | G30: -100 | H30: 115 | I30: =IF($H$30="","",IF($H$30<0,-$H$30/(-$H$30+100),100/($H$30+100))) | J30: =IF($H$30="","",$F$30*IF($H$30<0,-100/$H$30,$H$30/100)-(1-$F$30)) | K30: =IF($H$30="","",MAX(0,($F$30*IF($H$30<0,-100/$H$30,$H$30/100)-(1-$F$30))/IF($H$30<0,-100/$H$30,$H$30/100))*'Settings'!$B$3) | L30: =IF($H$30="","",ROUND(MIN($K$30,'Settings'!$B$5)*'Settings'!$B$2,2)) | M30: =IF($J$30="","",IF($J$30<0,"Pass",IF($J$30<'Settings'!$B$4,"Thin",IF($J$30<0.06,"✅ Sharp band",IF($J$30<0.08,"Strong","⚠ Verify (stale?)"))))) | N30: Model 50.1% (fair -100). Your call. | P30: =IF(OR($H$30="",$O$30=""),"",(1+IF($H$30<0,-100/$H$30,$H$30/100))/(1+IF($O$30<0,-100/$O$30,$O$30/100))-1)
A31: 2026-07-09 | B31: Cleveland Guardians @ Minnesota Twins | C31: 17:40 | D31: Total | E31: Over 8.5 | F31: 0.5151 | G31: -106 | H31: -104 | I31: =IF($H$31="","",IF($H$31<0,-$H$31/(-$H$31+100),100/($H$31+100))) | J31: =IF($H$31="","",$F$31*IF($H$31<0,-100/$H$31,$H$31/100)-(1-$F$31)) | K31: =IF($H$31="","",MAX(0,($F$31*IF($H$31<0,-100/$H$31,$H$31/100)-(1-$F$31))/IF($H$31<0,-100/$H$31,$H$31/100))*'Settings'!$B$3) | L31: =IF($H$31="","",ROUND(MIN($K$31,'Settings'!$B$5)*'Settings'!$B$2,2)) | M31: =IF($J$31="","",IF($J$31<0,"Pass",IF($J$31<'Settings'!$B$4,"Thin",IF($J$31<0.06,"✅ Sharp band",IF($J$31<0.08,"Strong","⚠ Verify (stale?)"))))) | N31: Model 51.5% (fair -106). Your call. | P31: =IF(OR($H$31="",$O$31=""),"",(1+IF($H$31<0,-100/$H$31,$H$31/100))/(1+IF($O$31<0,-100/$O$31,$O$31/100))-1)
A32: 2026-07-09 | B32: Cleveland Guardians @ Minnesota Twins | C32: 17:40 | D32: Total | E32: Under 8.5 | F32: 0.4849 | G32: 106 | H32: 104 | I32: =IF($H$32="","",IF($H$32<0,-$H$32/(-$H$32+100),100/($H$32+100))) | J32: =IF($H$32="","",$F$32*IF($H$32<0,-100/$H$32,$H$32/100)-(1-$F$32)) | K32: =IF($H$32="","",MAX(0,($F$32*IF($H$32<0,-100/$H$32,$H$32/100)-(1-$F$32))/IF($H$32<0,-100/$H$32,$H$32/100))*'Settings'!$B$3) | L32: =IF($H$32="","",ROUND(MIN($K$32,'Settings'!$B$5)*'Settings'!$B$2,2)) | M32: =IF($J$32="","",IF($J$32<0,"Pass",IF($J$32<'Settings'!$B$4,"Thin",IF($J$32<0.06,"✅ Sharp band",IF($J$32<0.08,"Strong","⚠ Verify (stale?)"))))) | N32: Model 48.5% (fair +106). Your call. | P32: =IF(OR($H$32="",$O$32=""),"",(1+IF($H$32<0,-100/$H$32,$H$32/100))/(1+IF($O$32<0,-100/$O$32,$O$32/100))-1)
A33: 2026-07-09 | B33: Cleveland Guardians @ Minnesota Twins | C33: 17:40 | D33: Spread | E33: Minnesota Twins +1.5 | F33: 0.6111 | G33: -157 | H33: -144 | I33: =IF($H$33="","",IF($H$33<0,-$H$33/(-$H$33+100),100/($H$33+100))) | J33: =IF($H$33="","",$F$33*IF($H$33<0,-100/$H$33,$H$33/100)-(1-$F$33)) | K33: =IF($H$33="","",MAX(0,($F$33*IF($H$33<0,-100/$H$33,$H$33/100)-(1-$F$33))/IF($H$33<0,-100/$H$33,$H$33/100))*'Settings'!$B$3) | L33: =IF($H$33="","",ROUND(MIN($K$33,'Settings'!$B$5)*'Settings'!$B$2,2)) | M33: =IF($J$33="","",IF($J$33<0,"Pass",IF($J$33<'Settings'!$B$4,"Thin",IF($J$33<0.06,"✅ Sharp band",IF($J$33<0.08,"Strong","⚠ Verify (stale?)"))))) | N33: Model 61.1% (fair -157). Your call. | P33: =IF(OR($H$33="",$O$33=""),"",(1+IF($H$33<0,-100/$H$33,$H$33/100))/(1+IF($O$33<0,-100/$O$33,$O$33/100))-1)
A34: 2026-07-09 | B34: Cleveland Guardians @ Minnesota Twins | C34: 17:40 | D34: Spread | E34: Cleveland Guardians -1.5 | F34: 0.3889 | G34: 157 | H34: 147 | I34: =IF($H$34="","",IF($H$34<0,-$H$34/(-$H$34+100),100/($H$34+100))) | J34: =IF($H$34="","",$F$34*IF($H$34<0,-100/$H$34,$H$34/100)-(1-$F$34)) | K34: =IF($H$34="","",MAX(0,($F$34*IF($H$34<0,-100/$H$34,$H$34/100)-(1-$F$34))/IF($H$34<0,-100/$H$34,$H$34/100))*'Settings'!$B$3) | L34: =IF($H$34="","",ROUND(MIN($K$34,'Settings'!$B$5)*'Settings'!$B$2,2)) | M34: =IF($J$34="","",IF($J$34<0,"Pass",IF($J$34<'Settings'!$B$4,"Thin",IF($J$34<0.06,"✅ Sharp band",IF($J$34<0.08,"Strong","⚠ Verify (stale?)"))))) | N34: Model 38.9% (fair +157). Your call. | P34: =IF(OR($H$34="",$O$34=""),"",(1+IF($H$34<0,-100/$H$34,$H$34/100))/(1+IF($O$34<0,-100/$O$34,$O$34/100))-1)
A35: 2026-07-09 | B35: Boston Red Sox @ Chicago White Sox | C35: 18:10 | D35: Moneyline | E35: Boston Red Sox | F35: 0.4832 | G35: 107 | H35: 104 | I35: =IF($H$35="","",IF($H$35<0,-$H$35/(-$H$35+100),100/($H$35+100))) | J35: =IF($H$35="","",$F$35*IF($H$35<0,-100/$H$35,$H$35/100)-(1-$F$35)) | K35: =IF($H$35="","",MAX(0,($F$35*IF($H$35<0,-100/$H$35,$H$35/100)-(1-$F$35))/IF($H$35<0,-100/$H$35,$H$35/100))*'Settings'!$B$3) | L35: =IF($H$35="","",ROUND(MIN($K$35,'Settings'!$B$5)*'Settings'!$B$2,2)) | M35: =IF($J$35="","",IF($J$35<0,"Pass",IF($J$35<'Settings'!$B$4,"Thin",IF($J$35<0.06,"✅ Sharp band",IF($J$35<0.08,"Strong","⚠ Verify (stale?)"))))) | N35: Model 48.3% (fair +107). Your call. | P35: =IF(OR($H$35="",$O$35=""),"",(1+IF($H$35<0,-100/$H$35,$H$35/100))/(1+IF($O$35<0,-100/$O$35,$O$35/100))-1)
A36: 2026-07-09 | B36: Boston Red Sox @ Chicago White Sox | C36: 18:10 | D36: Moneyline | E36: Chicago White Sox | F36: 0.5168 | G36: -107 | H36: 104 | I36: =IF($H$36="","",IF($H$36<0,-$H$36/(-$H$36+100),100/($H$36+100))) | J36: =IF($H$36="","",$F$36*IF($H$36<0,-100/$H$36,$H$36/100)-(1-$F$36)) | K36: =IF($H$36="","",MAX(0,($F$36*IF($H$36<0,-100/$H$36,$H$36/100)-(1-$F$36))/IF($H$36<0,-100/$H$36,$H$36/100))*'Settings'!$B$3) | L36: =IF($H$36="","",ROUND(MIN($K$36,'Settings'!$B$5)*'Settings'!$B$2,2)) | M36: =IF($J$36="","",IF($J$36<0,"Pass",IF($J$36<'Settings'!$B$4,"Thin",IF($J$36<0.06,"✅ Sharp band",IF($J$36<0.08,"Strong","⚠ Verify (stale?)"))))) | N36: Model 51.7% (fair -107). Your call. | P36: =IF(OR($H$36="",$O$36=""),"",(1+IF($H$36<0,-100/$H$36,$H$36/100))/(1+IF($O$36<0,-100/$O$36,$O$36/100))-1)
A37: 2026-07-09 | B37: Boston Red Sox @ Chicago White Sox | C37: 18:10 | D37: Total | E37: Over 9.5 | F37: 0.4356 | G37: 130 | H37: 117 | I37: =IF($H$37="","",IF($H$37<0,-$H$37/(-$H$37+100),100/($H$37+100))) | J37: =IF($H$37="","",$F$37*IF($H$37<0,-100/$H$37,$H$37/100)-(1-$F$37)) | K37: =IF($H$37="","",MAX(0,($F$37*IF($H$37<0,-100/$H$37,$H$37/100)-(1-$F$37))/IF($H$37<0,-100/$H$37,$H$37/100))*'Settings'!$B$3) | L37: =IF($H$37="","",ROUND(MIN($K$37,'Settings'!$B$5)*'Settings'!$B$2,2)) | M37: =IF($J$37="","",IF($J$37<0,"Pass",IF($J$37<'Settings'!$B$4,"Thin",IF($J$37<0.06,"✅ Sharp band",IF($J$37<0.08,"Strong","⚠ Verify (stale?)"))))) | N37: Model 43.6% (fair +130). Your call. | P37: =IF(OR($H$37="",$O$37=""),"",(1+IF($H$37<0,-100/$H$37,$H$37/100))/(1+IF($O$37<0,-100/$O$37,$O$37/100))-1)
A38: 2026-07-09 | B38: Boston Red Sox @ Chicago White Sox | C38: 18:10 | D38: Total | E38: Under 9.5 | F38: 0.5644 | G38: -130 | H38: 120 | I38: =IF($H$38="","",IF($H$38<0,-$H$38/(-$H$38+100),100/($H$38+100))) | J38: =IF($H$38="","",$F$38*IF($H$38<0,-100/$H$38,$H$38/100)-(1-$F$38)) | K38: =IF($H$38="","",MAX(0,($F$38*IF($H$38<0,-100/$H$38,$H$38/100)-(1-$F$38))/IF($H$38<0,-100/$H$38,$H$38/100))*'Settings'!$B$3) | L38: =IF($H$38="","",ROUND(MIN($K$38,'Settings'!$B$5)*'Settings'!$B$2,2)) | M38: =IF($J$38="","",IF($J$38<0,"Pass",IF($J$38<'Settings'!$B$4,"Thin",IF($J$38<0.06,"✅ Sharp band",IF($J$38<0.08,"Strong","⚠ Verify (stale?)"))))) | N38: Model 56.4% (fair -130). Your call. | P38: =IF(OR($H$38="",$O$38=""),"",(1+IF($H$38<0,-100/$H$38,$H$38/100))/(1+IF($O$38<0,-100/$O$38,$O$38/100))-1)
A39: 2026-07-09 | B39: Boston Red Sox @ Chicago White Sox | C39: 18:10 | D39: Spread | E39: Chicago White Sox -1.5 | F39: 0.3624 | G39: 176 | H39: 170 | I39: =IF($H$39="","",IF($H$39<0,-$H$39/(-$H$39+100),100/($H$39+100))) | J39: =IF($H$39="","",$F$39*IF($H$39<0,-100/$H$39,$H$39/100)-(1-$F$39)) | K39: =IF($H$39="","",MAX(0,($F$39*IF($H$39<0,-100/$H$39,$H$39/100)-(1-$F$39))/IF($H$39<0,-100/$H$39,$H$39/100))*'Settings'!$B$3) | L39: =IF($H$39="","",ROUND(MIN($K$39,'Settings'!$B$5)*'Settings'!$B$2,2)) | M39: =IF($J$39="","",IF($J$39<0,"Pass",IF($J$39<'Settings'!$B$4,"Thin",IF($J$39<0.06,"✅ Sharp band",IF($J$39<0.08,"Strong","⚠ Verify (stale?)"))))) | N39: Model 36.2% (fair +176). Your call. | P39: =IF(OR($H$39="",$O$39=""),"",(1+IF($H$39<0,-100/$H$39,$H$39/100))/(1+IF($O$39<0,-100/$O$39,$O$39/100))-1)
A40: 2026-07-09 | B40: Boston Red Sox @ Chicago White Sox | C40: 18:10 | D40: Spread | E40: Boston Red Sox +1.5 | F40: 0.6376 | G40: -176 | H40: 170 | I40: =IF($H$40="","",IF($H$40<0,-$H$40/(-$H$40+100),100/($H$40+100))) | J40: =IF($H$40="","",$F$40*IF($H$40<0,-100/$H$40,$H$40/100)-(1-$F$40)) | K40: =IF($H$40="","",MAX(0,($F$40*IF($H$40<0,-100/$H$40,$H$40/100)-(1-$F$40))/IF($H$40<0,-100/$H$40,$H$40/100))*'Settings'!$B$3) | L40: =IF($H$40="","",ROUND(MIN($K$40,'Settings'!$B$5)*'Settings'!$B$2,2)) | M40: =IF($J$40="","",IF($J$40<0,"Pass",IF($J$40<'Settings'!$B$4,"Thin",IF($J$40<0.06,"✅ Sharp band",IF($J$40<0.08,"Strong","⚠ Verify (stale?)"))))) | N40: Model 63.8% (fair -176). Your call. | P40: =IF(OR($H$40="",$O$40=""),"",(1+IF($H$40<0,-100/$H$40,$H$40/100))/(1+IF($O$40<0,-100/$O$40,$O$40/100))-1)
A41: 2026-07-09 | B41: Athletics @ Detroit Tigers | C41: 22:40 | D41: Moneyline | E41: Athletics | F41: 0.4586 | G41: 118 | H41: 117 | I41: =IF($H$41="","",IF($H$41<0,-$H$41/(-$H$41+100),100/($H$41+100))) | J41: =IF($H$41="","",$F$41*IF($H$41<0,-100/$H$41,$H$41/100)-(1-$F$41)) | K41: =IF($H$41="","",MAX(0,($F$41*IF($H$41<0,-100/$H$41,$H$41/100)-(1-$F$41))/IF($H$41<0,-100/$H$41,$H$41/100))*'Settings'!$B$3) | L41: =IF($H$41="","",ROUND(MIN($K$41,'Settings'!$B$5)*'Settings'!$B$2,2)) | M41: =IF($J$41="","",IF($J$41<0,"Pass",IF($J$41<'Settings'!$B$4,"Thin",IF($J$41<0.06,"✅ Sharp band",IF($J$41<0.08,"Strong","⚠ Verify (stale?)"))))) | N41: Model 45.9% (fair +118). Your call. | P41: =IF(OR($H$41="",$O$41=""),"",(1+IF($H$41<0,-100/$H$41,$H$41/100))/(1+IF($O$41<0,-100/$O$41,$O$41/100))-1)
A42: 2026-07-09 | B42: Athletics @ Detroit Tigers | C42: 22:40 | D42: Moneyline | E42: Detroit Tigers | F42: 0.5414 | G42: -118 | H42: -117 | I42: =IF($H$42="","",IF($H$42<0,-$H$42/(-$H$42+100),100/($H$42+100))) | J42: =IF($H$42="","",$F$42*IF($H$42<0,-100/$H$42,$H$42/100)-(1-$F$42)) | K42: =IF($H$42="","",MAX(0,($F$42*IF($H$42<0,-100/$H$42,$H$42/100)-(1-$F$42))/IF($H$42<0,-100/$H$42,$H$42/100))*'Settings'!$B$3) | L42: =IF($H$42="","",ROUND(MIN($K$42,'Settings'!$B$5)*'Settings'!$B$2,2)) | M42: =IF($J$42="","",IF($J$42<0,"Pass",IF($J$42<'Settings'!$B$4,"Thin",IF($J$42<0.06,"✅ Sharp band",IF($J$42<0.08,"Strong","⚠ Verify (stale?)"))))) | N42: Model 54.1% (fair -118). Your call. | P42: =IF(OR($H$42="",$O$42=""),"",(1+IF($H$42<0,-100/$H$42,$H$42/100))/(1+IF($O$42<0,-100/$O$42,$O$42/100))-1)
A43: 2026-07-09 | B43: Athletics @ Detroit Tigers | C43: 22:40 | D43: Total | E43: Over 9.5 | F43: 0.4818 | G43: 108 | H43: 122 | I43: =IF($H$43="","",IF($H$43<0,-$H$43/(-$H$43+100),100/($H$43+100))) | J43: =IF($H$43="","",$F$43*IF($H$43<0,-100/$H$43,$H$43/100)-(1-$F$43)) | K43: =IF($H$43="","",MAX(0,($F$43*IF($H$43<0,-100/$H$43,$H$43/100)-(1-$F$43))/IF($H$43<0,-100/$H$43,$H$43/100))*'Settings'!$B$3) | L43: =IF($H$43="","",ROUND(MIN($K$43,'Settings'!$B$5)*'Settings'!$B$2,2)) | M43: =IF($J$43="","",IF($J$43<0,"Pass",IF($J$43<'Settings'!$B$4,"Thin",IF($J$43<0.06,"✅ Sharp band",IF($J$43<0.08,"Strong","⚠ Verify (stale?)"))))) | N43: Model 48.2% (fair +108). Your call. | P43: =IF(OR($H$43="",$O$43=""),"",(1+IF($H$43<0,-100/$H$43,$H$43/100))/(1+IF($O$43<0,-100/$O$43,$O$43/100))-1)
A44: 2026-07-09 | B44: Athletics @ Detroit Tigers | C44: 22:40 | D44: Total | E44: Under 9.5 | F44: 0.5182 | G44: -108 | H44: 113 | I44: =IF($H$44="","",IF($H$44<0,-$H$44/(-$H$44+100),100/($H$44+100))) | J44: =IF($H$44="","",$F$44*IF($H$44<0,-100/$H$44,$H$44/100)-(1-$F$44)) | K44: =IF($H$44="","",MAX(0,($F$44*IF($H$44<0,-100/$H$44,$H$44/100)-(1-$F$44))/IF($H$44<0,-100/$H$44,$H$44/100))*'Settings'!$B$3) | L44: =IF($H$44="","",ROUND(MIN($K$44,'Settings'!$B$5)*'Settings'!$B$2,2)) | M44: =IF($J$44="","",IF($J$44<0,"Pass",IF($J$44<'Settings'!$B$4,"Thin",IF($J$44<0.06,"✅ Sharp band",IF($J$44<0.08,"Strong","⚠ Verify (stale?)"))))) | N44: Model 51.8% (fair -108). Your call. | P44: =IF(OR($H$44="",$O$44=""),"",(1+IF($H$44<0,-100/$H$44,$H$44/100))/(1+IF($O$44<0,-100/$O$44,$O$44/100))-1)
A45: 2026-07-09 | B45: Athletics @ Detroit Tigers | C45: 22:40 | D45: Spread | E45: Detroit Tigers -1.5 | F45: 0.3682 | G45: 172 | H45: 167 | I45: =IF($H$45="","",IF($H$45<0,-$H$45/(-$H$45+100),100/($H$45+100))) | J45: =IF($H$45="","",$F$45*IF($H$45<0,-100/$H$45,$H$45/100)-(1-$F$45)) | K45: =IF($H$45="","",MAX(0,($F$45*IF($H$45<0,-100/$H$45,$H$45/100)-(1-$F$45))/IF($H$45<0,-100/$H$45,$H$45/100))*'Settings'!$B$3) | L45: =IF($H$45="","",ROUND(MIN($K$45,'Settings'!$B$5)*'Settings'!$B$2,2)) | M45: =IF($J$45="","",IF($J$45<0,"Pass",IF($J$45<'Settings'!$B$4,"Thin",IF($J$45<0.06,"✅ Sharp band",IF($J$45<0.08,"Strong","⚠ Verify (stale?)"))))) | N45: Model 36.8% (fair +172). Your call. | P45: =IF(OR($H$45="",$O$45=""),"",(1+IF($H$45<0,-100/$H$45,$H$45/100))/(1+IF($O$45<0,-100/$O$45,$O$45/100))-1)
A46: 2026-07-09 | B46: Athletics @ Detroit Tigers | C46: 22:40 | D46: Spread | E46: Athletics +1.5 | F46: 0.6318 | G46: -172 | H46: -163 | I46: =IF($H$46="","",IF($H$46<0,-$H$46/(-$H$46+100),100/($H$46+100))) | J46: =IF($H$46="","",$F$46*IF($H$46<0,-100/$H$46,$H$46/100)-(1-$F$46)) | K46: =IF($H$46="","",MAX(0,($F$46*IF($H$46<0,-100/$H$46,$H$46/100)-(1-$F$46))/IF($H$46<0,-100/$H$46,$H$46/100))*'Settings'!$B$3) | L46: =IF($H$46="","",ROUND(MIN($K$46,'Settings'!$B$5)*'Settings'!$B$2,2)) | M46: =IF($J$46="","",IF($J$46<0,"Pass",IF($J$46<'Settings'!$B$4,"Thin",IF($J$46<0.06,"✅ Sharp band",IF($J$46<0.08,"Strong","⚠ Verify (stale?)"))))) | N46: Model 63.2% (fair -172). Your call. | P46: =IF(OR($H$46="",$O$46=""),"",(1+IF($H$46<0,-100/$H$46,$H$46/100))/(1+IF($O$46<0,-100/$O$46,$O$46/100))-1)
A47: 2026-07-09 | B47: Seattle Mariners @ Miami Marlins | C47: 22:40 | D47: Moneyline | E47: Seattle Mariners | F47: 0.5066 | G47: -103 | H47: -117 | I47: =IF($H$47="","",IF($H$47<0,-$H$47/(-$H$47+100),100/($H$47+100))) | J47: =IF($H$47="","",$F$47*IF($H$47<0,-100/$H$47,$H$47/100)-(1-$F$47)) | K47: =IF($H$47="","",MAX(0,($F$47*IF($H$47<0,-100/$H$47,$H$47/100)-(1-$F$47))/IF($H$47<0,-100/$H$47,$H$47/100))*'Settings'!$B$3) | L47: =IF($H$47="","",ROUND(MIN($K$47,'Settings'!$B$5)*'Settings'!$B$2,2)) | M47: =IF($J$47="","",IF($J$47<0,"Pass",IF($J$47<'Settings'!$B$4,"Thin",IF($J$47<0.06,"✅ Sharp band",IF($J$47<0.08,"Strong","⚠ Verify (stale?)"))))) | N47: Model 50.7% (fair -103). Your call. | P47: =IF(OR($H$47="",$O$47=""),"",(1+IF($H$47<0,-100/$H$47,$H$47/100))/(1+IF($O$47<0,-100/$O$47,$O$47/100))-1)
A48: 2026-07-09 | B48: Seattle Mariners @ Miami Marlins | C48: 22:40 | D48: Moneyline | E48: Miami Marlins | F48: 0.4934 | G48: 103 | H48: 115 | I48: =IF($H$48="","",IF($H$48<0,-$H$48/(-$H$48+100),100/($H$48+100))) | J48: =IF($H$48="","",$F$48*IF($H$48<0,-100/$H$48,$H$48/100)-(1-$F$48)) | K48: =IF($H$48="","",MAX(0,($F$48*IF($H$48<0,-100/$H$48,$H$48/100)-(1-$F$48))/IF($H$48<0,-100/$H$48,$H$48/100))*'Settings'!$B$3) | L48: =IF($H$48="","",ROUND(MIN($K$48,'Settings'!$B$5)*'Settings'!$B$2,2)) | M48: =IF($J$48="","",IF($J$48<0,"Pass",IF($J$48<'Settings'!$B$4,"Thin",IF($J$48<0.06,"✅ Sharp band",IF($J$48<0.08,"Strong","⚠ Verify (stale?)"))))) | N48: Model 49.3% (fair +103). Your call. | P48: =IF(OR($H$48="",$O$48=""),"",(1+IF($H$48<0,-100/$H$48,$H$48/100))/(1+IF($O$48<0,-100/$O$48,$O$48/100))-1)
A49: 2026-07-09 | B49: Seattle Mariners @ Miami Marlins | C49: 22:40 | D49: Total | E49: Over 8.5 | F49: 0.5288 | G49: -112 | H49: 115 | I49: =IF($H$49="","",IF($H$49<0,-$H$49/(-$H$49+100),100/($H$49+100))) | J49: =IF($H$49="","",$F$49*IF($H$49<0,-100/$H$49,$H$49/100)-(1-$F$49)) | K49: =IF($H$49="","",MAX(0,($F$49*IF($H$49<0,-100/$H$49,$H$49/100)-(1-$F$49))/IF($H$49<0,-100/$H$49,$H$49/100))*'Settings'!$B$3) | L49: =IF($H$49="","",ROUND(MIN($K$49,'Settings'!$B$5)*'Settings'!$B$2,2)) | M49: =IF($J$49="","",IF($J$49<0,"Pass",IF($J$49<'Settings'!$B$4,"Thin",IF($J$49<0.06,"✅ Sharp band",IF($J$49<0.08,"Strong","⚠ Verify (stale?)"))))) | N49: Model 52.9% (fair -112). Your call. | P49: =IF(OR($H$49="",$O$49=""),"",(1+IF($H$49<0,-100/$H$49,$H$49/100))/(1+IF($O$49<0,-100/$O$49,$O$49/100))-1)
A50: 2026-07-09 | B50: Seattle Mariners @ Miami Marlins | C50: 22:40 | D50: Total | E50: Under 8.5 | F50: 0.4712 | G50: 112 | H50: 105 | I50: =IF($H$50="","",IF($H$50<0,-$H$50/(-$H$50+100),100/($H$50+100))) | J50: =IF($H$50="","",$F$50*IF($H$50<0,-100/$H$50,$H$50/100)-(1-$F$50)) | K50: =IF($H$50="","",MAX(0,($F$50*IF($H$50<0,-100/$H$50,$H$50/100)-(1-$F$50))/IF($H$50<0,-100/$H$50,$H$50/100))*'Settings'!$B$3) | L50: =IF($H$50="","",ROUND(MIN($K$50,'Settings'!$B$5)*'Settings'!$B$2,2)) | M50: =IF($J$50="","",IF($J$50<0,"Pass",IF($J$50<'Settings'!$B$4,"Thin",IF($J$50<0.06,"✅ Sharp band",IF($J$50<0.08,"Strong","⚠ Verify (stale?)"))))) | N50: Model 47.1% (fair +112). Your call. | P50: =IF(OR($H$50="",$O$50=""),"",(1+IF($H$50<0,-100/$H$50,$H$50/100))/(1+IF($O$50<0,-100/$O$50,$O$50/100))-1)
A51: 2026-07-09 | B51: Seattle Mariners @ Miami Marlins | C51: 22:40 | D51: Spread | E51: Miami Marlins +1.5 | F51: 0.6057 | G51: -154 | H51: -144 | I51: =IF($H$51="","",IF($H$51<0,-$H$51/(-$H$51+100),100/($H$51+100))) | J51: =IF($H$51="","",$F$51*IF($H$51<0,-100/$H$51,$H$51/100)-(1-$F$51)) | K51: =IF($H$51="","",MAX(0,($F$51*IF($H$51<0,-100/$H$51,$H$51/100)-(1-$F$51))/IF($H$51<0,-100/$H$51,$H$51/100))*'Settings'!$B$3) | L51: =IF($H$51="","",ROUND(MIN($K$51,'Settings'!$B$5)*'Settings'!$B$2,2)) | M51: =IF($J$51="","",IF($J$51<0,"Pass",IF($J$51<'Settings'!$B$4,"Thin",IF($J$51<0.06,"✅ Sharp band",IF($J$51<0.08,"Strong","⚠ Verify (stale?)"))))) | N51: Model 60.6% (fair -154). Your call. | P51: =IF(OR($H$51="",$O$51=""),"",(1+IF($H$51<0,-100/$H$51,$H$51/100))/(1+IF($O$51<0,-100/$O$51,$O$51/100))-1)
A52: 2026-07-09 | B52: Seattle Mariners @ Miami Marlins | C52: 22:40 | D52: Spread | E52: Seattle Mariners -1.5 | F52: 0.3943 | G52: 154 | H52: 144 | I52: =IF($H$52="","",IF($H$52<0,-$H$52/(-$H$52+100),100/($H$52+100))) | J52: =IF($H$52="","",$F$52*IF($H$52<0,-100/$H$52,$H$52/100)-(1-$F$52)) | K52: =IF($H$52="","",MAX(0,($F$52*IF($H$52<0,-100/$H$52,$H$52/100)-(1-$F$52))/IF($H$52<0,-100/$H$52,$H$52/100))*'Settings'!$B$3) | L52: =IF($H$52="","",ROUND(MIN($K$52,'Settings'!$B$5)*'Settings'!$B$2,2)) | M52: =IF($J$52="","",IF($J$52<0,"Pass",IF($J$52<'Settings'!$B$4,"Thin",IF($J$52<0.06,"✅ Sharp band",IF($J$52<0.08,"Strong","⚠ Verify (stale?)"))))) | N52: Model 39.4% (fair +154). Your call. | P52: =IF(OR($H$52="",$O$52=""),"",(1+IF($H$52<0,-100/$H$52,$H$52/100))/(1+IF($O$52<0,-100/$O$52,$O$52/100))-1)
A53: 2026-07-09 | B53: Philadelphia Phillies @ Cincinnati Reds | C53: 23:10 | D53: Moneyline | E53: Philadelphia Phillies | F53: 0.7412 | G53: -286 | H53: -153 | I53: =IF($H$53="","",IF($H$53<0,-$H$53/(-$H$53+100),100/($H$53+100))) | J53: =IF($H$53="","",$F$53*IF($H$53<0,-100/$H$53,$H$53/100)-(1-$F$53)) | K53: =IF($H$53="","",MAX(0,($F$53*IF($H$53<0,-100/$H$53,$H$53/100)-(1-$F$53))/IF($H$53<0,-100/$H$53,$H$53/100))*'Settings'!$B$3) | L53: =IF($H$53="","",ROUND(MIN($K$53,'Settings'!$B$5)*'Settings'!$B$2,2)) | M53: =IF($J$53="","",IF($J$53<0,"Pass",IF($J$53<'Settings'!$B$4,"Thin",IF($J$53<0.06,"✅ Sharp band",IF($J$53<0.08,"Strong","⚠ Verify (stale?)"))))) | N53: Model 74.1% (fair -286). Your call. | P53: =IF(OR($H$53="",$O$53=""),"",(1+IF($H$53<0,-100/$H$53,$H$53/100))/(1+IF($O$53<0,-100/$O$53,$O$53/100))-1)
A54: 2026-07-09 | B54: Philadelphia Phillies @ Cincinnati Reds | C54: 23:10 | D54: Moneyline | E54: Cincinnati Reds | F54: 0.2588 | G54: 286 | H54: 150 | I54: =IF($H$54="","",IF($H$54<0,-$H$54/(-$H$54+100),100/($H$54+100))) | J54: =IF($H$54="","",$F$54*IF($H$54<0,-100/$H$54,$H$54/100)-(1-$F$54)) | K54: =IF($H$54="","",MAX(0,($F$54*IF($H$54<0,-100/$H$54,$H$54/100)-(1-$F$54))/IF($H$54<0,-100/$H$54,$H$54/100))*'Settings'!$B$3) | L54: =IF($H$54="","",ROUND(MIN($K$54,'Settings'!$B$5)*'Settings'!$B$2,2)) | M54: =IF($J$54="","",IF($J$54<0,"Pass",IF($J$54<'Settings'!$B$4,"Thin",IF($J$54<0.06,"✅ Sharp band",IF($J$54<0.08,"Strong","⚠ Verify (stale?)"))))) | N54: Model 25.9% (fair +286). Your call. | P54: =IF(OR($H$54="",$O$54=""),"",(1+IF($H$54<0,-100/$H$54,$H$54/100))/(1+IF($O$54<0,-100/$O$54,$O$54/100))-1)
A55: 2026-07-09 | B55: Philadelphia Phillies @ Cincinnati Reds | C55: 23:10 | D55: Total | E55: Over 10 | F55: 0.4159 | G55: 140 | H55: 126 | I55: =IF($H$55="","",IF($H$55<0,-$H$55/(-$H$55+100),100/($H$55+100))) | J55: =IF($H$55="","",$F$55*IF($H$55<0,-100/$H$55,$H$55/100)-(1-$F$55)) | K55: =IF($H$55="","",MAX(0,($F$55*IF($H$55<0,-100/$H$55,$H$55/100)-(1-$F$55))/IF($H$55<0,-100/$H$55,$H$55/100))*'Settings'!$B$3) | L55: =IF($H$55="","",ROUND(MIN($K$55,'Settings'!$B$5)*'Settings'!$B$2,2)) | M55: =IF($J$55="","",IF($J$55<0,"Pass",IF($J$55<'Settings'!$B$4,"Thin",IF($J$55<0.06,"✅ Sharp band",IF($J$55<0.08,"Strong","⚠ Verify (stale?)"))))) | N55: Model 41.6% (fair +140). Your call. | P55: =IF(OR($H$55="",$O$55=""),"",(1+IF($H$55<0,-100/$H$55,$H$55/100))/(1+IF($O$55<0,-100/$O$55,$O$55/100))-1)
A56: 2026-07-09 | B56: Philadelphia Phillies @ Cincinnati Reds | C56: 23:10 | D56: Total | E56: Under 10 | F56: 0.5025 | G56: -101 | H56: -113 | I56: =IF($H$56="","",IF($H$56<0,-$H$56/(-$H$56+100),100/($H$56+100))) | J56: =IF($H$56="","",$F$56*IF($H$56<0,-100/$H$56,$H$56/100)-(1-$F$56)) | K56: =IF($H$56="","",MAX(0,($F$56*IF($H$56<0,-100/$H$56,$H$56/100)-(1-$F$56))/IF($H$56<0,-100/$H$56,$H$56/100))*'Settings'!$B$3) | L56: =IF($H$56="","",ROUND(MIN($K$56,'Settings'!$B$5)*'Settings'!$B$2,2)) | M56: =IF($J$56="","",IF($J$56<0,"Pass",IF($J$56<'Settings'!$B$4,"Thin",IF($J$56<0.06,"✅ Sharp band",IF($J$56<0.08,"Strong","⚠ Verify (stale?)"))))) | N56: Model 50.3% (fair -101). Your call. | P56: =IF(OR($H$56="",$O$56=""),"",(1+IF($H$56<0,-100/$H$56,$H$56/100))/(1+IF($O$56<0,-100/$O$56,$O$56/100))-1)
A57: 2026-07-09 | B57: Philadelphia Phillies @ Cincinnati Reds | C57: 23:10 | D57: Spread | E57: Cincinnati Reds +1.5 | F57: 0.4757 | G57: 110 | H57: -104 | I57: =IF($H$57="","",IF($H$57<0,-$H$57/(-$H$57+100),100/($H$57+100))) | J57: =IF($H$57="","",$F$57*IF($H$57<0,-100/$H$57,$H$57/100)-(1-$F$57)) | K57: =IF($H$57="","",MAX(0,($F$57*IF($H$57<0,-100/$H$57,$H$57/100)-(1-$F$57))/IF($H$57<0,-100/$H$57,$H$57/100))*'Settings'!$B$3) | L57: =IF($H$57="","",ROUND(MIN($K$57,'Settings'!$B$5)*'Settings'!$B$2,2)) | M57: =IF($J$57="","",IF($J$57<0,"Pass",IF($J$57<'Settings'!$B$4,"Thin",IF($J$57<0.06,"✅ Sharp band",IF($J$57<0.08,"Strong","⚠ Verify (stale?)"))))) | N57: Model 47.6% (fair +110). Your call. | P57: =IF(OR($H$57="",$O$57=""),"",(1+IF($H$57<0,-100/$H$57,$H$57/100))/(1+IF($O$57<0,-100/$O$57,$O$57/100))-1)
A58: 2026-07-09 | B58: Philadelphia Phillies @ Cincinnati Reds | C58: 23:10 | D58: Spread | E58: Philadelphia Phillies -1.5 | F58: 0.5243 | G58: -110 | H58: 102 | I58: =IF($H$58="","",IF($H$58<0,-$H$58/(-$H$58+100),100/($H$58+100))) | J58: =IF($H$58="","",$F$58*IF($H$58<0,-100/$H$58,$H$58/100)-(1-$F$58)) | K58: =IF($H$58="","",MAX(0,($F$58*IF($H$58<0,-100/$H$58,$H$58/100)-(1-$F$58))/IF($H$58<0,-100/$H$58,$H$58/100))*'Settings'!$B$3) | L58: =IF($H$58="","",ROUND(MIN($K$58,'Settings'!$B$5)*'Settings'!$B$2,2)) | M58: =IF($J$58="","",IF($J$58<0,"Pass",IF($J$58<'Settings'!$B$4,"Thin",IF($J$58<0.06,"✅ Sharp band",IF($J$58<0.08,"Strong","⚠ Verify (stale?)"))))) | N58: Model 52.4% (fair -110). Your call. | P58: =IF(OR($H$58="",$O$58=""),"",(1+IF($H$58<0,-100/$H$58,$H$58/100))/(1+IF($O$58<0,-100/$O$58,$O$58/100))-1)
A59: 2026-07-09 | B59: Milwaukee Brewers @ St. Louis Cardinals | C59: 23:45 | D59: Moneyline | E59: Milwaukee Brewers | F59: 0.5236 | G59: -110 | H59: -127 | I59: =IF($H$59="","",IF($H$59<0,-$H$59/(-$H$59+100),100/($H$59+100))) | J59: =IF($H$59="","",$F$59*IF($H$59<0,-100/$H$59,$H$59/100)-(1-$F$59)) | K59: =IF($H$59="","",MAX(0,($F$59*IF($H$59<0,-100/$H$59,$H$59/100)-(1-$F$59))/IF($H$59<0,-100/$H$59,$H$59/100))*'Settings'!$B$3) | L59: =IF($H$59="","",ROUND(MIN($K$59,'Settings'!$B$5)*'Settings'!$B$2,2)) | M59: =IF($J$59="","",IF($J$59<0,"Pass",IF($J$59<'Settings'!$B$4,"Thin",IF($J$59<0.06,"✅ Sharp band",IF($J$59<0.08,"Strong","⚠ Verify (stale?)"))))) | N59: Model 52.4% (fair -110). Your call. | P59: =IF(OR($H$59="",$O$59=""),"",(1+IF($H$59<0,-100/$H$59,$H$59/100))/(1+IF($O$59<0,-100/$O$59,$O$59/100))-1)
A60: 2026-07-09 | B60: Milwaukee Brewers @ St. Louis Cardinals | C60: 23:45 | D60: Moneyline | E60: St. Louis Cardinals | F60: 0.4764 | G60: 110 | H60: 125 | I60: =IF($H$60="","",IF($H$60<0,-$H$60/(-$H$60+100),100/($H$60+100))) | J60: =IF($H$60="","",$F$60*IF($H$60<0,-100/$H$60,$H$60/100)-(1-$F$60)) | K60: =IF($H$60="","",MAX(0,($F$60*IF($H$60<0,-100/$H$60,$H$60/100)-(1-$F$60))/IF($H$60<0,-100/$H$60,$H$60/100))*'Settings'!$B$3) | L60: =IF($H$60="","",ROUND(MIN($K$60,'Settings'!$B$5)*'Settings'!$B$2,2)) | M60: =IF($J$60="","",IF($J$60<0,"Pass",IF($J$60<'Settings'!$B$4,"Thin",IF($J$60<0.06,"✅ Sharp band",IF($J$60<0.08,"Strong","⚠ Verify (stale?)"))))) | N60: Model 47.6% (fair +110). Your call. | P60: =IF(OR($H$60="",$O$60=""),"",(1+IF($H$60<0,-100/$H$60,$H$60/100))/(1+IF($O$60<0,-100/$O$60,$O$60/100))-1)
A61: 2026-07-09 | B61: Milwaukee Brewers @ St. Louis Cardinals | C61: 23:45 | D61: Total | E61: Over 8.5 | F61: 0.4931 | G61: 103 | H61: 104 | I61: =IF($H$61="","",IF($H$61<0,-$H$61/(-$H$61+100),100/($H$61+100))) | J61: =IF($H$61="","",$F$61*IF($H$61<0,-100/$H$61,$H$61/100)-(1-$F$61)) | K61: =IF($H$61="","",MAX(0,($F$61*IF($H$61<0,-100/$H$61,$H$61/100)-(1-$F$61))/IF($H$61<0,-100/$H$61,$H$61/100))*'Settings'!$B$3) | L61: =IF($H$61="","",ROUND(MIN($K$61,'Settings'!$B$5)*'Settings'!$B$2,2)) | M61: =IF($J$61="","",IF($J$61<0,"Pass",IF($J$61<'Settings'!$B$4,"Thin",IF($J$61<0.06,"✅ Sharp band",IF($J$61<0.08,"Strong","⚠ Verify (stale?)"))))) | N61: Model 49.3% (fair +103). Your call. | P61: =IF(OR($H$61="",$O$61=""),"",(1+IF($H$61<0,-100/$H$61,$H$61/100))/(1+IF($O$61<0,-100/$O$61,$O$61/100))-1)
A62: 2026-07-09 | B62: Milwaukee Brewers @ St. Louis Cardinals | C62: 23:45 | D62: Total | E62: Under 8.5 | F62: 0.5069 | G62: -103 | H62: -101 | I62: =IF($H$62="","",IF($H$62<0,-$H$62/(-$H$62+100),100/($H$62+100))) | J62: =IF($H$62="","",$F$62*IF($H$62<0,-100/$H$62,$H$62/100)-(1-$F$62)) | K62: =IF($H$62="","",MAX(0,($F$62*IF($H$62<0,-100/$H$62,$H$62/100)-(1-$F$62))/IF($H$62<0,-100/$H$62,$H$62/100))*'Settings'!$B$3) | L62: =IF($H$62="","",ROUND(MIN($K$62,'Settings'!$B$5)*'Settings'!$B$2,2)) | M62: =IF($J$62="","",IF($J$62<0,"Pass",IF($J$62<'Settings'!$B$4,"Thin",IF($J$62<0.06,"✅ Sharp band",IF($J$62<0.08,"Strong","⚠ Verify (stale?)"))))) | N62: Model 50.7% (fair -103). Your call. | P62: =IF(OR($H$62="",$O$62=""),"",(1+IF($H$62<0,-100/$H$62,$H$62/100))/(1+IF($O$62<0,-100/$O$62,$O$62/100))-1)
A63: 2026-07-09 | B63: Milwaukee Brewers @ St. Louis Cardinals | C63: 23:45 | D63: Spread | E63: St. Louis Cardinals +1.5 | F63: 0.5819 | G63: -139 | H63: -133 | I63: =IF($H$63="","",IF($H$63<0,-$H$63/(-$H$63+100),100/($H$63+100))) | J63: =IF($H$63="","",$F$63*IF($H$63<0,-100/$H$63,$H$63/100)-(1-$F$63)) | K63: =IF($H$63="","",MAX(0,($F$63*IF($H$63<0,-100/$H$63,$H$63/100)-(1-$F$63))/IF($H$63<0,-100/$H$63,$H$63/100))*'Settings'!$B$3) | L63: =IF($H$63="","",ROUND(MIN($K$63,'Settings'!$B$5)*'Settings'!$B$2,2)) | M63: =IF($J$63="","",IF($J$63<0,"Pass",IF($J$63<'Settings'!$B$4,"Thin",IF($J$63<0.06,"✅ Sharp band",IF($J$63<0.08,"Strong","⚠ Verify (stale?)"))))) | N63: Model 58.2% (fair -139). Your call. | P63: =IF(OR($H$63="",$O$63=""),"",(1+IF($H$63<0,-100/$H$63,$H$63/100))/(1+IF($O$63<0,-100/$O$63,$O$63/100))-1)
A64: 2026-07-09 | B64: Milwaukee Brewers @ St. Louis Cardinals | C64: 23:45 | D64: Spread | E64: Milwaukee Brewers -1.5 | F64: 0.4181 | G64: 139 | H64: 133 | I64: =IF($H$64="","",IF($H$64<0,-$H$64/(-$H$64+100),100/($H$64+100))) | J64: =IF($H$64="","",$F$64*IF($H$64<0,-100/$H$64,$H$64/100)-(1-$F$64)) | K64: =IF($H$64="","",MAX(0,($F$64*IF($H$64<0,-100/$H$64,$H$64/100)-(1-$F$64))/IF($H$64<0,-100/$H$64,$H$64/100))*'Settings'!$B$3) | L64: =IF($H$64="","",ROUND(MIN($K$64,'Settings'!$B$5)*'Settings'!$B$2,2)) | M64: =IF($J$64="","",IF($J$64<0,"Pass",IF($J$64<'Settings'!$B$4,"Thin",IF($J$64<0.06,"✅ Sharp band",IF($J$64<0.08,"Strong","⚠ Verify (stale?)"))))) | N64: Model 41.8% (fair +139). Your call. | P64: =IF(OR($H$64="",$O$64=""),"",(1+IF($H$64<0,-100/$H$64,$H$64/100))/(1+IF($O$64<0,-100/$O$64,$O$64/100))-1)
A65: 2026-07-09 | B65: Los Angeles Angels @ Texas Rangers | C65: 00:05 | D65: Moneyline | E65: Los Angeles Angels | F65: 0.5182 | G65: -108 | I65: =IF($H$65="","",IF($H$65<0,-$H$65/(-$H$65+100),100/($H$65+100))) | J65: =IF($H$65="","",$F$65*IF($H$65<0,-100/$H$65,$H$65/100)-(1-$F$65)) | K65: =IF($H$65="","",MAX(0,($F$65*IF($H$65<0,-100/$H$65,$H$65/100)-(1-$F$65))/IF($H$65<0,-100/$H$65,$H$65/100))*'Settings'!$B$3) | L65: =IF($H$65="","",ROUND(MIN($K$65,'Settings'!$B$5)*'Settings'!$B$2,2)) | M65: =IF($J$65="","",IF($J$65<0,"Pass",IF($J$65<'Settings'!$B$4,"Thin",IF($J$65<0.06,"✅ Sharp band",IF($J$65<0.08,"Strong","⚠ Verify (stale?)"))))) | N65: Model 51.8% (fair -108). Your call. | P65: =IF(OR($H$65="",$O$65=""),"",(1+IF($H$65<0,-100/$H$65,$H$65/100))/(1+IF($O$65<0,-100/$O$65,$O$65/100))-1)
A66: 2026-07-09 | B66: Los Angeles Angels @ Texas Rangers | C66: 00:05 | D66: Moneyline | E66: Texas Rangers | F66: 0.4818 | G66: 108 | I66: =IF($H$66="","",IF($H$66<0,-$H$66/(-$H$66+100),100/($H$66+100))) | J66: =IF($H$66="","",$F$66*IF($H$66<0,-100/$H$66,$H$66/100)-(1-$F$66)) | K66: =IF($H$66="","",MAX(0,($F$66*IF($H$66<0,-100/$H$66,$H$66/100)-(1-$F$66))/IF($H$66<0,-100/$H$66,$H$66/100))*'Settings'!$B$3) | L66: =IF($H$66="","",ROUND(MIN($K$66,'Settings'!$B$5)*'Settings'!$B$2,2)) | M66: =IF($J$66="","",IF($J$66<0,"Pass",IF($J$66<'Settings'!$B$4,"Thin",IF($J$66<0.06,"✅ Sharp band",IF($J$66<0.08,"Strong","⚠ Verify (stale?)"))))) | N66: Model 48.2% (fair +108). Your call. | P66: =IF(OR($H$66="",$O$66=""),"",(1+IF($H$66<0,-100/$H$66,$H$66/100))/(1+IF($O$66<0,-100/$O$66,$O$66/100))-1)
A67: 2026-07-09 | B67: Arizona Diamondbacks @ San Diego Padres | C67: 01:40 | D67: Moneyline | E67: Arizona Diamondbacks | F67: 0.43 | G67: 133 | I67: =IF($H$67="","",IF($H$67<0,-$H$67/(-$H$67+100),100/($H$67+100))) | J67: =IF($H$67="","",$F$67*IF($H$67<0,-100/$H$67,$H$67/100)-(1-$F$67)) | K67: =IF($H$67="","",MAX(0,($F$67*IF($H$67<0,-100/$H$67,$H$67/100)-(1-$F$67))/IF($H$67<0,-100/$H$67,$H$67/100))*'Settings'!$B$3) | L67: =IF($H$67="","",ROUND(MIN($K$67,'Settings'!$B$5)*'Settings'!$B$2,2)) | M67: =IF($J$67="","",IF($J$67<0,"Pass",IF($J$67<'Settings'!$B$4,"Thin",IF($J$67<0.06,"✅ Sharp band",IF($J$67<0.08,"Strong","⚠ Verify (stale?)"))))) | N67: Model 43.0% (fair +133). Your call. | P67: =IF(OR($H$67="",$O$67=""),"",(1+IF($H$67<0,-100/$H$67,$H$67/100))/(1+IF($O$67<0,-100/$O$67,$O$67/100))-1)
A68: 2026-07-09 | B68: Arizona Diamondbacks @ San Diego Padres | C68: 01:40 | D68: Moneyline | E68: San Diego Padres | F68: 0.57 | G68: -133 | I68: =IF($H$68="","",IF($H$68<0,-$H$68/(-$H$68+100),100/($H$68+100))) | J68: =IF($H$68="","",$F$68*IF($H$68<0,-100/$H$68,$H$68/100)-(1-$F$68)) | K68: =IF($H$68="","",MAX(0,($F$68*IF($H$68<0,-100/$H$68,$H$68/100)-(1-$F$68))/IF($H$68<0,-100/$H$68,$H$68/100))*'Settings'!$B$3) | L68: =IF($H$68="","",ROUND(MIN($K$68,'Settings'!$B$5)*'Settings'!$B$2,2)) | M68: =IF($J$68="","",IF($J$68<0,"Pass",IF($J$68<'Settings'!$B$4,"Thin",IF($J$68<0.06,"✅ Sharp band",IF($J$68<0.08,"Strong","⚠ Verify (stale?)"))))) | N68: Model 57.0% (fair -133). Your call. | P68: =IF(OR($H$68="",$O$68=""),"",(1+IF($H$68<0,-100/$H$68,$H$68/100))/(1+IF($O$68<0,-100/$O$68,$O$68/100))-1)
A69: 2026-07-09 | B69: Colorado Rockies @ San Francisco Giants | C69: 01:45 | D69: Moneyline | E69: Colorado Rockies | F69: 0.4729 | G69: 111 | I69: =IF($H$69="","",IF($H$69<0,-$H$69/(-$H$69+100),100/($H$69+100))) | J69: =IF($H$69="","",$F$69*IF($H$69<0,-100/$H$69,$H$69/100)-(1-$F$69)) | K69: =IF($H$69="","",MAX(0,($F$69*IF($H$69<0,-100/$H$69,$H$69/100)-(1-$F$69))/IF($H$69<0,-100/$H$69,$H$69/100))*'Settings'!$B$3) | L69: =IF($H$69="","",ROUND(MIN($K$69,'Settings'!$B$5)*'Settings'!$B$2,2)) | M69: =IF($J$69="","",IF($J$69<0,"Pass",IF($J$69<'Settings'!$B$4,"Thin",IF($J$69<0.06,"✅ Sharp band",IF($J$69<0.08,"Strong","⚠ Verify (stale?)"))))) | N69: Model 47.3% (fair +111). Your call. | P69: =IF(OR($H$69="",$O$69=""),"",(1+IF($H$69<0,-100/$H$69,$H$69/100))/(1+IF($O$69<0,-100/$O$69,$O$69/100))-1)
A70: 2026-07-09 | B70: Colorado Rockies @ San Francisco Giants | C70: 01:45 | D70: Moneyline | E70: San Francisco Giants | F70: 0.5271 | G70: -111 | I70: =IF($H$70="","",IF($H$70<0,-$H$70/(-$H$70+100),100/($H$70+100))) | J70: =IF($H$70="","",$F$70*IF($H$70<0,-100/$H$70,$H$70/100)-(1-$F$70)) | K70: =IF($H$70="","",MAX(0,($F$70*IF($H$70<0,-100/$H$70,$H$70/100)-(1-$F$70))/IF($H$70<0,-100/$H$70,$H$70/100))*'Settings'!$B$3) | L70: =IF($H$70="","",ROUND(MIN($K$70,'Settings'!$B$5)*'Settings'!$B$2,2)) | M70: =IF($J$70="","",IF($J$70<0,"Pass",IF($J$70<'Settings'!$B$4,"Thin",IF($J$70<0.06,"✅ Sharp band",IF($J$70<0.08,"Strong","⚠ Verify (stale?)"))))) | N70: Model 52.7% (fair -111). Your call. | P70: =IF(OR($H$70="",$O$70=""),"",(1+IF($H$70<0,-100/$H$70,$H$70/100))/(1+IF($O$70<0,-100/$O$70,$O$70/100))-1)
A71: 2026-07-10 | B71: Philadelphia Phillies @ Detroit Tigers | C71: 22:40 | D71: Moneyline | E71: Philadelphia Phillies | F71: 0.4641 | G71: 115 | H71: 113 | I71: =IF($H$71="","",IF($H$71<0,-$H$71/(-$H$71+100),100/($H$71+100))) | J71: =IF($H$71="","",$F$71*IF($H$71<0,-100/$H$71,$H$71/100)-(1-$F$71)) | K71: =IF($H$71="","",MAX(0,($F$71*IF($H$71<0,-100/$H$71,$H$71/100)-(1-$F$71))/IF($H$71<0,-100/$H$71,$H$71/100))*'Settings'!$B$3) | L71: =IF($H$71="","",ROUND(MIN($K$71,'Settings'!$B$5)*'Settings'!$B$2,2)) | M71: =IF($J$71="","",IF($J$71<0,"Pass",IF($J$71<'Settings'!$B$4,"Thin",IF($J$71<0.06,"✅ Sharp band",IF($J$71<0.08,"Strong","⚠ Verify (stale?)"))))) | N71: Model 46.4% (fair +115). Your call. | P71: =IF(OR($H$71="",$O$71=""),"",(1+IF($H$71<0,-100/$H$71,$H$71/100))/(1+IF($O$71<0,-100/$O$71,$O$71/100))-1)
A72: 2026-07-10 | B72: Philadelphia Phillies @ Detroit Tigers | C72: 22:40 | D72: Moneyline | E72: Detroit Tigers | F72: 0.5359 | G72: -115 | H72: -113 | I72: =IF($H$72="","",IF($H$72<0,-$H$72/(-$H$72+100),100/($H$72+100))) | J72: =IF($H$72="","",$F$72*IF($H$72<0,-100/$H$72,$H$72/100)-(1-$F$72)) | K72: =IF($H$72="","",MAX(0,($F$72*IF($H$72<0,-100/$H$72,$H$72/100)-(1-$F$72))/IF($H$72<0,-100/$H$72,$H$72/100))*'Settings'!$B$3) | L72: =IF($H$72="","",ROUND(MIN($K$72,'Settings'!$B$5)*'Settings'!$B$2,2)) | M72: =IF($J$72="","",IF($J$72<0,"Pass",IF($J$72<'Settings'!$B$4,"Thin",IF($J$72<0.06,"✅ Sharp band",IF($J$72<0.08,"Strong","⚠ Verify (stale?)"))))) | N72: Model 53.6% (fair -115). Your call. | P72: =IF(OR($H$72="",$O$72=""),"",(1+IF($H$72<0,-100/$H$72,$H$72/100))/(1+IF($O$72<0,-100/$O$72,$O$72/100))-1)
A73: 2026-07-10 | B73: Milwaukee Brewers @ Pittsburgh Pirates | C73: 22:40 | D73: Moneyline | E73: Milwaukee Brewers | F73: 0.4464 | G73: 124 | H73: 117 | I73: =IF($H$73="","",IF($H$73<0,-$H$73/(-$H$73+100),100/($H$73+100))) | J73: =IF($H$73="","",$F$73*IF($H$73<0,-100/$H$73,$H$73/100)-(1-$F$73)) | K73: =IF($H$73="","",MAX(0,($F$73*IF($H$73<0,-100/$H$73,$H$73/100)-(1-$F$73))/IF($H$73<0,-100/$H$73,$H$73/100))*'Settings'!$B$3) | L73: =IF($H$73="","",ROUND(MIN($K$73,'Settings'!$B$5)*'Settings'!$B$2,2)) | M73: =IF($J$73="","",IF($J$73<0,"Pass",IF($J$73<'Settings'!$B$4,"Thin",IF($J$73<0.06,"✅ Sharp band",IF($J$73<0.08,"Strong","⚠ Verify (stale?)"))))) | N73: Model 44.6% (fair +124). Your call. | P73: =IF(OR($H$73="",$O$73=""),"",(1+IF($H$73<0,-100/$H$73,$H$73/100))/(1+IF($O$73<0,-100/$O$73,$O$73/100))-1)
A74: 2026-07-10 | B74: Milwaukee Brewers @ Pittsburgh Pirates | C74: 22:40 | D74: Moneyline | E74: Pittsburgh Pirates | F74: 0.5536 | G74: -124 | H74: -117 | I74: =IF($H$74="","",IF($H$74<0,-$H$74/(-$H$74+100),100/($H$74+100))) | J74: =IF($H$74="","",$F$74*IF($H$74<0,-100/$H$74,$H$74/100)-(1-$F$74)) | K74: =IF($H$74="","",MAX(0,($F$74*IF($H$74<0,-100/$H$74,$H$74/100)-(1-$F$74))/IF($H$74<0,-100/$H$74,$H$74/100))*'Settings'!$B$3) | L74: =IF($H$74="","",ROUND(MIN($K$74,'Settings'!$B$5)*'Settings'!$B$2,2)) | M74: =IF($J$74="","",IF($J$74<0,"Pass",IF($J$74<'Settings'!$B$4,"Thin",IF($J$74<0.06,"✅ Sharp band",IF($J$74<0.08,"Strong","⚠ Verify (stale?)"))))) | N74: Model 55.4% (fair -124). Your call. | P74: =IF(OR($H$74="",$O$74=""),"",(1+IF($H$74<0,-100/$H$74,$H$74/100))/(1+IF($O$74<0,-100/$O$74,$O$74/100))-1)
A75: 2026-07-10 | B75: New York Yankees @ Washington Nationals | C75: 22:45 | D75: Moneyline | E75: New York Yankees | F75: 0.5229 | G75: -110 | H75: -138 | I75: =IF($H$75="","",IF($H$75<0,-$H$75/(-$H$75+100),100/($H$75+100))) | J75: =IF($H$75="","",$F$75*IF($H$75<0,-100/$H$75,$H$75/100)-(1-$F$75)) | K75: =IF($H$75="","",MAX(0,($F$75*IF($H$75<0,-100/$H$75,$H$75/100)-(1-$F$75))/IF($H$75<0,-100/$H$75,$H$75/100))*'Settings'!$B$3) | L75: =IF($H$75="","",ROUND(MIN($K$75,'Settings'!$B$5)*'Settings'!$B$2,2)) | M75: =IF($J$75="","",IF($J$75<0,"Pass",IF($J$75<'Settings'!$B$4,"Thin",IF($J$75<0.06,"✅ Sharp band",IF($J$75<0.08,"Strong","⚠ Verify (stale?)"))))) | N75: Model 52.3% (fair -110). Your call. | P75: =IF(OR($H$75="",$O$75=""),"",(1+IF($H$75<0,-100/$H$75,$H$75/100))/(1+IF($O$75<0,-100/$O$75,$O$75/100))-1)
A76: 2026-07-10 | B76: New York Yankees @ Washington Nationals | C76: 22:45 | D76: Moneyline | E76: Washington Nationals | F76: 0.4771 | G76: 110 | H76: 136 | I76: =IF($H$76="","",IF($H$76<0,-$H$76/(-$H$76+100),100/($H$76+100))) | J76: =IF($H$76="","",$F$76*IF($H$76<0,-100/$H$76,$H$76/100)-(1-$F$76)) | K76: =IF($H$76="","",MAX(0,($F$76*IF($H$76<0,-100/$H$76,$H$76/100)-(1-$F$76))/IF($H$76<0,-100/$H$76,$H$76/100))*'Settings'!$B$3) | L76: =IF($H$76="","",ROUND(MIN($K$76,'Settings'!$B$5)*'Settings'!$B$2,2)) | M76: =IF($J$76="","",IF($J$76<0,"Pass",IF($J$76<'Settings'!$B$4,"Thin",IF($J$76<0.06,"✅ Sharp band",IF($J$76<0.08,"Strong","⚠ Verify (stale?)"))))) | N76: Model 47.7% (fair +110). Your call. | P76: =IF(OR($H$76="",$O$76=""),"",(1+IF($H$76<0,-100/$H$76,$H$76/100))/(1+IF($O$76<0,-100/$O$76,$O$76/100))-1)
A77: 2026-07-10 | B77: New York Yankees @ Washington Nationals | C77: 22:45 | D77: Total | E77: Over 9.5 | F77: 0.4953 | G77: 102 | H77: -113 | I77: =IF($H$77="","",IF($H$77<0,-$H$77/(-$H$77+100),100/($H$77+100))) | J77: =IF($H$77="","",$F$77*IF($H$77<0,-100/$H$77,$H$77/100)-(1-$F$77)) | K77: =IF($H$77="","",MAX(0,($F$77*IF($H$77<0,-100/$H$77,$H$77/100)-(1-$F$77))/IF($H$77<0,-100/$H$77,$H$77/100))*'Settings'!$B$3) | L77: =IF($H$77="","",ROUND(MIN($K$77,'Settings'!$B$5)*'Settings'!$B$2,2)) | M77: =IF($J$77="","",IF($J$77<0,"Pass",IF($J$77<'Settings'!$B$4,"Thin",IF($J$77<0.06,"✅ Sharp band",IF($J$77<0.08,"Strong","⚠ Verify (stale?)"))))) | N77: Model 49.5% (fair +102). Your call. | P77: =IF(OR($H$77="",$O$77=""),"",(1+IF($H$77<0,-100/$H$77,$H$77/100))/(1+IF($O$77<0,-100/$O$77,$O$77/100))-1)
A78: 2026-07-10 | B78: New York Yankees @ Washington Nationals | C78: 22:45 | D78: Total | E78: Under 9.5 | F78: 0.5047 | G78: -102 | H78: 102 | I78: =IF($H$78="","",IF($H$78<0,-$H$78/(-$H$78+100),100/($H$78+100))) | J78: =IF($H$78="","",$F$78*IF($H$78<0,-100/$H$78,$H$78/100)-(1-$F$78)) | K78: =IF($H$78="","",MAX(0,($F$78*IF($H$78<0,-100/$H$78,$H$78/100)-(1-$F$78))/IF($H$78<0,-100/$H$78,$H$78/100))*'Settings'!$B$3) | L78: =IF($H$78="","",ROUND(MIN($K$78,'Settings'!$B$5)*'Settings'!$B$2,2)) | M78: =IF($J$78="","",IF($J$78<0,"Pass",IF($J$78<'Settings'!$B$4,"Thin",IF($J$78<0.06,"✅ Sharp band",IF($J$78<0.08,"Strong","⚠ Verify (stale?)"))))) | N78: Model 50.5% (fair -102). Your call. | P78: =IF(OR($H$78="",$O$78=""),"",(1+IF($H$78<0,-100/$H$78,$H$78/100))/(1+IF($O$78<0,-100/$O$78,$O$78/100))-1)
A79: 2026-07-10 | B79: New York Yankees @ Washington Nationals | C79: 22:45 | D79: Spread | E79: Washington Nationals +1.5 | F79: 0.5678 | G79: -131 | H79: -120 | I79: =IF($H$79="","",IF($H$79<0,-$H$79/(-$H$79+100),100/($H$79+100))) | J79: =IF($H$79="","",$F$79*IF($H$79<0,-100/$H$79,$H$79/100)-(1-$F$79)) | K79: =IF($H$79="","",MAX(0,($F$79*IF($H$79<0,-100/$H$79,$H$79/100)-(1-$F$79))/IF($H$79<0,-100/$H$79,$H$79/100))*'Settings'!$B$3) | L79: =IF($H$79="","",ROUND(MIN($K$79,'Settings'!$B$5)*'Settings'!$B$2,2)) | M79: =IF($J$79="","",IF($J$79<0,"Pass",IF($J$79<'Settings'!$B$4,"Thin",IF($J$79<0.06,"✅ Sharp band",IF($J$79<0.08,"Strong","⚠ Verify (stale?)"))))) | N79: Model 56.8% (fair -131). Your call. | P79: =IF(OR($H$79="",$O$79=""),"",(1+IF($H$79<0,-100/$H$79,$H$79/100))/(1+IF($O$79<0,-100/$O$79,$O$79/100))-1)
A80: 2026-07-10 | B80: New York Yankees @ Washington Nationals | C80: 22:45 | D80: Spread | E80: New York Yankees -1.5 | F80: 0.4322 | G80: 131 | H80: 100 | I80: =IF($H$80="","",IF($H$80<0,-$H$80/(-$H$80+100),100/($H$80+100))) | J80: =IF($H$80="","",$F$80*IF($H$80<0,-100/$H$80,$H$80/100)-(1-$F$80)) | K80: =IF($H$80="","",MAX(0,($F$80*IF($H$80<0,-100/$H$80,$H$80/100)-(1-$F$80))/IF($H$80<0,-100/$H$80,$H$80/100))*'Settings'!$B$3) | L80: =IF($H$80="","",ROUND(MIN($K$80,'Settings'!$B$5)*'Settings'!$B$2,2)) | M80: =IF($J$80="","",IF($J$80<0,"Pass",IF($J$80<'Settings'!$B$4,"Thin",IF($J$80<0.06,"✅ Sharp band",IF($J$80<0.08,"Strong","⚠ Verify (stale?)"))))) | N80: Model 43.2% (fair +131). Your call. | P80: =IF(OR($H$80="",$O$80=""),"",(1+IF($H$80<0,-100/$H$80,$H$80/100))/(1+IF($O$80<0,-100/$O$80,$O$80/100))-1)
A81: 2026-07-10 | B81: Kansas City Royals @ Baltimore Orioles | C81: 23:05 | D81: Moneyline | E81: Kansas City Royals | F81: 0.408 | G81: 145 | H81: 138 | I81: =IF($H$81="","",IF($H$81<0,-$H$81/(-$H$81+100),100/($H$81+100))) | J81: =IF($H$81="","",$F$81*IF($H$81<0,-100/$H$81,$H$81/100)-(1-$F$81)) | K81: =IF($H$81="","",MAX(0,($F$81*IF($H$81<0,-100/$H$81,$H$81/100)-(1-$F$81))/IF($H$81<0,-100/$H$81,$H$81/100))*'Settings'!$B$3) | L81: =IF($H$81="","",ROUND(MIN($K$81,'Settings'!$B$5)*'Settings'!$B$2,2)) | M81: =IF($J$81="","",IF($J$81<0,"Pass",IF($J$81<'Settings'!$B$4,"Thin",IF($J$81<0.06,"✅ Sharp band",IF($J$81<0.08,"Strong","⚠ Verify (stale?)"))))) | N81: Model 40.8% (fair +145). Your call. | P81: =IF(OR($H$81="",$O$81=""),"",(1+IF($H$81<0,-100/$H$81,$H$81/100))/(1+IF($O$81<0,-100/$O$81,$O$81/100))-1)
A82: 2026-07-10 | B82: Kansas City Royals @ Baltimore Orioles | C82: 23:05 | D82: Moneyline | E82: Baltimore Orioles | F82: 0.592 | G82: -145 | H82: -138 | I82: =IF($H$82="","",IF($H$82<0,-$H$82/(-$H$82+100),100/($H$82+100))) | J82: =IF($H$82="","",$F$82*IF($H$82<0,-100/$H$82,$H$82/100)-(1-$F$82)) | K82: =IF($H$82="","",MAX(0,($F$82*IF($H$82<0,-100/$H$82,$H$82/100)-(1-$F$82))/IF($H$82<0,-100/$H$82,$H$82/100))*'Settings'!$B$3) | L82: =IF($H$82="","",ROUND(MIN($K$82,'Settings'!$B$5)*'Settings'!$B$2,2)) | M82: =IF($J$82="","",IF($J$82<0,"Pass",IF($J$82<'Settings'!$B$4,"Thin",IF($J$82<0.06,"✅ Sharp band",IF($J$82<0.08,"Strong","⚠ Verify (stale?)"))))) | N82: Model 59.2% (fair -145). Your call. | P82: =IF(OR($H$82="",$O$82=""),"",(1+IF($H$82<0,-100/$H$82,$H$82/100))/(1+IF($O$82<0,-100/$O$82,$O$82/100))-1)
A83: 2026-07-10 | B83: Kansas City Royals @ Baltimore Orioles | C83: 23:05 | D83: Total | E83: Over 10.5 | F83: 0.4384 | G83: 128 | H83: 113 | I83: =IF($H$83="","",IF($H$83<0,-$H$83/(-$H$83+100),100/($H$83+100))) | J83: =IF($H$83="","",$F$83*IF($H$83<0,-100/$H$83,$H$83/100)-(1-$F$83)) | K83: =IF($H$83="","",MAX(0,($F$83*IF($H$83<0,-100/$H$83,$H$83/100)-(1-$F$83))/IF($H$83<0,-100/$H$83,$H$83/100))*'Settings'!$B$3) | L83: =IF($H$83="","",ROUND(MIN($K$83,'Settings'!$B$5)*'Settings'!$B$2,2)) | M83: =IF($J$83="","",IF($J$83<0,"Pass",IF($J$83<'Settings'!$B$4,"Thin",IF($J$83<0.06,"✅ Sharp band",IF($J$83<0.08,"Strong","⚠ Verify (stale?)"))))) | N83: Model 43.8% (fair +128). Your call. | P83: =IF(OR($H$83="",$O$83=""),"",(1+IF($H$83<0,-100/$H$83,$H$83/100))/(1+IF($O$83<0,-100/$O$83,$O$83/100))-1)
A84: 2026-07-10 | B84: Kansas City Royals @ Baltimore Orioles | C84: 23:05 | D84: Total | E84: Under 10.5 | F84: 0.5616 | G84: -128 | H84: 100 | I84: =IF($H$84="","",IF($H$84<0,-$H$84/(-$H$84+100),100/($H$84+100))) | J84: =IF($H$84="","",$F$84*IF($H$84<0,-100/$H$84,$H$84/100)-(1-$F$84)) | K84: =IF($H$84="","",MAX(0,($F$84*IF($H$84<0,-100/$H$84,$H$84/100)-(1-$F$84))/IF($H$84<0,-100/$H$84,$H$84/100))*'Settings'!$B$3) | L84: =IF($H$84="","",ROUND(MIN($K$84,'Settings'!$B$5)*'Settings'!$B$2,2)) | M84: =IF($J$84="","",IF($J$84<0,"Pass",IF($J$84<'Settings'!$B$4,"Thin",IF($J$84<0.06,"✅ Sharp band",IF($J$84<0.08,"Strong","⚠ Verify (stale?)"))))) | N84: Model 56.2% (fair -128). Your call. | P84: =IF(OR($H$84="",$O$84=""),"",(1+IF($H$84<0,-100/$H$84,$H$84/100))/(1+IF($O$84<0,-100/$O$84,$O$84/100))-1)
A85: 2026-07-10 | B85: Kansas City Royals @ Baltimore Orioles | C85: 23:05 | D85: Spread | E85: Baltimore Orioles -1.5 | F85: 0.4266 | G85: 134 | H85: 132 | I85: =IF($H$85="","",IF($H$85<0,-$H$85/(-$H$85+100),100/($H$85+100))) | J85: =IF($H$85="","",$F$85*IF($H$85<0,-100/$H$85,$H$85/100)-(1-$F$85)) | K85: =IF($H$85="","",MAX(0,($F$85*IF($H$85<0,-100/$H$85,$H$85/100)-(1-$F$85))/IF($H$85<0,-100/$H$85,$H$85/100))*'Settings'!$B$3) | L85: =IF($H$85="","",ROUND(MIN($K$85,'Settings'!$B$5)*'Settings'!$B$2,2)) | M85: =IF($J$85="","",IF($J$85<0,"Pass",IF($J$85<'Settings'!$B$4,"Thin",IF($J$85<0.06,"✅ Sharp band",IF($J$85<0.08,"Strong","⚠ Verify (stale?)"))))) | N85: Model 42.7% (fair +134). Your call. | P85: =IF(OR($H$85="",$O$85=""),"",(1+IF($H$85<0,-100/$H$85,$H$85/100))/(1+IF($O$85<0,-100/$O$85,$O$85/100))-1)
A86: 2026-07-10 | B86: Kansas City Royals @ Baltimore Orioles | C86: 23:05 | D86: Spread | E86: Kansas City Royals +1.5 | F86: 0.5734 | G86: -134 | H86: -145 | I86: =IF($H$86="","",IF($H$86<0,-$H$86/(-$H$86+100),100/($H$86+100))) | J86: =IF($H$86="","",$F$86*IF($H$86<0,-100/$H$86,$H$86/100)-(1-$F$86)) | K86: =IF($H$86="","",MAX(0,($F$86*IF($H$86<0,-100/$H$86,$H$86/100)-(1-$F$86))/IF($H$86<0,-100/$H$86,$H$86/100))*'Settings'!$B$3) | L86: =IF($H$86="","",ROUND(MIN($K$86,'Settings'!$B$5)*'Settings'!$B$2,2)) | M86: =IF($J$86="","",IF($J$86<0,"Pass",IF($J$86<'Settings'!$B$4,"Thin",IF($J$86<0.06,"✅ Sharp band",IF($J$86<0.08,"Strong","⚠ Verify (stale?)"))))) | N86: Model 57.3% (fair -134). Your call. | P86: =IF(OR($H$86="",$O$86=""),"",(1+IF($H$86<0,-100/$H$86,$H$86/100))/(1+IF($O$86<0,-100/$O$86,$O$86/100))-1)
A87: 2026-07-10 | B87: Chicago Cubs @ Cincinnati Reds | C87: 23:10 | D87: Moneyline | E87: Chicago Cubs | F87: 0.55678 | G87: -126 | H87: 113 | I87: =IF($H$87="","",IF($H$87<0,-$H$87/(-$H$87+100),100/($H$87+100))) | J87: =IF($H$87="","",$F$87*IF($H$87<0,-100/$H$87,$H$87/100)-(1-$F$87)) | K87: =IF($H$87="","",MAX(0,($F$87*IF($H$87<0,-100/$H$87,$H$87/100)-(1-$F$87))/IF($H$87<0,-100/$H$87,$H$87/100))*'Settings'!$B$3) | L87: =IF($H$87="","",ROUND(MIN($K$87,'Settings'!$B$5)*'Settings'!$B$2,2)) | M87: =IF($J$87="","",IF($J$87<0,"Pass",IF($J$87<'Settings'!$B$4,"Thin",IF($J$87<0.06,"✅ Sharp band",IF($J$87<0.08,"Strong","⚠ Verify (stale?)"))))) | N87: Model 55.7% (fair -126). Your call. | P87: =IF(OR($H$87="",$O$87=""),"",(1+IF($H$87<0,-100/$H$87,$H$87/100))/(1+IF($O$87<0,-100/$O$87,$O$87/100))-1)
A88: 2026-07-10 | B88: Chicago Cubs @ Cincinnati Reds | C88: 23:10 | D88: Moneyline | E88: Cincinnati Reds | F88: 0.44322 | G88: 126 | H88: -104 | I88: =IF($H$88="","",IF($H$88<0,-$H$88/(-$H$88+100),100/($H$88+100))) | J88: =IF($H$88="","",$F$88*IF($H$88<0,-100/$H$88,$H$88/100)-(1-$F$88)) | K88: =IF($H$88="","",MAX(0,($F$88*IF($H$88<0,-100/$H$88,$H$88/100)-(1-$F$88))/IF($H$88<0,-100/$H$88,$H$88/100))*'Settings'!$B$3) | L88: =IF($H$88="","",ROUND(MIN($K$88,'Settings'!$B$5)*'Settings'!$B$2,2)) | M88: =IF($J$88="","",IF($J$88<0,"Pass",IF($J$88<'Settings'!$B$4,"Thin",IF($J$88<0.06,"✅ Sharp band",IF($J$88<0.08,"Strong","⚠ Verify (stale?)"))))) | N88: Model 44.3% (fair +126). Your call. | P88: =IF(OR($H$88="",$O$88=""),"",(1+IF($H$88<0,-100/$H$88,$H$88/100))/(1+IF($O$88<0,-100/$O$88,$O$88/100))-1)
A89: 2026-07-10 | B89: Chicago Cubs @ Cincinnati Reds | C89: 23:10 | D89: Total | E89: Over 9.5 | F89: 0.5151 | G89: -106 | H89: 108 | I89: =IF($H$89="","",IF($H$89<0,-$H$89/(-$H$89+100),100/($H$89+100))) | J89: =IF($H$89="","",$F$89*IF($H$89<0,-100/$H$89,$H$89/100)-(1-$F$89)) | K89: =IF($H$89="","",MAX(0,($F$89*IF($H$89<0,-100/$H$89,$H$89/100)-(1-$F$89))/IF($H$89<0,-100/$H$89,$H$89/100))*'Settings'!$B$3) | L89: =IF($H$89="","",ROUND(MIN($K$89,'Settings'!$B$5)*'Settings'!$B$2,2)) | M89: =IF($J$89="","",IF($J$89<0,"Pass",IF($J$89<'Settings'!$B$4,"Thin",IF($J$89<0.06,"✅ Sharp band",IF($J$89<0.08,"Strong","⚠ Verify (stale?)"))))) | N89: Model 51.5% (fair -106). Your call. | P89: =IF(OR($H$89="",$O$89=""),"",(1+IF($H$89<0,-100/$H$89,$H$89/100))/(1+IF($O$89<0,-100/$O$89,$O$89/100))-1)
A90: 2026-07-10 | B90: Chicago Cubs @ Cincinnati Reds | C90: 23:10 | D90: Total | E90: Under 9.5 | F90: 0.4849 | G90: 106 | H90: -115 | I90: =IF($H$90="","",IF($H$90<0,-$H$90/(-$H$90+100),100/($H$90+100))) | J90: =IF($H$90="","",$F$90*IF($H$90<0,-100/$H$90,$H$90/100)-(1-$F$90)) | K90: =IF($H$90="","",MAX(0,($F$90*IF($H$90<0,-100/$H$90,$H$90/100)-(1-$F$90))/IF($H$90<0,-100/$H$90,$H$90/100))*'Settings'!$B$3) | L90: =IF($H$90="","",ROUND(MIN($K$90,'Settings'!$B$5)*'Settings'!$B$2,2)) | M90: =IF($J$90="","",IF($J$90<0,"Pass",IF($J$90<'Settings'!$B$4,"Thin",IF($J$90<0.06,"✅ Sharp band",IF($J$90<0.08,"Strong","⚠ Verify (stale?)"))))) | N90: Model 48.5% (fair +106). Your call. | P90: =IF(OR($H$90="",$O$90=""),"",(1+IF($H$90<0,-100/$H$90,$H$90/100))/(1+IF($O$90<0,-100/$O$90,$O$90/100))-1)
A91: 2026-07-10 | B91: Chicago Cubs @ Cincinnati Reds | C91: 23:10 | D91: Spread | E91: Cincinnati Reds +1.5 | F91: 0.5775 | G91: -137 | H91: -167 | I91: =IF($H$91="","",IF($H$91<0,-$H$91/(-$H$91+100),100/($H$91+100))) | J91: =IF($H$91="","",$F$91*IF($H$91<0,-100/$H$91,$H$91/100)-(1-$F$91)) | K91: =IF($H$91="","",MAX(0,($F$91*IF($H$91<0,-100/$H$91,$H$91/100)-(1-$F$91))/IF($H$91<0,-100/$H$91,$H$91/100))*'Settings'!$B$3) | L91: =IF($H$91="","",ROUND(MIN($K$91,'Settings'!$B$5)*'Settings'!$B$2,2)) | M91: =IF($J$91="","",IF($J$91<0,"Pass",IF($J$91<'Settings'!$B$4,"Thin",IF($J$91<0.06,"✅ Sharp band",IF($J$91<0.08,"Strong","⚠ Verify (stale?)"))))) | N91: Model 57.8% (fair -137). Your call. | P91: =IF(OR($H$91="",$O$91=""),"",(1+IF($H$91<0,-100/$H$91,$H$91/100))/(1+IF($O$91<0,-100/$O$91,$O$91/100))-1)
A92: 2026-07-10 | B92: Chicago Cubs @ Cincinnati Reds | C92: 23:10 | D92: Spread | E92: Chicago Cubs -1.5 | F92: 0.4225 | G92: 137 | H92: 150 | I92: =IF($H$92="","",IF($H$92<0,-$H$92/(-$H$92+100),100/($H$92+100))) | J92: =IF($H$92="","",$F$92*IF($H$92<0,-100/$H$92,$H$92/100)-(1-$F$92)) | K92: =IF($H$92="","",MAX(0,($F$92*IF($H$92<0,-100/$H$92,$H$92/100)-(1-$F$92))/IF($H$92<0,-100/$H$92,$H$92/100))*'Settings'!$B$3) | L92: =IF($H$92="","",ROUND(MIN($K$92,'Settings'!$B$5)*'Settings'!$B$2,2)) | M92: =IF($J$92="","",IF($J$92<0,"Pass",IF($J$92<'Settings'!$B$4,"Thin",IF($J$92<0.06,"✅ Sharp band",IF($J$92<0.08,"Strong","⚠ Verify (stale?)"))))) | N92: Model 42.2% (fair +137). Your call. | P92: =IF(OR($H$92="",$O$92=""),"",(1+IF($H$92<0,-100/$H$92,$H$92/100))/(1+IF($O$92<0,-100/$O$92,$O$92/100))-1)
A93: 2026-07-10 | B93: Seattle Mariners @ Tampa Bay Rays | C93: 23:10 | D93: Moneyline | E93: Seattle Mariners | F93: 0.4803 | G93: 108 | H93: 104 | I93: =IF($H$93="","",IF($H$93<0,-$H$93/(-$H$93+100),100/($H$93+100))) | J93: =IF($H$93="","",$F$93*IF($H$93<0,-100/$H$93,$H$93/100)-(1-$F$93)) | K93: =IF($H$93="","",MAX(0,($F$93*IF($H$93<0,-100/$H$93,$H$93/100)-(1-$F$93))/IF($H$93<0,-100/$H$93,$H$93/100))*'Settings'!$B$3) | L93: =IF($H$93="","",ROUND(MIN($K$93,'Settings'!$B$5)*'Settings'!$B$2,2)) | M93: =IF($J$93="","",IF($J$93<0,"Pass",IF($J$93<'Settings'!$B$4,"Thin",IF($J$93<0.06,"✅ Sharp band",IF($J$93<0.08,"Strong","⚠ Verify (stale?)"))))) | N93: Model 48.0% (fair +108). Your call. | P93: =IF(OR($H$93="",$O$93=""),"",(1+IF($H$93<0,-100/$H$93,$H$93/100))/(1+IF($O$93<0,-100/$O$93,$O$93/100))-1)
A94: 2026-07-10 | B94: Seattle Mariners @ Tampa Bay Rays | C94: 23:10 | D94: Moneyline | E94: Tampa Bay Rays | F94: 0.5197 | G94: -108 | H94: 100 | I94: =IF($H$94="","",IF($H$94<0,-$H$94/(-$H$94+100),100/($H$94+100))) | J94: =IF($H$94="","",$F$94*IF($H$94<0,-100/$H$94,$H$94/100)-(1-$F$94)) | K94: =IF($H$94="","",MAX(0,($F$94*IF($H$94<0,-100/$H$94,$H$94/100)-(1-$F$94))/IF($H$94<0,-100/$H$94,$H$94/100))*'Settings'!$B$3) | L94: =IF($H$94="","",ROUND(MIN($K$94,'Settings'!$B$5)*'Settings'!$B$2,2)) | M94: =IF($J$94="","",IF($J$94<0,"Pass",IF($J$94<'Settings'!$B$4,"Thin",IF($J$94<0.06,"✅ Sharp band",IF($J$94<0.08,"Strong","⚠ Verify (stale?)"))))) | N94: Model 52.0% (fair -108). Your call. | P94: =IF(OR($H$94="",$O$94=""),"",(1+IF($H$94<0,-100/$H$94,$H$94/100))/(1+IF($O$94<0,-100/$O$94,$O$94/100))-1)
A95: 2026-07-10 | B95: Seattle Mariners @ Tampa Bay Rays | C95: 23:10 | D95: Total | E95: Over 8.5 | F95: 0.4841 | G95: 107 | H95: 104 | I95: =IF($H$95="","",IF($H$95<0,-$H$95/(-$H$95+100),100/($H$95+100))) | J95: =IF($H$95="","",$F$95*IF($H$95<0,-100/$H$95,$H$95/100)-(1-$F$95)) | K95: =IF($H$95="","",MAX(0,($F$95*IF($H$95<0,-100/$H$95,$H$95/100)-(1-$F$95))/IF($H$95<0,-100/$H$95,$H$95/100))*'Settings'!$B$3) | L95: =IF($H$95="","",ROUND(MIN($K$95,'Settings'!$B$5)*'Settings'!$B$2,2)) | M95: =IF($J$95="","",IF($J$95<0,"Pass",IF($J$95<'Settings'!$B$4,"Thin",IF($J$95<0.06,"✅ Sharp band",IF($J$95<0.08,"Strong","⚠ Verify (stale?)"))))) | N95: Model 48.4% (fair +107). Your call. | P95: =IF(OR($H$95="",$O$95=""),"",(1+IF($H$95<0,-100/$H$95,$H$95/100))/(1+IF($O$95<0,-100/$O$95,$O$95/100))-1)
A96: 2026-07-10 | B96: Seattle Mariners @ Tampa Bay Rays | C96: 23:10 | D96: Total | E96: Under 8.5 | F96: 0.5159 | G96: -107 | H96: 100 | I96: =IF($H$96="","",IF($H$96<0,-$H$96/(-$H$96+100),100/($H$96+100))) | J96: =IF($H$96="","",$F$96*IF($H$96<0,-100/$H$96,$H$96/100)-(1-$F$96)) | K96: =IF($H$96="","",MAX(0,($F$96*IF($H$96<0,-100/$H$96,$H$96/100)-(1-$F$96))/IF($H$96<0,-100/$H$96,$H$96/100))*'Settings'!$B$3) | L96: =IF($H$96="","",ROUND(MIN($K$96,'Settings'!$B$5)*'Settings'!$B$2,2)) | M96: =IF($J$96="","",IF($J$96<0,"Pass",IF($J$96<'Settings'!$B$4,"Thin",IF($J$96<0.06,"✅ Sharp band",IF($J$96<0.08,"Strong","⚠ Verify (stale?)"))))) | N96: Model 51.6% (fair -107). Your call. | P96: =IF(OR($H$96="",$O$96=""),"",(1+IF($H$96<0,-100/$H$96,$H$96/100))/(1+IF($O$96<0,-100/$O$96,$O$96/100))-1)
A97: 2026-07-10 | B97: Seattle Mariners @ Tampa Bay Rays | C97: 23:10 | D97: Spread | E97: Tampa Bay Rays +1.5 | F97: 0.6269 | G97: -168 | H97: -185 | I97: =IF($H$97="","",IF($H$97<0,-$H$97/(-$H$97+100),100/($H$97+100))) | J97: =IF($H$97="","",$F$97*IF($H$97<0,-100/$H$97,$H$97/100)-(1-$F$97)) | K97: =IF($H$97="","",MAX(0,($F$97*IF($H$97<0,-100/$H$97,$H$97/100)-(1-$F$97))/IF($H$97<0,-100/$H$97,$H$97/100))*'Settings'!$B$3) | L97: =IF($H$97="","",ROUND(MIN($K$97,'Settings'!$B$5)*'Settings'!$B$2,2)) | M97: =IF($J$97="","",IF($J$97<0,"Pass",IF($J$97<'Settings'!$B$4,"Thin",IF($J$97<0.06,"✅ Sharp band",IF($J$97<0.08,"Strong","⚠ Verify (stale?)"))))) | N97: Model 62.7% (fair -168). Your call. | P97: =IF(OR($H$97="",$O$97=""),"",(1+IF($H$97<0,-100/$H$97,$H$97/100))/(1+IF($O$97<0,-100/$O$97,$O$97/100))-1)
A98: 2026-07-10 | B98: Seattle Mariners @ Tampa Bay Rays | C98: 23:10 | D98: Spread | E98: Seattle Mariners -1.5 | F98: 0.3731 | G98: 168 | H98: 155 | I98: =IF($H$98="","",IF($H$98<0,-$H$98/(-$H$98+100),100/($H$98+100))) | J98: =IF($H$98="","",$F$98*IF($H$98<0,-100/$H$98,$H$98/100)-(1-$F$98)) | K98: =IF($H$98="","",MAX(0,($F$98*IF($H$98<0,-100/$H$98,$H$98/100)-(1-$F$98))/IF($H$98<0,-100/$H$98,$H$98/100))*'Settings'!$B$3) | L98: =IF($H$98="","",ROUND(MIN($K$98,'Settings'!$B$5)*'Settings'!$B$2,2)) | M98: =IF($J$98="","",IF($J$98<0,"Pass",IF($J$98<'Settings'!$B$4,"Thin",IF($J$98<0.06,"✅ Sharp band",IF($J$98<0.08,"Strong","⚠ Verify (stale?)"))))) | N98: Model 37.3% (fair +168). Your call. | P98: =IF(OR($H$98="",$O$98=""),"",(1+IF($H$98<0,-100/$H$98,$H$98/100))/(1+IF($O$98<0,-100/$O$98,$O$98/100))-1)
A99: 2026-07-10 | B99: Cleveland Guardians @ Miami Marlins | C99: 23:10 | D99: Moneyline | E99: Cleveland Guardians | F99: 0.4699 | G99: 113 | H99: 104 | I99: =IF($H$99="","",IF($H$99<0,-$H$99/(-$H$99+100),100/($H$99+100))) | J99: =IF($H$99="","",$F$99*IF($H$99<0,-100/$H$99,$H$99/100)-(1-$F$99)) | K99: =IF($H$99="","",MAX(0,($F$99*IF($H$99<0,-100/$H$99,$H$99/100)-(1-$F$99))/IF($H$99<0,-100/$H$99,$H$99/100))*'Settings'!$B$3) | L99: =IF($H$99="","",ROUND(MIN($K$99,'Settings'!$B$5)*'Settings'!$B$2,2)) | M99: =IF($J$99="","",IF($J$99<0,"Pass",IF($J$99<'Settings'!$B$4,"Thin",IF($J$99<0.06,"✅ Sharp band",IF($J$99<0.08,"Strong","⚠ Verify (stale?)"))))) | N99: Model 47.0% (fair +113). Your call. | P99: =IF(OR($H$99="",$O$99=""),"",(1+IF($H$99<0,-100/$H$99,$H$99/100))/(1+IF($O$99<0,-100/$O$99,$O$99/100))-1)
A100: 2026-07-10 | B100: Cleveland Guardians @ Miami Marlins | C100: 23:10 | D100: Moneyline | E100: Miami Marlins | F100: 0.5301 | G100: -113 | H100: 100 | I100: =IF($H$100="","",IF($H$100<0,-$H$100/(-$H$100+100),100/($H$100+100))) | J100: =IF($H$100="","",$F$100*IF($H$100<0,-100/$H$100,$H$100/100)-(1-$F$100)) | K100: =IF($H$100="","",MAX(0,($F$100*IF($H$100<0,-100/$H$100,$H$100/100)-(1-$F$100))/IF($H$100<0,-100/$H$100,$H$100/100))*'Settings'!$B$3) | L100: =IF($H$100="","",ROUND(MIN($K$100,'Settings'!$B$5)*'Settings'!$B$2,2)) | M100: =IF($J$100="","",IF($J$100<0,"Pass",IF($J$100<'Settings'!$B$4,"Thin",IF($J$100<0.06,"✅ Sharp band",IF($J$100<0.08,"Strong","⚠ Verify (stale?)"))))) | N100: Model 53.0% (fair -113). Your call. | P100: =IF(OR($H$100="",$O$100=""),"",(1+IF($H$100<0,-100/$H$100,$H$100/100))/(1+IF($O$100<0,-100/$O$100,$O$100/100))-1)
A101: 2026-07-10 | B101: Boston Red Sox @ New York Mets | C101: 23:15 | D101: Moneyline | E101: Boston Red Sox | F101: 0.4443 | G101: 125 | H101: 117 | I101: =IF($H$101="","",IF($H$101<0,-$H$101/(-$H$101+100),100/($H$101+100))) | J101: =IF($H$101="","",$F$101*IF($H$101<0,-100/$H$101,$H$101/100)-(1-$F$101)) | K101: =IF($H$101="","",MAX(0,($F$101*IF($H$101<0,-100/$H$101,$H$101/100)-(1-$F$101))/IF($H$101<0,-100/$H$101,$H$101/100))*'Settings'!$B$3) | L101: =IF($H$101="","",ROUND(MIN($K$101,'Settings'!$B$5)*'Settings'!$B$2,2)) | M101: =IF($J$101="","",IF($J$101<0,"Pass",IF($J$101<'Settings'!$B$4,"Thin",IF($J$101<0.06,"✅ Sharp band",IF($J$101<0.08,"Strong","⚠ Verify (stale?)"))))) | N101: Model 44.4% (fair +125). Your call. | P101: =IF(OR($H$101="",$O$101=""),"",(1+IF($H$101<0,-100/$H$101,$H$101/100))/(1+IF($O$101<0,-100/$O$101,$O$101/100))-1)
...

Sheet WNBA Games
A1: WNBA — game markets
A2: Moneyline · Total · Spread. Yellow = your price.
A4: Date | B4: Matchup | C4: Start | D4: Market | E4: Selection | F4: Model Win% | G4: Model Fair | H4: ✏ Your Odds | I4: Implied% | J4: Your Edge (EV) | K4: ¼-Kelly % | L4: Stake $ | M4: Verdict | N4: Model read | O4: ✏ Closing | P4: CLV %
A5: 2026-07-09 | B5: Seattle Storm @ Atlanta Dream | C5: 00:00 | D5: Moneyline | E5: Seattle Storm | F5: 0.2065 | G5: 384 | H5: 495 | I5: =IF($H$5="","",IF($H$5<0,-$H$5/(-$H$5+100),100/($H$5+100))) | J5: =IF($H$5="","",$F$5*IF($H$5<0,-100/$H$5,$H$5/100)-(1-$F$5)) | K5: =IF($H$5="","",MAX(0,($F$5*IF($H$5<0,-100/$H$5,$H$5/100)-(1-$F$5))/IF($H$5<0,-100/$H$5,$H$5/100))*'Settings'!$B$3) | L5: =IF($H$5="","",ROUND(MIN($K$5,'Settings'!$B$5)*'Settings'!$B$2,2)) | M5: =IF($J$5="","",IF($J$5<0,"Pass",IF($J$5<'Settings'!$B$4,"Thin",IF($J$5<0.06,"✅ Sharp band",IF($J$5<0.08,"Strong","⚠ Verify (stale?)"))))) | N5: Model 20.7% (fair +384). Your call. | P5: =IF(OR($H$5="",$O$5=""),"",(1+IF($H$5<0,-100/$H$5,$H$5/100))/(1+IF($O$5<0,-100/$O$5,$O$5/100))-1)
A6: 2026-07-09 | B6: Seattle Storm @ Atlanta Dream | C6: 00:00 | D6: Moneyline | E6: Atlanta Dream | F6: 0.7935 | G6: -384 | H6: -456 | I6: =IF($H$6="","",IF($H$6<0,-$H$6/(-$H$6+100),100/($H$6+100))) | J6: =IF($H$6="","",$F$6*IF($H$6<0,-100/$H$6,$H$6/100)-(1-$F$6)) | K6: =IF($H$6="","",MAX(0,($F$6*IF($H$6<0,-100/$H$6,$H$6/100)-(1-$F$6))/IF($H$6<0,-100/$H$6,$H$6/100))*'Settings'!$B$3) | L6: =IF($H$6="","",ROUND(MIN($K$6,'Settings'!$B$5)*'Settings'!$B$2,2)) | M6: =IF($J$6="","",IF($J$6<0,"Pass",IF($J$6<'Settings'!$B$4,"Thin",IF($J$6<0.06,"✅ Sharp band",IF($J$6<0.08,"Strong","⚠ Verify (stale?)"))))) | N6: Model 79.3% (fair -384). Your call. | P6: =IF(OR($H$6="",$O$6=""),"",(1+IF($H$6<0,-100/$H$6,$H$6/100))/(1+IF($O$6<0,-100/$O$6,$O$6/100))-1)
A7: 2026-07-09 | B7: Seattle Storm @ Atlanta Dream | C7: 00:00 | D7: Total | E7: Over 168.5 | F7: 0.5395 | G7: -117 | H7: -102 | I7: =IF($H$7="","",IF($H$7<0,-$H$7/(-$H$7+100),100/($H$7+100))) | J7: =IF($H$7="","",$F$7*IF($H$7<0,-100/$H$7,$H$7/100)-(1-$F$7)) | K7: =IF($H$7="","",MAX(0,($F$7*IF($H$7<0,-100/$H$7,$H$7/100)-(1-$F$7))/IF($H$7<0,-100/$H$7,$H$7/100))*'Settings'!$B$3) | L7: =IF($H$7="","",ROUND(MIN($K$7,'Settings'!$B$5)*'Settings'!$B$2,2)) | M7: =IF($J$7="","",IF($J$7<0,"Pass",IF($J$7<'Settings'!$B$4,"Thin",IF($J$7<0.06,"✅ Sharp band",IF($J$7<0.08,"Strong","⚠ Verify (stale?)"))))) | N7: Model 53.9% (fair -117). Your call. | P7: =IF(OR($H$7="",$O$7=""),"",(1+IF($H$7<0,-100/$H$7,$H$7/100))/(1+IF($O$7<0,-100/$O$7,$O$7/100))-1)
A8: 2026-07-09 | B8: Seattle Storm @ Atlanta Dream | C8: 00:00 | D8: Total | E8: Under 168.5 | F8: 0.4605 | G8: 117 | H8: 100 | I8: =IF($H$8="","",IF($H$8<0,-$H$8/(-$H$8+100),100/($H$8+100))) | J8: =IF($H$8="","",$F$8*IF($H$8<0,-100/$H$8,$H$8/100)-(1-$F$8)) | K8: =IF($H$8="","",MAX(0,($F$8*IF($H$8<0,-100/$H$8,$H$8/100)-(1-$F$8))/IF($H$8<0,-100/$H$8,$H$8/100))*'Settings'!$B$3) | L8: =IF($H$8="","",ROUND(MIN($K$8,'Settings'!$B$5)*'Settings'!$B$2,2)) | M8: =IF($J$8="","",IF($J$8<0,"Pass",IF($J$8<'Settings'!$B$4,"Thin",IF($J$8<0.06,"✅ Sharp band",IF($J$8<0.08,"Strong","⚠ Verify (stale?)"))))) | N8: Model 46.1% (fair +117). Your call. | P8: =IF(OR($H$8="",$O$8=""),"",(1+IF($H$8<0,-100/$H$8,$H$8/100))/(1+IF($O$8<0,-100/$O$8,$O$8/100))-1)
A9: 2026-07-09 | B9: Seattle Storm @ Atlanta Dream | C9: 00:00 | D9: Spread | E9: Atlanta Dream -12.5 | F9: 0.38178831 | G9: 162 | H9: 102 | I9: =IF($H$9="","",IF($H$9<0,-$H$9/(-$H$9+100),100/($H$9+100))) | J9: =IF($H$9="","",$F$9*IF($H$9<0,-100/$H$9,$H$9/100)-(1-$F$9)) | K9: =IF($H$9="","",MAX(0,($F$9*IF($H$9<0,-100/$H$9,$H$9/100)-(1-$F$9))/IF($H$9<0,-100/$H$9,$H$9/100))*'Settings'!$B$3) | L9: =IF($H$9="","",ROUND(MIN($K$9,'Settings'!$B$5)*'Settings'!$B$2,2)) | M9: =IF($J$9="","",IF($J$9<0,"Pass",IF($J$9<'Settings'!$B$4,"Thin",IF($J$9<0.06,"✅ Sharp band",IF($J$9<0.08,"Strong","⚠ Verify (stale?)"))))) | N9: Model 38.2% (fair +162). Your call. | P9: =IF(OR($H$9="",$O$9=""),"",(1+IF($H$9<0,-100/$H$9,$H$9/100))/(1+IF($O$9<0,-100/$O$9,$O$9/100))-1)
A10: 2026-07-09 | B10: Seattle Storm @ Atlanta Dream | C10: 00:00 | D10: Spread | E10: Seattle Storm +12.5 | F10: 0.61821169 | G10: -162 | H10: 376 | I10: =IF($H$10="","",IF($H$10<0,-$H$10/(-$H$10+100),100/($H$10+100))) | J10: =IF($H$10="","",$F$10*IF($H$10<0,-100/$H$10,$H$10/100)-(1-$F$10)) | K10: =IF($H$10="","",MAX(0,($F$10*IF($H$10<0,-100/$H$10,$H$10/100)-(1-$F$10))/IF($H$10<0,-100/$H$10,$H$10/100))*'Settings'!$B$3) | L10: =IF($H$10="","",ROUND(MIN($K$10,'Settings'!$B$5)*'Settings'!$B$2,2)) | M10: =IF($J$10="","",IF($J$10<0,"Pass",IF($J$10<'Settings'!$B$4,"Thin",IF($J$10<0.06,"✅ Sharp band",IF($J$10<0.08,"Strong","⚠ Verify (stale?)"))))) | N10: Model 61.8% (fair -162). Your call. | P10: =IF(OR($H$10="",$O$10=""),"",(1+IF($H$10<0,-100/$H$10,$H$10/100))/(1+IF($O$10<0,-100/$O$10,$O$10/100))-1)
A11: 2026-07-09 | B11: Indiana Fever @ Phoenix Mercury | C11: 02:00 | D11: Moneyline | E11: Indiana Fever | F11: 0.5663 | G11: -131 | H11: 104 | I11: =IF($H$11="","",IF($H$11<0,-$H$11/(-$H$11+100),100/($H$11+100))) | J11: =IF($H$11="","",$F$11*IF($H$11<0,-100/$H$11,$H$11/100)-(1-$F$11)) | K11: =IF($H$11="","",MAX(0,($F$11*IF($H$11<0,-100/$H$11,$H$11/100)-(1-$F$11))/IF($H$11<0,-100/$H$11,$H$11/100))*'Settings'!$B$3) | L11: =IF($H$11="","",ROUND(MIN($K$11,'Settings'!$B$5)*'Settings'!$B$2,2)) | M11: =IF($J$11="","",IF($J$11<0,"Pass",IF($J$11<'Settings'!$B$4,"Thin",IF($J$11<0.06,"✅ Sharp band",IF($J$11<0.08,"Strong","⚠ Verify (stale?)"))))) | N11: Model 56.6% (fair -131). Your call. | P11: =IF(OR($H$11="",$O$11=""),"",(1+IF($H$11<0,-100/$H$11,$H$11/100))/(1+IF($O$11<0,-100/$O$11,$O$11/100))-1)
A12: 2026-07-09 | B12: Indiana Fever @ Phoenix Mercury | C12: 02:00 | D12: Moneyline | E12: Phoenix Mercury | F12: 0.4337 | G12: 131 | H12: -104 | I12: =IF($H$12="","",IF($H$12<0,-$H$12/(-$H$12+100),100/($H$12+100))) | J12: =IF($H$12="","",$F$12*IF($H$12<0,-100/$H$12,$H$12/100)-(1-$F$12)) | K12: =IF($H$12="","",MAX(0,($F$12*IF($H$12<0,-100/$H$12,$H$12/100)-(1-$F$12))/IF($H$12<0,-100/$H$12,$H$12/100))*'Settings'!$B$3) | L12: =IF($H$12="","",ROUND(MIN($K$12,'Settings'!$B$5)*'Settings'!$B$2,2)) | M12: =IF($J$12="","",IF($J$12<0,"Pass",IF($J$12<'Settings'!$B$4,"Thin",IF($J$12<0.06,"✅ Sharp band",IF($J$12<0.08,"Strong","⚠ Verify (stale?)"))))) | N12: Model 43.4% (fair +131). Your call. | P12: =IF(OR($H$12="",$O$12=""),"",(1+IF($H$12<0,-100/$H$12,$H$12/100))/(1+IF($O$12<0,-100/$O$12,$O$12/100))-1)
A13: 2026-07-09 | B13: Indiana Fever @ Phoenix Mercury | C13: 02:00 | D13: Total | E13: Over 171.5 | F13: 0.5771 | G13: -136 | H13: 104 | I13: =IF($H$13="","",IF($H$13<0,-$H$13/(-$H$13+100),100/($H$13+100))) | J13: =IF($H$13="","",$F$13*IF($H$13<0,-100/$H$13,$H$13/100)-(1-$F$13)) | K13: =IF($H$13="","",MAX(0,($F$13*IF($H$13<0,-100/$H$13,$H$13/100)-(1-$F$13))/IF($H$13<0,-100/$H$13,$H$13/100))*'Settings'!$B$3) | L13: =IF($H$13="","",ROUND(MIN($K$13,'Settings'!$B$5)*'Settings'!$B$2,2)) | M13: =IF($J$13="","",IF($J$13<0,"Pass",IF($J$13<'Settings'!$B$4,"Thin",IF($J$13<0.06,"✅ Sharp band",IF($J$13<0.08,"Strong","⚠ Verify (stale?)"))))) | N13: Model 57.7% (fair -136). Your call. | P13: =IF(OR($H$13="",$O$13=""),"",(1+IF($H$13<0,-100/$H$13,$H$13/100))/(1+IF($O$13<0,-100/$O$13,$O$13/100))-1)
A14: 2026-07-09 | B14: Indiana Fever @ Phoenix Mercury | C14: 02:00 | D14: Total | E14: Under 171.5 | F14: 0.4229 | G14: 136 | H14: -104 | I14: =IF($H$14="","",IF($H$14<0,-$H$14/(-$H$14+100),100/($H$14+100))) | J14: =IF($H$14="","",$F$14*IF($H$14<0,-100/$H$14,$H$14/100)-(1-$F$14)) | K14: =IF($H$14="","",MAX(0,($F$14*IF($H$14<0,-100/$H$14,$H$14/100)-(1-$F$14))/IF($H$14<0,-100/$H$14,$H$14/100))*'Settings'!$B$3) | L14: =IF($H$14="","",ROUND(MIN($K$14,'Settings'!$B$5)*'Settings'!$B$2,2)) | M14: =IF($J$14="","",IF($J$14<0,"Pass",IF($J$14<'Settings'!$B$4,"Thin",IF($J$14<0.06,"✅ Sharp band",IF($J$14<0.08,"Strong","⚠ Verify (stale?)"))))) | N14: Model 42.3% (fair +136). Your call. | P14: =IF(OR($H$14="",$O$14=""),"",(1+IF($H$14<0,-100/$H$14,$H$14/100))/(1+IF($O$14<0,-100/$O$14,$O$14/100))-1)
A15: 2026-07-09 | B15: Indiana Fever @ Phoenix Mercury | C15: 02:00 | D15: Spread | E15: Phoenix Mercury -1.5 | F15: 0.4396 | G15: 127 | H15: 105 | I15: =IF($H$15="","",IF($H$15<0,-$H$15/(-$H$15+100),100/($H$15+100))) | J15: =IF($H$15="","",$F$15*IF($H$15<0,-100/$H$15,$H$15/100)-(1-$F$15)) | K15: =IF($H$15="","",MAX(0,($F$15*IF($H$15<0,-100/$H$15,$H$15/100)-(1-$F$15))/IF($H$15<0,-100/$H$15,$H$15/100))*'Settings'!$B$3) | L15: =IF($H$15="","",ROUND(MIN($K$15,'Settings'!$B$5)*'Settings'!$B$2,2)) | M15: =IF($J$15="","",IF($J$15<0,"Pass",IF($J$15<'Settings'!$B$4,"Thin",IF($J$15<0.06,"✅ Sharp band",IF($J$15<0.08,"Strong","⚠ Verify (stale?)"))))) | N15: Model 44.0% (fair +127). Your call. | P15: =IF(OR($H$15="",$O$15=""),"",(1+IF($H$15<0,-100/$H$15,$H$15/100))/(1+IF($O$15<0,-100/$O$15,$O$15/100))-1)
A16: 2026-07-09 | B16: Indiana Fever @ Phoenix Mercury | C16: 02:00 | D16: Spread | E16: Indiana Fever +1.5 | F16: 0.5604 | G16: -127 | H16: 100 | I16: =IF($H$16="","",IF($H$16<0,-$H$16/(-$H$16+100),100/($H$16+100))) | J16: =IF($H$16="","",$F$16*IF($H$16<0,-100/$H$16,$H$16/100)-(1-$F$16)) | K16: =IF($H$16="","",MAX(0,($F$16*IF($H$16<0,-100/$H$16,$H$16/100)-(1-$F$16))/IF($H$16<0,-100/$H$16,$H$16/100))*'Settings'!$B$3) | L16: =IF($H$16="","",ROUND(MIN($K$16,'Settings'!$B$5)*'Settings'!$B$2,2)) | M16: =IF($J$16="","",IF($J$16<0,"Pass",IF($J$16<'Settings'!$B$4,"Thin",IF($J$16<0.06,"✅ Sharp band",IF($J$16<0.08,"Strong","⚠ Verify (stale?)"))))) | N16: Model 56.0% (fair -127). Your call. | P16: =IF(OR($H$16="",$O$16=""),"",(1+IF($H$16<0,-100/$H$16,$H$16/100))/(1+IF($O$16<0,-100/$O$16,$O$16/100))-1)
A17: 2026-07-09 | B17: Las Vegas Aces @ Portland Fire | C17: 02:00 | D17: Moneyline | E17: Las Vegas Aces | F17: 0.7556 | G17: -309 | H17: -335 | I17: =IF($H$17="","",IF($H$17<0,-$H$17/(-$H$17+100),100/($H$17+100))) | J17: =IF($H$17="","",$F$17*IF($H$17<0,-100/$H$17,$H$17/100)-(1-$F$17)) | K17: =IF($H$17="","",MAX(0,($F$17*IF($H$17<0,-100/$H$17,$H$17/100)-(1-$F$17))/IF($H$17<0,-100/$H$17,$H$17/100))*'Settings'!$B$3) | L17: =IF($H$17="","",ROUND(MIN($K$17,'Settings'!$B$5)*'Settings'!$B$2,2)) | M17: =IF($J$17="","",IF($J$17<0,"Pass",IF($J$17<'Settings'!$B$4,"Thin",IF($J$17<0.06,"✅ Sharp band",IF($J$17<0.08,"Strong","⚠ Verify (stale?)"))))) | N17: Model 75.6% (fair -309). Your call. | P17: =IF(OR($H$17="",$O$17=""),"",(1+IF($H$17<0,-100/$H$17,$H$17/100))/(1+IF($O$17<0,-100/$O$17,$O$17/100))-1)
A18: 2026-07-09 | B18: Las Vegas Aces @ Portland Fire | C18: 02:00 | D18: Moneyline | E18: Portland Fire | F18: 0.2444 | G18: 309 | H18: 335 | I18: =IF($H$18="","",IF($H$18<0,-$H$18/(-$H$18+100),100/($H$18+100))) | J18: =IF($H$18="","",$F$18*IF($H$18<0,-100/$H$18,$H$18/100)-(1-$F$18)) | K18: =IF($H$18="","",MAX(0,($F$18*IF($H$18<0,-100/$H$18,$H$18/100)-(1-$F$18))/IF($H$18<0,-100/$H$18,$H$18/100))*'Settings'!$B$3) | L18: =IF($H$18="","",ROUND(MIN($K$18,'Settings'!$B$5)*'Settings'!$B$2,2)) | M18: =IF($J$18="","",IF($J$18<0,"Pass",IF($J$18<'Settings'!$B$4,"Thin",IF($J$18<0.06,"✅ Sharp band",IF($J$18<0.08,"Strong","⚠ Verify (stale?)"))))) | N18: Model 24.4% (fair +309). Your call. | P18: =IF(OR($H$18="",$O$18=""),"",(1+IF($H$18<0,-100/$H$18,$H$18/100))/(1+IF($O$18<0,-100/$O$18,$O$18/100))-1)
A19: 2026-07-09 | B19: Las Vegas Aces @ Portland Fire | C19: 02:00 | D19: Total | E19: Over 174.5 | F19: 0.5476 | G19: -121 | H19: 104 | I19: =IF($H$19="","",IF($H$19<0,-$H$19/(-$H$19+100),100/($H$19+100))) | J19: =IF($H$19="","",$F$19*IF($H$19<0,-100/$H$19,$H$19/100)-(1-$F$19)) | K19: =IF($H$19="","",MAX(0,($F$19*IF($H$19<0,-100/$H$19,$H$19/100)-(1-$F$19))/IF($H$19<0,-100/$H$19,$H$19/100))*'Settings'!$B$3) | L19: =IF($H$19="","",ROUND(MIN($K$19,'Settings'!$B$5)*'Settings'!$B$2,2)) | M19: =IF($J$19="","",IF($J$19<0,"Pass",IF($J$19<'Settings'!$B$4,"Thin",IF($J$19<0.06,"✅ Sharp band",IF($J$19<0.08,"Strong","⚠ Verify (stale?)"))))) | N19: Model 54.8% (fair -121). Your call. | P19: =IF(OR($H$19="",$O$19=""),"",(1+IF($H$19<0,-100/$H$19,$H$19/100))/(1+IF($O$19<0,-100/$O$19,$O$19/100))-1)
A20: 2026-07-09 | B20: Las Vegas Aces @ Portland Fire | C20: 02:00 | D20: Total | E20: Under 174.5 | F20: 0.4524 | G20: 121 | H20: -102 | I20: =IF($H$20="","",IF($H$20<0,-$H$20/(-$H$20+100),100/($H$20+100))) | J20: =IF($H$20="","",$F$20*IF($H$20<0,-100/$H$20,$H$20/100)-(1-$F$20)) | K20: =IF($H$20="","",MAX(0,($F$20*IF($H$20<0,-100/$H$20,$H$20/100)-(1-$F$20))/IF($H$20<0,-100/$H$20,$H$20/100))*'Settings'!$B$3) | L20: =IF($H$20="","",ROUND(MIN($K$20,'Settings'!$B$5)*'Settings'!$B$2,2)) | M20: =IF($J$20="","",IF($J$20<0,"Pass",IF($J$20<'Settings'!$B$4,"Thin",IF($J$20<0.06,"✅ Sharp band",IF($J$20<0.08,"Strong","⚠ Verify (stale?)"))))) | N20: Model 45.2% (fair +121). Your call. | P20: =IF(OR($H$20="",$O$20=""),"",(1+IF($H$20<0,-100/$H$20,$H$20/100))/(1+IF($O$20<0,-100/$O$20,$O$20/100))-1)
A21: 2026-07-09 | B21: Las Vegas Aces @ Portland Fire | C21: 02:00 | D21: Spread | E21: Portland Fire +7.5 | F21: 0.5501278 | G21: -122 | H21: 122 | I21: =IF($H$21="","",IF($H$21<0,-$H$21/(-$H$21+100),100/($H$21+100))) | J21: =IF($H$21="","",$F$21*IF($H$21<0,-100/$H$21,$H$21/100)-(1-$F$21)) | K21: =IF($H$21="","",MAX(0,($F$21*IF($H$21<0,-100/$H$21,$H$21/100)-(1-$F$21))/IF($H$21<0,-100/$H$21,$H$21/100))*'Settings'!$B$3) | L21: =IF($H$21="","",ROUND(MIN($K$21,'Settings'!$B$5)*'Settings'!$B$2,2)) | M21: =IF($J$21="","",IF($J$21<0,"Pass",IF($J$21<'Settings'!$B$4,"Thin",IF($J$21<0.06,"✅ Sharp band",IF($J$21<0.08,"Strong","⚠ Verify (stale?)"))))) | N21: Model 55.0% (fair -122). Your call. | P21: =IF(OR($H$21="",$O$21=""),"",(1+IF($H$21<0,-100/$H$21,$H$21/100))/(1+IF($O$21<0,-100/$O$21,$O$21/100))-1)
A22: 2026-07-09 | B22: Las Vegas Aces @ Portland Fire | C22: 02:00 | D22: Spread | E22: Las Vegas Aces -7.5 | F22: 0.4498722 | G22: 122 | H22: 104 | I22: =IF($H$22="","",IF($H$22<0,-$H$22/(-$H$22+100),100/($H$22+100))) | J22: =IF($H$22="","",$F$22*IF($H$22<0,-100/$H$22,$H$22/100)-(1-$F$22)) | K22: =IF($H$22="","",MAX(0,($F$22*IF($H$22<0,-100/$H$22,$H$22/100)-(1-$F$22))/IF($H$22<0,-100/$H$22,$H$22/100))*'Settings'!$B$3) | L22: =IF($H$22="","",ROUND(MIN($K$22,'Settings'!$B$5)*'Settings'!$B$2,2)) | M22: =IF($J$22="","",IF($J$22<0,"Pass",IF($J$22<'Settings'!$B$4,"Thin",IF($J$22<0.06,"✅ Sharp band",IF($J$22<0.08,"Strong","⚠ Verify (stale?)"))))) | N22: Model 45.0% (fair +122). Your call. | P22: =IF(OR($H$22="",$O$22=""),"",(1+IF($H$22<0,-100/$H$22,$H$22/100))/(1+IF($O$22<0,-100/$O$22,$O$22/100))-1)
A23: 2026-07-10 | B23: Golden State Valkyries @ Connecticut Sun | C23: 23:30 | D23: Moneyline | E23: Golden State Valkyries | F23: 0.7494 | G23: -299 | H23: -292 | I23: =IF($H$23="","",IF($H$23<0,-$H$23/(-$H$23+100),100/($H$23+100))) | J23: =IF($H$23="","",$F$23*IF($H$23<0,-100/$H$23,$H$23/100)-(1-$F$23)) | K23: =IF($H$23="","",MAX(0,($F$23*IF($H$23<0,-100/$H$23,$H$23/100)-(1-$F$23))/IF($H$23<0,-100/$H$23,$H$23/100))*'Settings'!$B$3) | L23: =IF($H$23="","",ROUND(MIN($K$23,'Settings'!$B$5)*'Settings'!$B$2,2)) | M23: =IF($J$23="","",IF($J$23<0,"Pass",IF($J$23<'Settings'!$B$4,"Thin",IF($J$23<0.06,"✅ Sharp band",IF($J$23<0.08,"Strong","⚠ Verify (stale?)"))))) | N23: Model 74.9% (fair -299). Your call. | P23: =IF(OR($H$23="",$O$23=""),"",(1+IF($H$23<0,-100/$H$23,$H$23/100))/(1+IF($O$23<0,-100/$O$23,$O$23/100))-1)
A24: 2026-07-10 | B24: Golden State Valkyries @ Connecticut Sun | C24: 23:30 | D24: Moneyline | E24: Connecticut Sun | F24: 0.2506 | G24: 299 | H24: 320 | I24: =IF($H$24="","",IF($H$24<0,-$H$24/(-$H$24+100),100/($H$24+100))) | J24: =IF($H$24="","",$F$24*IF($H$24<0,-100/$H$24,$H$24/100)-(1-$F$24)) | K24: =IF($H$24="","",MAX(0,($F$24*IF($H$24<0,-100/$H$24,$H$24/100)-(1-$F$24))/IF($H$24<0,-100/$H$24,$H$24/100))*'Settings'!$B$3) | L24: =IF($H$24="","",ROUND(MIN($K$24,'Settings'!$B$5)*'Settings'!$B$2,2)) | M24: =IF($J$24="","",IF($J$24<0,"Pass",IF($J$24<'Settings'!$B$4,"Thin",IF($J$24<0.06,"✅ Sharp band",IF($J$24<0.08,"Strong","⚠ Verify (stale?)"))))) | N24: Model 25.1% (fair +299). Your call. | P24: =IF(OR($H$24="",$O$24=""),"",(1+IF($H$24<0,-100/$H$24,$H$24/100))/(1+IF($O$24<0,-100/$O$24,$O$24/100))-1)
A25: 2026-07-10 | B25: Golden State Valkyries @ Connecticut Sun | C25: 23:30 | D25: Total | E25: Over 154.5 | F25: 0.5767 | G25: -136 | H25: 100 | I25: =IF($H$25="","",IF($H$25<0,-$H$25/(-$H$25+100),100/($H$25+100))) | J25: =IF($H$25="","",$F$25*IF($H$25<0,-100/$H$25,$H$25/100)-(1-$F$25)) | K25: =IF($H$25="","",MAX(0,($F$25*IF($H$25<0,-100/$H$25,$H$25/100)-(1-$F$25))/IF($H$25<0,-100/$H$25,$H$25/100))*'Settings'!$B$3) | L25: =IF($H$25="","",ROUND(MIN($K$25,'Settings'!$B$5)*'Settings'!$B$2,2)) | M25: =IF($J$25="","",IF($J$25<0,"Pass",IF($J$25<'Settings'!$B$4,"Thin",IF($J$25<0.06,"✅ Sharp band",IF($J$25<0.08,"Strong","⚠ Verify (stale?)"))))) | N25: Model 57.7% (fair -136). Your call. | P25: =IF(OR($H$25="",$O$25=""),"",(1+IF($H$25<0,-100/$H$25,$H$25/100))/(1+IF($O$25<0,-100/$O$25,$O$25/100))-1)
A26: 2026-07-10 | B26: Golden State Valkyries @ Connecticut Sun | C26: 23:30 | D26: Total | E26: Under 154.5 | F26: 0.4233 | G26: 136 | H26: 100 | I26: =IF($H$26="","",IF($H$26<0,-$H$26/(-$H$26+100),100/($H$26+100))) | J26: =IF($H$26="","",$F$26*IF($H$26<0,-100/$H$26,$H$26/100)-(1-$F$26)) | K26: =IF($H$26="","",MAX(0,($F$26*IF($H$26<0,-100/$H$26,$H$26/100)-(1-$F$26))/IF($H$26<0,-100/$H$26,$H$26/100))*'Settings'!$B$3) | L26: =IF($H$26="","",ROUND(MIN($K$26,'Settings'!$B$5)*'Settings'!$B$2,2)) | M26: =IF($J$26="","",IF($J$26<0,"Pass",IF($J$26<'Settings'!$B$4,"Thin",IF($J$26<0.06,"✅ Sharp band",IF($J$26<0.08,"Strong","⚠ Verify (stale?)"))))) | N26: Model 42.3% (fair +136). Your call. | P26: =IF(OR($H$26="",$O$26=""),"",(1+IF($H$26<0,-100/$H$26,$H$26/100))/(1+IF($O$26<0,-100/$O$26,$O$26/100))-1)
A27: 2026-07-10 | B27: Golden State Valkyries @ Connecticut Sun | C27: 23:30 | D27: Spread | E27: Connecticut Sun +6.5 | F27: 0.48147313 | G27: 108 | H27: 122 | I27: =IF($H$27="","",IF($H$27<0,-$H$27/(-$H$27+100),100/($H$27+100))) | J27: =IF($H$27="","",$F$27*IF($H$27<0,-100/$H$27,$H$27/100)-(1-$F$27)) | K27: =IF($H$27="","",MAX(0,($F$27*IF($H$27<0,-100/$H$27,$H$27/100)-(1-$F$27))/IF($H$27<0,-100/$H$27,$H$27/100))*'Settings'!$B$3) | L27: =IF($H$27="","",ROUND(MIN($K$27,'Settings'!$B$5)*'Settings'!$B$2,2)) | M27: =IF($J$27="","",IF($J$27<0,"Pass",IF($J$27<'Settings'!$B$4,"Thin",IF($J$27<0.06,"✅ Sharp band",IF($J$27<0.08,"Strong","⚠ Verify (stale?)"))))) | N27: Model 48.1% (fair +108). Your call. | P27: =IF(OR($H$27="",$O$27=""),"",(1+IF($H$27<0,-100/$H$27,$H$27/100))/(1+IF($O$27<0,-100/$O$27,$O$27/100))-1)
A28: 2026-07-10 | B28: Golden State Valkyries @ Connecticut Sun | C28: 23:30 | D28: Spread | E28: Golden State Valkyries -6.5 | F28: 0.51852687 | G28: -108 | H28: 100 | I28: =IF($H$28="","",IF($H$28<0,-$H$28/(-$H$28+100),100/($H$28+100))) | J28: =IF($H$28="","",$F$28*IF($H$28<0,-100/$H$28,$H$28/100)-(1-$F$28)) | K28: =IF($H$28="","",MAX(0,($F$28*IF($H$28<0,-100/$H$28,$H$28/100)-(1-$F$28))/IF($H$28<0,-100/$H$28,$H$28/100))*'Settings'!$B$3) | L28: =IF($H$28="","",ROUND(MIN($K$28,'Settings'!$B$5)*'Settings'!$B$2,2)) | M28: =IF($J$28="","",IF($J$28<0,"Pass",IF($J$28<'Settings'!$B$4,"Thin",IF($J$28<0.06,"✅ Sharp band",IF($J$28<0.08,"Strong","⚠ Verify (stale?)"))))) | N28: Model 51.9% (fair -108). Your call. | P28: =IF(OR($H$28="",$O$28=""),"",(1+IF($H$28<0,-100/$H$28,$H$28/100))/(1+IF($O$28<0,-100/$O$28,$O$28/100))-1)
A29: 2026-07-10 | B29: Dallas Wings @ Toronto Tempo | C29: 23:30 | D29: Moneyline | E29: Dallas Wings | F29: 0.7001 | G29: -233 | H29: -257 | I29: =IF($H$29="","",IF($H$29<0,-$H$29/(-$H$29+100),100/($H$29+100))) | J29: =IF($H$29="","",$F$29*IF($H$29<0,-100/$H$29,$H$29/100)-(1-$F$29)) | K29: =IF($H$29="","",MAX(0,($F$29*IF($H$29<0,-100/$H$29,$H$29/100)-(1-$F$29))/IF($H$29<0,-100/$H$29,$H$29/100))*'Settings'!$B$3) | L29: =IF($H$29="","",ROUND(MIN($K$29,'Settings'!$B$5)*'Settings'!$B$2,2)) | M29: =IF($J$29="","",IF($J$29<0,"Pass",IF($J$29<'Settings'!$B$4,"Thin",IF($J$29<0.06,"✅ Sharp band",IF($J$29<0.08,"Strong","⚠ Verify (stale?)"))))) | N29: Model 70.0% (fair -233). Your call. | P29: =IF(OR($H$29="",$O$29=""),"",(1+IF($H$29<0,-100/$H$29,$H$29/100))/(1+IF($O$29<0,-100/$O$29,$O$29/100))-1)
A30: 2026-07-10 | B30: Dallas Wings @ Toronto Tempo | C30: 23:30 | D30: Moneyline | E30: Toronto Tempo | F30: 0.2999 | G30: 233 | H30: 264 | I30: =IF($H$30="","",IF($H$30<0,-$H$30/(-$H$30+100),100/($H$30+100))) | J30: =IF($H$30="","",$F$30*IF($H$30<0,-100/$H$30,$H$30/100)-(1-$F$30)) | K30: =IF($H$30="","",MAX(0,($F$30*IF($H$30<0,-100/$H$30,$H$30/100)-(1-$F$30))/IF($H$30<0,-100/$H$30,$H$30/100))*'Settings'!$B$3) | L30: =IF($H$30="","",ROUND(MIN($K$30,'Settings'!$B$5)*'Settings'!$B$2,2)) | M30: =IF($J$30="","",IF($J$30<0,"Pass",IF($J$30<'Settings'!$B$4,"Thin",IF($J$30<0.06,"✅ Sharp band",IF($J$30<0.08,"Strong","⚠ Verify (stale?)"))))) | N30: Model 30.0% (fair +233). Your call. | P30: =IF(OR($H$30="",$O$30=""),"",(1+IF($H$30<0,-100/$H$30,$H$30/100))/(1+IF($O$30<0,-100/$O$30,$O$30/100))-1)
A31: 2026-07-10 | B31: Dallas Wings @ Toronto Tempo | C31: 23:30 | D31: Total | E31: Over 180.5 | F31: 0.5349 | G31: -115 | H31: -108 | I31: =IF($H$31="","",IF($H$31<0,-$H$31/(-$H$31+100),100/($H$31+100))) | J31: =IF($H$31="","",$F$31*IF($H$31<0,-100/$H$31,$H$31/100)-(1-$F$31)) | K31: =IF($H$31="","",MAX(0,($F$31*IF($H$31<0,-100/$H$31,$H$31/100)-(1-$F$31))/IF($H$31<0,-100/$H$31,$H$31/100))*'Settings'!$B$3) | L31: =IF($H$31="","",ROUND(MIN($K$31,'Settings'!$B$5)*'Settings'!$B$2,2)) | M31: =IF($J$31="","",IF($J$31<0,"Pass",IF($J$31<'Settings'!$B$4,"Thin",IF($J$31<0.06,"✅ Sharp band",IF($J$31<0.08,"Strong","⚠ Verify (stale?)"))))) | N31: Model 53.5% (fair -115). Your call. | P31: =IF(OR($H$31="",$O$31=""),"",(1+IF($H$31<0,-100/$H$31,$H$31/100))/(1+IF($O$31<0,-100/$O$31,$O$31/100))-1)
A32: 2026-07-10 | B32: Dallas Wings @ Toronto Tempo | C32: 23:30 | D32: Total | E32: Under 180.5 | F32: 0.4651 | G32: 115 | H32: 100 | I32: =IF($H$32="","",IF($H$32<0,-$H$32/(-$H$32+100),100/($H$32+100))) | J32: =IF($H$32="","",$F$32*IF($H$32<0,-100/$H$32,$H$32/100)-(1-$F$32)) | K32: =IF($H$32="","",MAX(0,($F$32*IF($H$32<0,-100/$H$32,$H$32/100)-(1-$F$32))/IF($H$32<0,-100/$H$32,$H$32/100))*'Settings'!$B$3) | L32: =IF($H$32="","",ROUND(MIN($K$32,'Settings'!$B$5)*'Settings'!$B$2,2)) | M32: =IF($J$32="","",IF($J$32<0,"Pass",IF($J$32<'Settings'!$B$4,"Thin",IF($J$32<0.06,"✅ Sharp band",IF($J$32<0.08,"Strong","⚠ Verify (stale?)"))))) | N32: Model 46.5% (fair +115). Your call. | P32: =IF(OR($H$32="",$O$32=""),"",(1+IF($H$32<0,-100/$H$32,$H$32/100))/(1+IF($O$32<0,-100/$O$32,$O$32/100))-1)
A33: 2026-07-10 | B33: Dallas Wings @ Toronto Tempo | C33: 23:30 | D33: Spread | E33: Toronto Tempo +6.5 | F33: 0.5522 | G33: -123 | H33: -104 | I33: =IF($H$33="","",IF($H$33<0,-$H$33/(-$H$33+100),100/($H$33+100))) | J33: =IF($H$33="","",$F$33*IF($H$33<0,-100/$H$33,$H$33/100)-(1-$F$33)) | K33: =IF($H$33="","",MAX(0,($F$33*IF($H$33<0,-100/$H$33,$H$33/100)-(1-$F$33))/IF($H$33<0,-100/$H$33,$H$33/100))*'Settings'!$B$3) | L33: =IF($H$33="","",ROUND(MIN($K$33,'Settings'!$B$5)*'Settings'!$B$2,2)) | M33: =IF($J$33="","",IF($J$33<0,"Pass",IF($J$33<'Settings'!$B$4,"Thin",IF($J$33<0.06,"✅ Sharp band",IF($J$33<0.08,"Strong","⚠ Verify (stale?)"))))) | N33: Model 55.2% (fair -123). Your call. | P33: =IF(OR($H$33="",$O$33=""),"",(1+IF($H$33<0,-100/$H$33,$H$33/100))/(1+IF($O$33<0,-100/$O$33,$O$33/100))-1)
A34: 2026-07-10 | B34: Dallas Wings @ Toronto Tempo | C34: 23:30 | D34: Spread | E34: Dallas Wings -6.5 | F34: 0.4478 | G34: 123 | H34: -104 | I34: =IF($H$34="","",IF($H$34<0,-$H$34/(-$H$34+100),100/($H$34+100))) | J34: =IF($H$34="","",$F$34*IF($H$34<0,-100/$H$34,$H$34/100)-(1-$F$34)) | K34: =IF($H$34="","",MAX(0,($F$34*IF($H$34<0,-100/$H$34,$H$34/100)-(1-$F$34))/IF($H$34<0,-100/$H$34,$H$34/100))*'Settings'!$B$3) | L34: =IF($H$34="","",ROUND(MIN($K$34,'Settings'!$B$5)*'Settings'!$B$2,2)) | M34: =IF($J$34="","",IF($J$34<0,"Pass",IF($J$34<'Settings'!$B$4,"Thin",IF($J$34<0.06,"✅ Sharp band",IF($J$34<0.08,"Strong","⚠ Verify (stale?)"))))) | N34: Model 44.8% (fair +123). Your call. | P34: =IF(OR($H$34="",$O$34=""),"",(1+IF($H$34<0,-100/$H$34,$H$34/100))/(1+IF($O$34<0,-100/$O$34,$O$34/100))-1)
A35: 2026-07-10 | B35: Chicago Sky @ Los Angeles Sparks | C35: 02:00 | D35: Moneyline | E35: Chicago Sky | F35: 0.4471 | G35: 124 | H35: 108 | I35: =IF($H$35="","",IF($H$35<0,-$H$35/(-$H$35+100),100/($H$35+100))) | J35: =IF($H$35="","",$F$35*IF($H$35<0,-100/$H$35,$H$35/100)-(1-$F$35)) | K35: =IF($H$35="","",MAX(0,($F$35*IF($H$35<0,-100/$H$35,$H$35/100)-(1-$F$35))/IF($H$35<0,-100/$H$35,$H$35/100))*'Settings'!$B$3) | L35: =IF($H$35="","",ROUND(MIN($K$35,'Settings'!$B$5)*'Settings'!$B$2,2)) | M35: =IF($J$35="","",IF($J$35<0,"Pass",IF($J$35<'Settings'!$B$4,"Thin",IF($J$35<0.06,"✅ Sharp band",IF($J$35<0.08,"Strong","⚠ Verify (stale?)"))))) | N35: Model 44.7% (fair +124). Your call. | P35: =IF(OR($H$35="",$O$35=""),"",(1+IF($H$35<0,-100/$H$35,$H$35/100))/(1+IF($O$35<0,-100/$O$35,$O$35/100))-1)
A36: 2026-07-10 | B36: Chicago Sky @ Los Angeles Sparks | C36: 02:00 | D36: Moneyline | E36: Los Angeles Sparks | F36: 0.5529 | G36: -124 | H36: -104 | I36: =IF($H$36="","",IF($H$36<0,-$H$36/(-$H$36+100),100/($H$36+100))) | J36: =IF($H$36="","",$F$36*IF($H$36<0,-100/$H$36,$H$36/100)-(1-$F$36)) | K36: =IF($H$36="","",MAX(0,($F$36*IF($H$36<0,-100/$H$36,$H$36/100)-(1-$F$36))/IF($H$36<0,-100/$H$36,$H$36/100))*'Settings'!$B$3) | L36: =IF($H$36="","",ROUND(MIN($K$36,'Settings'!$B$5)*'Settings'!$B$2,2)) | M36: =IF($J$36="","",IF($J$36<0,"Pass",IF($J$36<'Settings'!$B$4,"Thin",IF($J$36<0.06,"✅ Sharp band",IF($J$36<0.08,"Strong","⚠ Verify (stale?)"))))) | N36: Model 55.3% (fair -124). Your call. | P36: =IF(OR($H$36="",$O$36=""),"",(1+IF($H$36<0,-100/$H$36,$H$36/100))/(1+IF($O$36<0,-100/$O$36,$O$36/100))-1)
A37: 2026-07-10 | B37: Chicago Sky @ Los Angeles Sparks | C37: 02:00 | D37: Total | E37: Over 180 | F37: 0.5479 | G37: -121 | H37: -110 | I37: =IF($H$37="","",IF($H$37<0,-$H$37/(-$H$37+100),100/($H$37+100))) | J37: =IF($H$37="","",$F$37*IF($H$37<0,-100/$H$37,$H$37/100)-(1-$F$37)) | K37: =IF($H$37="","",MAX(0,($F$37*IF($H$37<0,-100/$H$37,$H$37/100)-(1-$F$37))/IF($H$37<0,-100/$H$37,$H$37/100))*'Settings'!$B$3) | L37: =IF($H$37="","",ROUND(MIN($K$37,'Settings'!$B$5)*'Settings'!$B$2,2)) | M37: =IF($J$37="","",IF($J$37<0,"Pass",IF($J$37<'Settings'!$B$4,"Thin",IF($J$37<0.06,"✅ Sharp band",IF($J$37<0.08,"Strong","⚠ Verify (stale?)"))))) | N37: Model 54.8% (fair -121). Your call. | P37: =IF(OR($H$37="",$O$37=""),"",(1+IF($H$37<0,-100/$H$37,$H$37/100))/(1+IF($O$37<0,-100/$O$37,$O$37/100))-1)
A38: 2026-07-10 | B38: Chicago Sky @ Los Angeles Sparks | C38: 02:00 | D38: Total | E38: Under 180 | F38: 0.4292 | G38: 133 | H38: 104 | I38: =IF($H$38="","",IF($H$38<0,-$H$38/(-$H$38+100),100/($H$38+100))) | J38: =IF($H$38="","",$F$38*IF($H$38<0,-100/$H$38,$H$38/100)-(1-$F$38)) | K38: =IF($H$38="","",MAX(0,($F$38*IF($H$38<0,-100/$H$38,$H$38/100)-(1-$F$38))/IF($H$38<0,-100/$H$38,$H$38/100))*'Settings'!$B$3) | L38: =IF($H$38="","",ROUND(MIN($K$38,'Settings'!$B$5)*'Settings'!$B$2,2)) | M38: =IF($J$38="","",IF($J$38<0,"Pass",IF($J$38<'Settings'!$B$4,"Thin",IF($J$38<0.06,"✅ Sharp band",IF($J$38<0.08,"Strong","⚠ Verify (stale?)"))))) | N38: Model 42.9% (fair +133). Your call. | P38: =IF(OR($H$38="",$O$38=""),"",(1+IF($H$38<0,-100/$H$38,$H$38/100))/(1+IF($O$38<0,-100/$O$38,$O$38/100))-1)
A39: 2026-07-10 | B39: Chicago Sky @ Los Angeles Sparks | C39: 02:00 | D39: Spread | E39: Los Angeles Sparks -1.5 | F39: 0.5209 | G39: -109 | H39: 100 | I39: =IF($H$39="","",IF($H$39<0,-$H$39/(-$H$39+100),100/($H$39+100))) | J39: =IF($H$39="","",$F$39*IF($H$39<0,-100/$H$39,$H$39/100)-(1-$F$39)) | K39: =IF($H$39="","",MAX(0,($F$39*IF($H$39<0,-100/$H$39,$H$39/100)-(1-$F$39))/IF($H$39<0,-100/$H$39,$H$39/100))*'Settings'!$B$3) | L39: =IF($H$39="","",ROUND(MIN($K$39,'Settings'!$B$5)*'Settings'!$B$2,2)) | M39: =IF($J$39="","",IF($J$39<0,"Pass",IF($J$39<'Settings'!$B$4,"Thin",IF($J$39<0.06,"✅ Sharp band",IF($J$39<0.08,"Strong","⚠ Verify (stale?)"))))) | N39: Model 52.1% (fair -109). Your call. | P39: =IF(OR($H$39="",$O$39=""),"",(1+IF($H$39<0,-100/$H$39,$H$39/100))/(1+IF($O$39<0,-100/$O$39,$O$39/100))-1)
A40: 2026-07-10 | B40: Chicago Sky @ Los Angeles Sparks | C40: 02:00 | D40: Spread | E40: Chicago Sky +1.5 | F40: 0.4791 | G40: 109 | H40: -104 | I40: =IF($H$40="","",IF($H$40<0,-$H$40/(-$H$40+100),100/($H$40+100))) | J40: =IF($H$40="","",$F$40*IF($H$40<0,-100/$H$40,$H$40/100)-(1-$F$40)) | K40: =IF($H$40="","",MAX(0,($F$40*IF($H$40<0,-100/$H$40,$H$40/100)-(1-$F$40))/IF($H$40<0,-100/$H$40,$H$40/100))*'Settings'!$B$3) | L40: =IF($H$40="","",ROUND(MIN($K$40,'Settings'!$B$5)*'Settings'!$B$2,2)) | M40: =IF($J$40="","",IF($J$40<0,"Pass",IF($J$40<'Settings'!$B$4,"Thin",IF($J$40<0.06,"✅ Sharp band",IF($J$40<0.08,"Strong","⚠ Verify (stale?)"))))) | N40: Model 47.9% (fair +109). Your call. | P40: =IF(OR($H$40="",$O$40=""),"",(1+IF($H$40<0,-100/$H$40,$H$40/100))/(1+IF($O$40<0,-100/$O$40,$O$40/100))-1)

Sheet Track Record
A1: 📒 Track Record — receipts, losses included
A2: Graded in the open. A process you can audit beats a hot streak you can't.
A4: Scope | B4: Graded games | C4: Model Brier | D4: Bets | E4: Win % | F4: Units | G4: ROI % | H4: Avg CLV % | I4: CLV beat %
A5: Overall | B5: 397 | C5: 0.2503 | D5: 413 | E5: 0.4181 | F5: -36.25 | G5: -8.86 | H5: 5.36 | I5: 0.5342
A6: MLB | B6: 364 | C6: 0.2501 | D6: 369 | E6: 0.4219 | F6: -32.77 | G6: -8.98 | H6: 7.01 | I6: 0.554
A7: WNBA | B7: 32 | C7: 0.2547 | D7: 42 | E7: 0.381 | F7: -4.28 | G7: -10.2 | H7: -11.8 | I7: 0.35
A8: NBA | B8: 1 | C8: 0.1979 | D8: 2 | E8: 0.5 | F8: 0.8 | G8: 40 | H8: -2.45 | I8: 0
A10: Brier: lower is better (0.25 = a coin flip). CLV beat %: how often we beat the closing line — the earliest honest sign an edge is real, before win/loss catches up.
A13: Calibration — honesty check
A14: When the model said X%, how often it actually happened (n=357, ECE 0.057 — lower is better; a calibrated model's bars sit on the diagonal).
A16: Model said | B16: Games | C16: We predicted | D16: Actually won | E16: Gap
A17: 10–20% | B17: 1 | C17: 0.1885 | D17: 0 | E17: -0.1885
A18: 20–30% | B18: 7 | C18: 0.2599 | D18: 0.4286 | E18: 0.1687
A19: 30–40% | B19: 35 | C19: 0.3693 | D19: 0.5714 | E19: 0.2022
A20: 40–50% | B20: 115 | C20: 0.4583 | D20: 0.4174 | E20: -0.0409
A21: 50–60% | B21: 145 | C21: 0.543 | D21: 0.5517 | E21: 0.0088
A22: 60–70% | B22: 43 | C22: 0.6407 | D22: 0.5581 | E22: -0.0826
A23: 70–80% | B23: 9 | C23: 0.74 | D23: 0.5556 | E23: -0.1844
A24: 80–90% | B24: 2 | C24: 0.8538 | D24: 0.5 | E24: -0.3538

Sheet Research Hub
A1: 🔬 Research Hub
A2: Premium matchup breakdowns · 2026-07-09 · L5 window. Each game has its own tab.
A4: MLB: Atlanta Braves @ Pittsburgh Pirates
A5: MLB: Kansas City Royals @ New York Mets
A6: MLB: New York Yankees @ Tampa Bay Rays
A7: MLB: Chicago Cubs @ Baltimore Orioles
A8: MLB: Cleveland Guardians @ Minnesota Twins
A9: MLB: Boston Red Sox @ Chicago White Sox
A10: MLB: Athletics @ Detroit Tigers
A11: MLB: Seattle Mariners @ Miami Marlins
A12: MLB: Philadelphia Phillies @ Cincinnati Reds
A13: MLB: Milwaukee Brewers @ St. Louis Cardinals
A15: Tip: the website's research view lets you flip the L5/L10/L15/L20/L30/Season window live; here every window is in the table so you can read any of them.

Sheet MLB Braves @ Pirates
A1: Atlanta Braves @ Pittsburgh Pirates
A2: MLB · 2026-07-09 · L5 window
A71: Atlanta Braves offense vs Pittsburgh Pirates defense
A72: Stat | B72: A Season | C72: A L30 | D72: A L20 | E72: A L15 | F72: A L10 | G72: A L5 | H72: A Rk | I72: Adv | J72: H Rk | K72: H L5 | L72: H L10 | M72: H L15 | N72: H L20 | O72: H L30 | P72: H Season | Q72: Opp stat
A73: Runs/G | B73: 4.95 | C73: 4.133 | D73: 4.25 | E73: 4.467 | F73: 5.6 | G73: 7.2 | H73: 3rd | I73: ★★ | J73: 14th | K73: 4.4 | L73: 5.2 | M73: 4.8 | N73: 4.65 | O73: 5.367 | P73: 4.741 | Q73: Opp Runs/G
A74: Hits/G | B74: 8.958 | C74: — | D74: — | E74: — | F74: — | G74: — | H74: — | J74: — | K74: — | L74: — | M74: — | N74: — | O74: — | P74: 7.792 | Q74: Opp Hits/G
A75: HR/G | B75: 1.333 | C75: — | D75: — | E75: — | F75: — | G75: — | H75: — | J75: — | K75: — | L75: — | M75: — | N75: — | O75: — | P75: 0.896 | Q75: Opp HR/G
A76: Batter K/G | B76: 7.688 | C76: — | D76: — | E76: — | F76: — | G76: — | H76: — | J76: — | K76: — | L76: — | M76: — | N76: — | O76: — | P76: 9.292 | Q76: Opp Batter K/G
A77: 1st Inn R/G | B77: 0.603 | C77: 0.6 | D77: 0.65 | E77: 0.667 | F77: 1 | G77: 0.8 | H77: 12th | I77: ★ | J77: 18th | K77: 0.6 | L77: 0.5 | M77: 0.467 | N77: 0.6 | O77: 0.467 | P77: 0.412 | Q77: Opp 1st Inn R/G
A79: Pittsburgh Pirates offense vs Atlanta Braves defense
A80: Stat | B80: A Season | C80: A L30 | D80: A L20 | E80: A L15 | F80: A L10 | G80: A L5 | H80: A Rk | I80: Adv | J80: H Rk | K80: H L5 | L80: H L10 | M80: H L15 | N80: H L20 | O80: H L30 | P80: H Season | Q80: Opp stat
A81: Runs/G | B81: 5.176 | C81: 5.4 | D81: 6.3 | E81: 6.4 | F81: 6.7 | G81: 7 | H81: 5th | I81: ★★★ | J81: 25th | K81: 6.4 | L81: 5.5 | M81: 4.933 | N81: 5.1 | O81: 4.8 | P81: 3.975 | Q81: Opp Runs/G
A82: Hits/G | B82: 8.812 | C82: — | D82: — | E82: — | F82: — | G82: — | H82: — | J82: — | K82: — | L82: — | M82: — | N82: — | O82: — | P82: 7.312 | Q82: Opp Hits/G
A83: HR/G | B83: 1.188 | C83: — | D83: — | E83: — | F83: — | G83: — | H83: — | J83: — | K83: — | L83: — | M83: — | N83: — | O83: — | P83: 1.062 | Q83: Opp HR/G
A84: Batter K/G | B84: 9.708 | C84: — | D84: — | E84: — | F84: — | G84: — | H84: — | J84: — | K84: — | L84: — | M84: — | N84: — | O84: — | P84: 8.562 | Q84: Opp Batter K/G
A85: 1st Inn R/G | B85: 0.575 | C85: 0.5 | D85: 0.55 | E85: 0.467 | F85: 0.5 | G85: 1 | H85: 11th | I85: ★★★ | J85: 23rd | K85: 1 | L85: 0.9 | M85: 0.667 | N85: 0.6 | O85: 0.667 | P85: 0.59 | Q85: Opp 1st Inn R/G

Sheet MLB Royals @ Mets
A1: Kansas City Royals @ New York Mets
A2: MLB · 2026-07-09 · L5 window
A68: Kansas City Royals offense vs New York Mets defense
A69: Stat | B69: A Season | C69: A L30 | D69: A L20 | E69: A L15 | F69: A L10 | G69: A L5 | H69: A Rk | I69: Adv | J69: H Rk | K69: H L5 | L69: H L10 | M69: H L15 | N69: H L20 | O69: H L30 | P69: H Season | Q69: Opp stat
A70: Runs/G | B70: 4.349 | C70: 5.2 | D70: 5.55 | E70: 4.733 | F70: 5.1 | G70: 7.8 | H70: 1st | I70: ★★★ | J70: 30th | K70: 9.4 | L70: 6.8 | M70: 6.4 | N70: 6.55 | O70: 6.1 | P70: 4.871 | Q70: Opp Runs/G
A71: Hits/G | B71: 7.792 | C71: — | D71: — | E71: — | F71: — | G71: — | H71: — | J71: — | K71: — | L71: — | M71: — | N71: — | O71: — | P71: 7.918 | Q71: Opp Hits/G
A72: HR/G | B72: 0.896 | C72: — | D72: — | E72: — | F72: — | G72: — | H72: — | J72: — | K72: — | L72: — | M72: — | N72: — | O72: — | P72: 0.918 | Q72: Opp HR/G
A73: Batter K/G | B73: 8.021 | C73: — | D73: — | E73: — | F73: — | G73: — | H73: — | J73: — | K73: — | L73: — | M73: — | N73: — | O73: — | P73: 9.061 | Q73: Opp Batter K/G
A74: 1st Inn R/G | B74: 0.537 | C74: 0.867 | D74: 0.85 | E74: 0.867 | F74: 1.1 | G74: 1.6 | H74: 1st | I74: ★★★ | J74: 16th | K74: 0.6 | L74: 0.5 | M74: 0.4 | N74: 0.5 | O74: 0.7 | P74: 0.519 | Q74: Opp 1st Inn R/G
A76: New York Mets offense vs Kansas City Royals defense
A77: Stat | B77: A Season | C77: A L30 | D77: A L20 | E77: A L15 | F77: A L10 | G77: A L5 | H77: A Rk | I77: Adv | J77: H Rk | K77: H L5 | L77: H L10 | M77: H L15 | N77: H L20 | O77: H L30 | P77: H Season | Q77: Opp stat
A78: Runs/G | B78: 4.059 | C78: 4.367 | D78: 4.8 | E78: 4.667 | F78: 5.2 | G78: 7.6 | H78: 2nd | I78: ★★★ | J78: 17th | K78: 5.4 | L78: 5.2 | M78: 6.533 | N78: 6.45 | O78: 5.967 | P78: 5.265 | Q78: Opp Runs/G
A79: Hits/G | B79: 7.306 | C79: — | D79: — | E79: — | F79: — | G79: — | H79: — | J79: — | K79: — | L79: — | M79: — | N79: — | O79: — | P79: 8.604 | Q79: Opp Hits/G
A80: HR/G | B80: 0.939 | C80: — | D80: — | E80: — | F80: — | G80: — | H80: — | J80: — | K80: — | L80: — | M80: — | N80: — | O80: — | P80: 1.25 | Q80: Opp HR/G
A81: Batter K/G | B81: 8.408 | C81: — | D81: — | E81: — | F81: — | G81: — | H81: — | J81: — | K81: — | L81: — | M81: — | N81: — | O81: — | P81: 8.208 | Q81: Opp Batter K/G
A82: 1st Inn R/G | B82: 0.556 | C82: 0.567 | D82: 0.35 | E82: 0.333 | F82: 0.5 | G82: 1 | H82: 6th | I82: ★★★ | J82: 24th | K82: 1 | L82: 0.9 | M82: 0.8 | N82: 1 | O82: 1 | P82: 0.838 | Q82: Opp 1st Inn R/G

Sheet MLB Yankees @ Rays
A1: New York Yankees @ Tampa Bay Rays
A2: MLB · 2026-07-09 · L5 window
A67: New York Yankees offense vs Tampa Bay Rays defense
A68: Stat | B68: A Season | C68: A L30 | D68: A L20 | E68: A L15 | F68: A L10 | G68: A L5 | H68: A Rk | I68: Adv | J68: H Rk | K68: H L5 | L68: H L10 | M68: H L15 | N68: H L20 | O68: H L30 | P68: H Season | Q68: Opp stat
A69: Runs/G | B69: 4.627 | C69: 4.033 | D69: 2.8 | E69: 2.933 | F69: 3.1 | G69: 2.8 | H69: 30th | J69: 10th | K69: 4.2 | L69: 2.9 | M69: 3.267 | N69: 3.25 | O69: 3.4 | P69: 4.342 | Q69: Opp Runs/G
A70: Hits/G | B70: 8.109 | C70: — | D70: — | E70: — | F70: — | G70: — | H70: — | J70: — | K70: — | L70: — | M70: — | N70: — | O70: — | P70: 8.467 | Q70: Opp Hits/G
A71: HR/G | B71: 1.413 | C71: — | D71: — | E71: — | F71: — | G71: — | H71: — | J71: — | K71: — | L71: — | M71: — | N71: — | O71: — | P71: 1.444 | Q71: Opp HR/G
A72: Batter K/G | B72: 9.13 | C72: — | D72: — | E72: — | F72: — | G72: — | H72: — | J72: — | K72: — | L72: — | M72: — | N72: — | O72: — | P72: 7.778 | Q72: Opp Batter K/G
A73: 1st Inn R/G | B73: 0.59 | C73: 0.333 | D73: 0.25 | E73: 0.267 | F73: 0.2 | G73: 0 | H73: 27th | J73: 9th | K73: 0.4 | L73: 0.4 | M73: 0.533 | N73: 0.4 | O73: 0.333 | P73: 0.481 | Q73: Opp 1st Inn R/G
A75: Tampa Bay Rays offense vs New York Yankees defense
A76: Stat | B76: A Season | C76: A L30 | D76: A L20 | E76: A L15 | F76: A L10 | G76: A L5 | H76: A Rk | I76: Adv | J76: H Rk | K76: H L5 | L76: H L10 | M76: H L15 | N76: H L20 | O76: H L30 | P76: H Season | Q76: Opp stat
A77: Runs/G | B77: 4.62 | C77: 4.233 | D77: 4.75 | E77: 5.2 | F77: 4.5 | G77: 3.6 | H77: 25th | J77: 18th | K77: 5.4 | L77: 5.6 | M77: 5.133 | N77: 5.05 | O77: 4.567 | P77: 3.843 | Q77: Opp Runs/G
A78: Hits/G | B78: 8.778 | C78: — | D78: — | E78: — | F78: — | G78: — | H78: — | J78: — | K78: — | L78: — | M78: — | N78: — | O78: — | P78: 7.609 | Q78: Opp Hits/G
A79: HR/G | B79: 0.956 | C79: — | D79: — | E79: — | F79: — | G79: — | H79: — | J79: — | K79: — | L79: — | M79: — | N79: — | O79: — | P79: 0.913 | Q79: Opp HR/G
A80: Batter K/G | B80: 7.244 | C80: — | D80: — | E80: — | F80: — | G80: — | H80: — | J80: — | K80: — | L80: — | M80: — | N80: — | O80: — | P80: 8.435 | Q80: Opp Batter K/G
A81: 1st Inn R/G | B81: 0.519 | C81: 0.5 | D81: 0.6 | E81: 0.733 | F81: 0.4 | G81: 0.2 | H81: 24th | J81: 21st | K81: 0.8 | L81: 1 | M81: 0.8 | N81: 0.6 | O81: 0.567 | P81: 0.5 | Q81: Opp 1st Inn R/G

Sheet MLB Cubs @ Orioles
A1: Chicago Cubs @ Baltimore Orioles
A2: MLB · 2026-07-09 · L5 window
A68: Chicago Cubs offense vs Baltimore Orioles defense
A69: Stat | B69: A Season | C69: A L30 | D69: A L20 | E69: A L15 | F69: A L10 | G69: A L5 | H69: A Rk | I69: Adv | J69: H Rk | K69: H L5 | L69: H L10 | M69: H L15 | N69: H L20 | O69: H L30 | P69: H Season | Q69: Opp stat
A70: Runs/G | B70: 5.25 | C70: 6 | D70: 7 | E70: 6.867 | F70: 6.8 | G70: 4.2 | H70: 17th | J70: 12th | K70: 4.4 | L70: 5 | M70: 4.333 | N70: 4.1 | O70: 4.433 | P70: 4.852 | Q70: Opp Runs/G
A71: Hits/G | B71: 8.438 | C71: — | D71: — | E71: — | F71: — | G71: — | H71: — | J71: — | K71: — | L71: — | M71: — | N71: — | O71: — | P71: 8.833 | Q71: Opp Hits/G
A72: HR/G | B72: 1.104 | C72: — | D72: — | E72: — | F72: — | G72: — | H72: — | J72: — | K72: — | L72: — | M72: — | N72: — | O72: — | P72: 1.062 | Q72: Opp HR/G
A73: Batter K/G | B73: 8.458 | C73: — | D73: — | E73: — | F73: — | G73: — | H73: — | J73: — | K73: — | L73: — | M73: — | N73: — | O73: — | P73: 8 | Q73: Opp Batter K/G
A74: 1st Inn R/G | B74: 0.456 | C74: 0.533 | D74: 0.75 | E74: 0.4 | F74: 0.6 | G74: 0.4 | H74: 22nd | J74: 7th | K74: 0.2 | L74: 0.3 | M74: 0.533 | N74: 0.65 | O74: 0.667 | P74: 0.475 | Q74: Opp 1st Inn R/G
A76: Baltimore Orioles offense vs Chicago Cubs defense
A77: Stat | B77: A Season | C77: A L30 | D77: A L20 | E77: A L15 | F77: A L10 | G77: A L5 | H77: A Rk | I77: Adv | J77: H Rk | K77: H L5 | L77: H L10 | M77: H L15 | N77: H L20 | O77: H L30 | P77: H Season | Q77: Opp stat
A78: Runs/G | B78: 4.568 | C78: 4.567 | D78: 4.1 | E78: 4.533 | F78: 4 | G78: 4.4 | H78: 14th | I78: ★★★ | J78: 27th | K78: 6.6 | L78: 5 | M78: 4.867 | N78: 4.9 | O78: 4.867 | P78: 4.775 | Q78: Opp Runs/G
A79: Hits/G | B79: 8.208 | C79: — | D79: — | E79: — | F79: — | G79: — | H79: — | J79: — | K79: — | L79: — | M79: — | N79: — | O79: — | P79: 7.896 | Q79: Opp Hits/G
A80: HR/G | B80: 1.271 | C80: — | D80: — | E80: — | F80: — | G80: — | H80: — | J80: — | K80: — | L80: — | M80: — | N80: — | O80: — | P80: 1.354 | Q80: Opp HR/G
A81: Batter K/G | B81: 8.917 | C81: — | D81: — | E81: — | F81: — | G81: — | H81: — | J81: — | K81: — | L81: — | M81: — | N81: — | O81: — | P81: 7.708 | Q81: Opp Batter K/G
A82: 1st Inn R/G | B82: 0.512 | C82: 0.633 | D82: 0.6 | E82: 0.733 | F82: 0.8 | G82: 0.8 | H82: 13th | J82: 8th | K82: 0.2 | L82: 0.3 | M82: 0.2 | N82: 0.15 | O82: 0.267 | P82: 0.43 | Q82: Opp 1st Inn R/G

Sheet MLB Guardians @ Twins
A1: Cleveland Guardians @ Minnesota Twins
A2: MLB · 2026-07-09 · L5 window
A70: Cleveland Guardians offense vs Minnesota Twins defense
A71: Stat | B71: A Season | C71: A L30 | D71: A L20 | E71: A L15 | F71: A L10 | G71: A L5 | H71: A Rk | I71: Adv | J71: H Rk | K71: H L5 | L71: H L10 | M71: H L15 | N71: H L20 | O71: H L30 | P71: H Season | Q71: Opp stat
A72: Runs/G | B72: 3.916 | C72: 3.5 | D72: 3.9 | E72: 3.867 | F72: 4.3 | G72: 3.4 | H72: 28th | J72: 4th | K72: 3.2 | L72: 3.9 | M72: 4.467 | N72: 4.55 | O72: 5.233 | P72: 5.013 | Q72: Opp Runs/G
A73: Hits/G | B73: 7.735 | C73: — | D73: — | E73: — | F73: — | G73: — | H73: — | J73: — | K73: — | L73: — | M73: — | N73: — | O73: — | P73: 8.306 | Q73: Opp Hits/G
A74: HR/G | B74: 0.959 | C74: — | D74: — | E74: — | F74: — | G74: — | H74: — | J74: — | K74: — | L74: — | M74: — | N74: — | O74: — | P74: 0.918 | Q74: Opp HR/G
A75: Batter K/G | B75: 8 | C75: — | D75: — | E75: — | F75: — | G75: — | H75: — | J75: — | K75: — | L75: — | M75: — | N75: — | O75: — | P75: 8.265 | Q75: Opp Batter K/G
A76: 1st Inn R/G | B76: 0.512 | C76: 0.3 | D76: 0.35 | E76: 0.4 | F76: 0.5 | G76: 0.6 | H76: 21st | J76: 6th | K76: 0.2 | L76: 0.4 | M76: 0.4 | N76: 0.3 | O76: 0.5 | P76: 0.575 | Q76: Opp 1st Inn R/G
A78: Minnesota Twins offense vs Cleveland Guardians defense
A79: Stat | B79: A Season | C79: A L30 | D79: A L20 | E79: A L15 | F79: A L10 | G79: A L5 | H79: A Rk | I79: Adv | J79: H Rk | K79: H L5 | L79: H L10 | M79: H L15 | N79: H L20 | O79: H L30 | P79: H Season | Q79: Opp stat
A80: Runs/G | B80: 4.862 | C80: 5.567 | D80: 5.95 | E80: 4.867 | F80: 5.3 | G80: 5.6 | H80: 9th | I80: ★ | J80: 13th | K80: 4.4 | L80: 4.6 | M80: 4.2 | N80: 4.3 | O80: 4.133 | P80: 4.157 | Q80: Opp Runs/G
A81: Hits/G | B81: 7.776 | C81: — | D81: — | E81: — | F81: — | G81: — | H81: — | J81: — | K81: — | L81: — | M81: — | N81: — | O81: — | P81: 7.939 | Q81: Opp Hits/G
A82: HR/G | B82: 1.061 | C82: — | D82: — | E82: — | F82: — | G82: — | H82: — | J82: — | K82: — | L82: — | M82: — | N82: — | O82: — | P82: 1.143 | Q82: Opp HR/G
A83: Batter K/G | B83: 8.939 | C83: — | D83: — | E83: — | F83: — | G83: — | H83: — | J83: — | K83: — | L83: — | M83: — | N83: — | O83: — | P83: 9.388 | Q83: Opp Batter K/G
A84: 1st Inn R/G | B84: 0.7 | C84: 0.933 | D84: 1.25 | E84: 0.933 | F84: 1.1 | G84: 1 | H84: 7th | I84: ★★ | J84: 17th | K84: 0.6 | L84: 0.3 | M84: 0.2 | N84: 0.4 | O84: 0.433 | P84: 0.375 | Q84: Opp 1st Inn R/G

Sheet MLB Sox @ Sox
A1: Boston Red Sox @ Chicago White Sox
A2: MLB · 2026-07-09 · L5 window
A68: Boston Red Sox offense vs Chicago White Sox defense
A69: Stat | B69: A Season | C69: A L30 | D69: A L20 | E69: A L15 | F69: A L10 | G69: A L5 | H69: A Rk | I69: Adv | J69: H Rk | K69: H L5 | L69: H L10 | M69: H L15 | N69: H L20 | O69: H L30 | P69: H Season | Q69: Opp stat
A70: Runs/G | B70: 4.282 | C70: 4.3 | D70: 4.55 | E70: 5.067 | F70: 5.1 | G70: 6.6 | H70: 6th | I70: ★★ | J70: 15th | K70: 4.8 | L70: 4.6 | M70: 3.867 | N70: 4.1 | O70: 4.433 | P70: 4.737 | Q70: Opp Runs/G
A71: Hits/G | B71: 8.304 | C71: — | D71: — | E71: — | F71: — | G71: — | H71: — | J71: — | K71: — | L71: — | M71: — | N71: — | O71: — | P71: 7.854 | Q71: Opp Hits/G
A72: HR/G | B72: 0.739 | C72: — | D72: — | E72: — | F72: — | G72: — | H72: — | J72: — | K72: — | L72: — | M72: — | N72: — | O72: — | P72: 1.062 | Q72: Opp HR/G
A73: Batter K/G | B73: 8.239 | C73: — | D73: — | E73: — | F73: — | G73: — | H73: — | J73: — | K73: — | L73: — | M73: — | N73: — | O73: — | P73: 7.938 | Q73: Opp Batter K/G
A74: 1st Inn R/G | B74: 0.377 | C74: 0.467 | D74: 0.6 | E74: 0.8 | F74: 0.9 | G74: 0.6 | H74: 20th | J74: 14th | K74: 0.6 | L74: 0.6 | M74: 0.4 | N74: 0.5 | O74: 0.567 | P74: 0.551 | Q74: Opp 1st Inn R/G
A76: Chicago White Sox offense vs Boston Red Sox defense
A77: Stat | B77: A Season | C77: A L30 | D77: A L20 | E77: A L15 | F77: A L10 | G77: A L5 | H77: A Rk | I77: Adv | J77: H Rk | K77: H L5 | L77: H L10 | M77: H L15 | N77: H L20 | O77: H L30 | P77: H Season | Q77: Opp stat
A78: Runs/G | B78: 4.8 | C78: 4.8 | D78: 4.7 | E78: 5.067 | F78: 4.1 | G78: 2.8 | H78: 29th | J78: 1st | K78: 1.8 | L78: 3.5 | M78: 3.467 | N78: 3.25 | O78: 3.733 | P78: 4.077 | Q78: Opp Runs/G
A79: Hits/G | B79: 7.792 | C79: — | D79: — | E79: — | F79: — | G79: — | H79: — | J79: — | K79: — | L79: — | M79: — | N79: — | O79: — | P79: 8.391 | Q79: Opp Hits/G
A80: HR/G | B80: 1.354 | C80: — | D80: — | E80: — | F80: — | G80: — | H80: — | J80: — | K80: — | L80: — | M80: — | N80: — | O80: — | P80: 1.217 | Q80: Opp HR/G
A81: Batter K/G | B81: 9.208 | C81: — | D81: — | E81: — | F81: — | G81: — | H81: — | J81: — | K81: — | L81: — | M81: — | N81: — | O81: — | P81: 8.587 | Q81: Opp Batter K/G
A82: 1st Inn R/G | B82: 0.59 | C82: 0.633 | D82: 0.45 | E82: 0.467 | F82: 0.7 | G82: 0.6 | H82: 18th | J82: 11th | K82: 0.4 | L82: 0.5 | M82: 0.4 | N82: 0.4 | O82: 0.6 | P82: 0.701 | Q82: Opp 1st Inn R/G

Sheet MLB Athletics @ Tigers
A1: Athletics @ Detroit Tigers
A2: MLB · 2026-07-09 · L5 window
A70: Athletics offense vs Detroit Tigers defense
A71: Stat | B71: A Season | C71: A L30 | D71: A L20 | E71: A L15 | F71: A L10 | G71: A L5 | H71: A Rk | I71: Adv | J71: H Rk | K71: H L5 | L71: H L10 | M71: H L15 | N71: H L20 | O71: H L30 | P71: H Season | Q71: Opp stat
A72: Runs/G | B72: 4.643 | C72: 5.133 | D72: 4.4 | E72: 4.133 | F72: 3.5 | G72: 3.6 | H72: 26th | J72: 5th | K72: 3.2 | L72: 3.9 | M72: 3.467 | N72: 3.4 | O72: 3.333 | P72: 3.911 | Q72: Opp Runs/G
A73: Hits/G | B73: 8.146 | C73: — | D73: — | E73: — | F73: — | G73: — | H73: — | J73: — | K73: — | L73: — | M73: — | N73: — | O73: — | P73: 7.592 | Q73: Opp Hits/G
A74: HR/G | B74: 1.062 | C74: — | D74: — | E74: — | F74: — | G74: — | H74: — | J74: — | K74: — | L74: — | M74: — | N74: — | O74: — | P74: 0.898 | Q74: Opp HR/G
A75: Batter K/G | B75: 8.625 | C75: — | D75: — | E75: — | F75: — | G75: — | H75: — | J75: — | K75: — | L75: — | M75: — | N75: — | O75: — | P75: 7.776 | Q75: Opp Batter K/G
A76: 1st Inn R/G | B76: 0.6 | C76: 0.733 | D76: 0.7 | E76: 0.333 | F76: 0.1 | G76: 0 | H76: 26th | J76: 3rd | K76: 0 | L76: 0.1 | M76: 0.133 | N76: 0.2 | O76: 0.233 | P76: 0.342 | Q76: Opp 1st Inn R/G
A78: Detroit Tigers offense vs Athletics defense
A79: Stat | B79: A Season | C79: A L30 | D79: A L20 | E79: A L15 | F79: A L10 | G79: A L5 | H79: A Rk | I79: Adv | J79: H Rk | K79: H L5 | L79: H L10 | M79: H L15 | N79: H L20 | O79: H L30 | P79: H Season | Q79: Opp stat
A80: Runs/G | B80: 4.354 | C80: 5 | D80: 4.7 | E80: 5.133 | F80: 5.8 | G80: 5 | H80: 12th | I80: ★★★ | J80: 29th | K80: 8 | L80: 6.8 | M80: 6.067 | N80: 6.35 | O80: 6.733 | P80: 5.298 | Q80: Opp Runs/G
A81: Hits/G | B81: 7.755 | C81: — | D81: — | E81: — | F81: — | G81: — | H81: — | J81: — | K81: — | L81: — | M81: — | N81: — | O81: — | P81: 8.312 | Q81: Opp Hits/G
A82: HR/G | B82: 1.02 | C82: — | D82: — | E82: — | F82: — | G82: — | H82: — | J82: — | K82: — | L82: — | M82: — | N82: — | O82: — | P82: 1.271 | Q82: Opp HR/G
A83: Batter K/G | B83: 8.306 | C83: — | D83: — | E83: — | F83: — | G83: — | H83: — | J83: — | K83: — | L83: — | M83: — | N83: — | O83: — | P83: 8.146 | Q83: Opp Batter K/G
A84: 1st Inn R/G | B84: 0.582 | C84: 0.567 | D84: 0.6 | E84: 0.667 | F84: 1 | G84: 1 | H84: 10th | I84: ★★★ | J84: 29th | K84: 2 | L84: 1.2 | M84: 0.8 | N84: 0.75 | O84: 0.833 | P84: 0.738 | Q84: Opp 1st Inn R/G

Sheet MLB Mariners @ Marlins
A1: Seattle Mariners @ Miami Marlins
A2: MLB · 2026-07-09 · L5 window
A69: Seattle Mariners offense vs Miami Marlins defense
A70: Stat | B70: A Season | C70: A L30 | D70: A L20 | E70: A L15 | F70: A L10 | G70: A L5 | H70: A Rk | I70: Adv | J70: H Rk | K70: H L5 | L70: H L10 | M70: H L15 | N70: H L20 | O70: H L30 | P70: H Season | Q70: Opp stat
A71: Runs/G | B71: 3.902 | C71: 3.667 | D71: 3.3 | E71: 3.6 | F71: 4.3 | G71: 4 | H71: 20th | J71: 8th | K71: 4 | L71: 5.2 | M71: 4.2 | N71: 4.1 | O71: 3.767 | P71: 4.293 | Q71: Opp Runs/G
A72: Hits/G | B72: 7.854 | C72: — | D72: — | E72: — | F72: — | G72: — | H72: — | J72: — | K72: — | L72: — | M72: — | N72: — | O72: — | P72: 7.694 | Q72: Opp Hits/G
A73: HR/G | B73: 1.312 | C73: — | D73: — | E73: — | F73: — | G73: — | H73: — | J73: — | K73: — | L73: — | M73: — | N73: — | O73: — | P73: 1.082 | Q73: Opp HR/G
A74: Batter K/G | B74: 8.646 | C74: — | D74: — | E74: — | F74: — | G74: — | H74: — | J74: — | K74: — | L74: — | M74: — | N74: — | O74: — | P74: 8.531 | Q74: Opp Batter K/G
A75: 1st Inn R/G | B75: 0.443 | C75: 0.267 | D75: 0.25 | E75: 0.067 | F75: 0 | G75: 0 | H75: 29th | J75: 1st | K75: 0 | L75: 0.3 | M75: 0.2 | N75: 0.4 | O75: 0.433 | P75: 0.6 | Q75: Opp 1st Inn R/G
A77: Miami Marlins offense vs Seattle Mariners defense
A78: Stat | B78: A Season | C78: A L30 | D78: A L20 | E78: A L15 | F78: A L10 | G78: A L5 | H78: A Rk | I78: Adv | J78: H Rk | K78: H L5 | L78: H L10 | M78: H L15 | N78: H L20 | O78: H L30 | P78: H Season | Q78: Opp stat
A79: Runs/G | B79: 4.683 | C79: 5.267 | D79: 5.8 | E79: 6 | F79: 6.8 | G79: 7.2 | H79: 4th | J79: 2nd | K79: 2 | L79: 2.5 | M79: 3 | N79: 3.1 | O79: 3.867 | P79: 3.946 | Q79: Opp Runs/G
A80: Hits/G | B80: 8.286 | C80: — | D80: — | E80: — | F80: — | G80: — | H80: — | J80: — | K80: — | L80: — | M80: — | N80: — | O80: — | P80: 7.979 | Q80: Opp Hits/G
A81: HR/G | B81: 0.918 | C81: — | D81: — | E81: — | F81: — | G81: — | H81: — | J81: — | K81: — | L81: — | M81: — | N81: — | O81: — | P81: 0.958 | Q81: Opp HR/G
A82: Batter K/G | B82: 7.816 | C82: — | D82: — | E82: — | F82: — | G82: — | H82: — | J82: — | K82: — | L82: — | M82: — | N82: — | O82: — | P82: 8.333 | Q82: Opp Batter K/G
A83: 1st Inn R/G | B83: 0.6 | C83: 0.567 | D83: 0.75 | E83: 0.733 | F83: 1 | G83: 1.4 | H83: 3rd | J83: 2nd | K83: 0 | L83: 0.1 | M83: 0.2 | N83: 0.2 | O83: 0.3 | P83: 0.392 | Q83: Opp 1st Inn R/G

Sheet MLB Phillies @ Reds
A1: Philadelphia Phillies @ Cincinnati Reds
A2: MLB · 2026-07-09 · L5 window
A68: Philadelphia Phillies offense vs Cincinnati Reds defense
A69: Stat | B69: A Season | C69: A L30 | D69: A L20 | E69: A L15 | F69: A L10 | G69: A L5 | H69: A Rk | I69: Adv | J69: H Rk | K69: H L5 | L69: H L10 | M69: H L15 | N69: H L20 | O69: H L30 | P69: H Season | Q69: Opp stat
A70: Runs/G | B70: 4.518 | C70: 5.4 | D70: 5.6 | E70: 5.467 | F70: 4.9 | G70: 3.6 | H70: 24th | J70: 11th | K70: 4.4 | L70: 4.9 | M70: 4.667 | N70: 4.5 | O70: 4.533 | P70: 4.684 | Q70: Opp Runs/G
A71: Hits/G | B71: 7.234 | C71: — | D71: — | E71: — | F71: — | G71: — | H71: — | J71: — | K71: — | L71: — | M71: — | N71: — | O71: — | P71: 8.106 | Q71: Opp Hits/G
A72: HR/G | B72: 1.213 | C72: — | D72: — | E72: — | F72: — | G72: — | H72: — | J72: — | K72: — | L72: — | M72: — | N72: — | O72: — | P72: 1.383 | Q72: Opp HR/G
A73: Batter K/G | B73: 8.426 | C73: — | D73: — | E73: — | F73: — | G73: — | H73: — | J73: — | K73: — | L73: — | M73: — | N73: — | O73: — | P73: 7.404 | Q73: Opp Batter K/G
A74: 1st Inn R/G | B74: 0.55 | C74: 0.533 | D74: 0.5 | E74: 0.267 | F74: 0.3 | G74: 0.2 | H74: 23rd | J74: 19th | K74: 0.8 | L74: 0.6 | M74: 0.467 | N74: 0.4 | O74: 0.4 | P74: 0.538 | Q74: Opp 1st Inn R/G
A76: Cincinnati Reds offense vs Philadelphia Phillies defense
A77: Stat | B77: A Season | C77: A L30 | D77: A L20 | E77: A L15 | F77: A L10 | G77: A L5 | H77: A Rk | I77: Adv | J77: H Rk | K77: H L5 | L77: H L10 | M77: H L15 | N77: H L20 | O77: H L30 | P77: H Season | Q77: Opp stat
A78: Runs/G | B78: 4.038 | C78: 4 | D78: 3.95 | E78: 3.933 | F78: 3.8 | G78: 4 | H78: 19th | I78: ★★ | J78: 26th | K78: 6.6 | L78: 6 | M78: 5.667 | N78: 5.6 | O78: 5.067 | P78: 4.904 | Q78: Opp Runs/G
A79: Hits/G | B79: 7.404 | C79: — | D79: — | E79: — | F79: — | G79: — | H79: — | J79: — | K79: — | L79: — | M79: — | N79: — | O79: — | P79: 9.319 | Q79: Opp Hits/G
A80: HR/G | B80: 1.213 | C80: — | D80: — | E80: — | F80: — | G80: — | H80: — | J80: — | K80: — | L80: — | M80: — | N80: — | O80: — | P80: 1.17 | Q80: Opp HR/G
A81: Batter K/G | B81: 9.532 | C81: — | D81: — | E81: — | F81: — | G81: — | H81: — | J81: — | K81: — | L81: — | M81: — | N81: — | O81: — | P81: 9.277 | Q81: Opp Batter K/G
A82: 1st Inn R/G | B82: 0.538 | C82: 0.533 | D82: 0.45 | E82: 0.333 | F82: 0.4 | G82: 0.2 | H82: 25th | J82: 27th | K82: 1.6 | L82: 0.8 | M82: 0.867 | N82: 0.9 | O82: 0.8 | P82: 0.588 | Q82: Opp 1st Inn R/G

Sheet MLB Brewers @ Cardinals
A1: Milwaukee Brewers @ St. Louis Cardinals
A2: MLB · 2026-07-09 · L5 window
A68: Milwaukee Brewers offense vs St. Louis Cardinals defense
A69: Stat | B69: A Season | C69: A L30 | D69: A L20 | E69: A L15 | F69: A L10 | G69: A L5 | H69: A Rk | I69: Adv | J69: H Rk | K69: H L5 | L69: H L10 | M69: H L15 | N69: H L20 | O69: H L30 | P69: H Season | Q69: Opp stat
A70: Runs/G | B70: 5 | C70: 5.033 | D70: 4.25 | E70: 4.467 | F70: 4.5 | G70: 4.4 | H70: 16th | J70: 16th | K70: 5 | L70: 3.9 | M70: 4.133 | N70: 5 | O70: 4.567 | P70: 4.494 | Q70: Opp Runs/G
A71: Hits/G | B71: 7.935 | C71: — | D71: — | E71: — | F71: — | G71: — | H71: — | J71: — | K71: — | L71: — | M71: — | N71: — | O71: — | P71: 8.652 | Q71: Opp Hits/G
A72: HR/G | B72: 0.739 | C72: — | D72: — | E72: — | F72: — | G72: — | H72: — | J72: — | K72: — | L72: — | M72: — | N72: — | O72: — | P72: 1.043 | Q72: Opp HR/G
A73: Batter K/G | B73: 8.152 | C73: — | D73: — | E73: — | F73: — | G73: — | H73: — | J73: — | K73: — | L73: — | M73: — | N73: — | O73: — | P73: 7.739 | Q73: Opp Batter K/G
A74: 1st Inn R/G | B74: 0.537 | C74: 0.4 | D74: 0.15 | E74: 0.2 | F74: 0.2 | G74: 0 | H74: 30th | J74: 12th | K74: 0.4 | L74: 0.8 | M74: 0.6 | N74: 0.65 | O74: 0.567 | P74: 0.577 | Q74: Opp 1st Inn R/G
A76: St. Louis Cardinals offense vs Milwaukee Brewers defense
A77: Stat | B77: A Season | C77: A L30 | D77: A L20 | E77: A L15 | F77: A L10 | G77: A L5 | H77: A Rk | I77: Adv | J77: H Rk | K77: H L5 | L77: H L10 | M77: H L15 | N77: H L20 | O77: H L30 | P77: H Season | Q77: Opp stat
A78: Runs/G | B78: 4.543 | C78: 4.967 | D78: 4.55 | E78: 4.267 | F78: 5.4 | G78: 3.4 | H78: 27th | J78: 3rd | K78: 3 | L78: 3.4 | M78: 3.733 | N78: 3.4 | O78: 3.833 | P78: 3.768 | Q78: Opp Runs/G
A79: Hits/G | B79: 7.826 | C79: — | D79: — | E79: — | F79: — | G79: — | H79: — | J79: — | K79: — | L79: — | M79: — | N79: — | O79: — | P79: 7.174 | Q79: Opp Hits/G
A80: HR/G | B80: 1.109 | C80: — | D80: — | E80: — | F80: — | G80: — | H80: — | J80: — | K80: — | L80: — | M80: — | N80: — | O80: — | P80: 0.761 | Q80: Opp HR/G
A81: Batter K/G | B81: 8.196 | C81: — | D81: — | E81: — | F81: — | G81: — | H81: — | J81: — | K81: — | L81: — | M81: — | N81: — | O81: — | P81: 9.63 | Q81: Opp Batter K/G
A82: 1st Inn R/G | B82: 0.577 | C82: 0.767 | D82: 0.85 | E82: 0.6 | F82: 0.9 | G82: 0.8 | H82: 15th | I82: ★★ | J82: 26th | K82: 1 | L82: 1 | M82: 0.733 | N82: 0.6 | O82: 0.533 | P82: 0.475 | Q82: Opp 1st Inn R/G
