Workbook

Sheet Read Me
A1: 🎯 Project 54.7 — Daily Wager Workbook
A2: 52.4% pays the house. 54.7% pays you.
A5: Built | B5: 2026-06-29 18:56
A7: HOW IT WORKS
A8: 1. | B8: The model's win probability for every market is locked. It does not change when odds move.
A9: 2. | B9: Type the price YOUR sportsbook is showing into the yellow “✏ Your Odds” cells (American odds, e.g. -110 or +135).
A10: 3. | B10: Implied %, Your Edge (EV), the ¼-Kelly stake and the Verdict recompute instantly — in Excel or Google Sheets, offline.
A11: 4. | B11: Set your Bankroll and Kelly fraction once on the Settings tab; every stake on every tab follows it.
A12: 5. | B12: After a game, type the closing line into the ✏ Closing column on the Games tab — CLV % shows whether you beat the close (the earliest honest sign an edge is real).
A14: READING THE VERDICT
A15: Pass | B15: Model says there's no edge at your price — skip it.
A16: Thin | B16: Positive but below your min-edge threshold.
A17: ✅ Sharp band | B17: 2–6% EV — where the model's edge has actually held up (good closing-line value). The sweet spot.
A18: Strong | B18: 6–8% EV — bigger, rarer.
A19: ⚠ Verify | B19: 8%+ EV usually means a stale or oddball price, not free money. Double-check the line before trusting it.
A21: WHY EDIT YOUR OWN ODDS?
B22: Every other tool de-vigs a sharp book for you and locks the math in an app whose lines go stale. Here the number is yours, so nothing can be out of date — and the math is in front of you.
A24: THE DEAL | B24: Personal research. Not financial advice. No bankroll promises. If gambling stops being fun, stop — call 1-800-GAMBLER.
B25: We publish our losses too — see the Track Record tab. We tell you when to pass. The trigger is always yours.

Sheet Settings
A1: ⚙ Settings
A2: Bankroll ($) | B2: 1000
A3: Kelly fraction | B3: 0.25
A4: Min edge to flag (EV) | B4: 0.02
A5: Max stake (% of bankroll) | B5: 0.05
A7: Default ¼-Kelly is deliberate: full Kelly is mathematically optimal but brutal on variance, and edges are always overestimated. Quarter-Kelly keeps ~most of the growth at a fraction of the risk.

Sheet Top Plays
A1: ⭐ Top Plays — biggest model edges today
A2: Ranked at the posted price. Swap in your book's number and watch the edge update. Nothing here is a lock.
A4: Date | B4: Matchup | C4: Start | D4: Market | E4: Selection | F4: Model Win% | G4: Model Fair | H4: ✏ Your Odds | I4: Implied% | J4: Your Edge (EV) | K4: ¼-Kelly % | L4: Stake $ | M4: Verdict | N4: Model read | O4: ✏ Closing | P4: CLV %
A5: 2026-06-30 | B5: San Diego Padres @ Chicago Cubs | C5: 00:05 | D5: Total | E5: Under 11.5 | F5: 0.68977746 | G5: -222 | H5: -113 | I5: =IF($H$5="","",IF($H$5<0,-$H$5/(-$H$5+100),100/($H$5+100))) | J5: =IF($H$5="","",$F$5*IF($H$5<0,-100/$H$5,$H$5/100)-(1-$F$5)) | K5: =IF($H$5="","",MAX(0,($F$5*IF($H$5<0,-100/$H$5,$H$5/100)-(1-$F$5))/IF($H$5<0,-100/$H$5,$H$5/100))*'Settings'!$B$3) | L5: =IF($H$5="","",ROUND(MIN($K$5,'Settings'!$B$5)*'Settings'!$B$2,2)) | M5: =IF($J$5="","",IF($J$5<0,"Pass",IF($J$5<'Settings'!$B$4,"Thin",IF($J$5<0.06,"✅ Sharp band",IF($J$5<0.08,"Strong","⚠ Verify (stale?)"))))) | N5: Model 69.0% (fair -222). Your call. | P5: =IF(OR($H$5="",$O$5=""),"",(1+IF($H$5<0,-100/$H$5,$H$5/100))/(1+IF($O$5<0,-100/$O$5,$O$5/100))-1)
A6: 2026-06-29 | B6: San Diego Padres @ Chicago Cubs | C6: 00:05 | D6: Total | E6: Under 11.5 | F6: 0.63455 | G6: -174 | H6: 100 | I6: =IF($H$6="","",IF($H$6<0,-$H$6/(-$H$6+100),100/($H$6+100))) | J6: =IF($H$6="","",$F$6*IF($H$6<0,-100/$H$6,$H$6/100)-(1-$F$6)) | K6: =IF($H$6="","",MAX(0,($F$6*IF($H$6<0,-100/$H$6,$H$6/100)-(1-$F$6))/IF($H$6<0,-100/$H$6,$H$6/100))*'Settings'!$B$3) | L6: =IF($H$6="","",ROUND(MIN($K$6,'Settings'!$B$5)*'Settings'!$B$2,2)) | M6: =IF($J$6="","",IF($J$6<0,"Pass",IF($J$6<'Settings'!$B$4,"Thin",IF($J$6<0.06,"✅ Sharp band",IF($J$6<0.08,"Strong","⚠ Verify (stale?)"))))) | N6: Model 63.5% (fair -174). Your call. | P6: =IF(OR($H$6="",$O$6=""),"",(1+IF($H$6<0,-100/$H$6,$H$6/100))/(1+IF($O$6<0,-100/$O$6,$O$6/100))-1)
A7: 2026-06-29 | B7: Miami Marlins @ Colorado Rockies | C7: 00:40 | D7: Total | E7: Under 12 | F7: 0.58322115 | G7: -140 | H7: 108 | I7: =IF($H$7="","",IF($H$7<0,-$H$7/(-$H$7+100),100/($H$7+100))) | J7: =IF($H$7="","",$F$7*IF($H$7<0,-100/$H$7,$H$7/100)-(1-$F$7)) | K7: =IF($H$7="","",MAX(0,($F$7*IF($H$7<0,-100/$H$7,$H$7/100)-(1-$F$7))/IF($H$7<0,-100/$H$7,$H$7/100))*'Settings'!$B$3) | L7: =IF($H$7="","",ROUND(MIN($K$7,'Settings'!$B$5)*'Settings'!$B$2,2)) | M7: =IF($J$7="","",IF($J$7<0,"Pass",IF($J$7<'Settings'!$B$4,"Thin",IF($J$7<0.06,"✅ Sharp band",IF($J$7<0.08,"Strong","⚠ Verify (stale?)"))))) | N7: Model 58.3% (fair -140). Your call. | P7: =IF(OR($H$7="",$O$7=""),"",(1+IF($H$7<0,-100/$H$7,$H$7/100))/(1+IF($O$7<0,-100/$O$7,$O$7/100))-1)
A8: 2026-06-30 | B8: Detroit Tigers @ New York Yankees | C8: 23:05 | D8: Spread | E8: New York Yankees -1.5 | F8: 0.40867857 | G8: 145 | H8: 180 | I8: =IF($H$8="","",IF($H$8<0,-$H$8/(-$H$8+100),100/($H$8+100))) | J8: =IF($H$8="","",$F$8*IF($H$8<0,-100/$H$8,$H$8/100)-(1-$F$8)) | K8: =IF($H$8="","",MAX(0,($F$8*IF($H$8<0,-100/$H$8,$H$8/100)-(1-$F$8))/IF($H$8<0,-100/$H$8,$H$8/100))*'Settings'!$B$3) | L8: =IF($H$8="","",ROUND(MIN($K$8,'Settings'!$B$5)*'Settings'!$B$2,2)) | M8: =IF($J$8="","",IF($J$8<0,"Pass",IF($J$8<'Settings'!$B$4,"Thin",IF($J$8<0.06,"✅ Sharp band",IF($J$8<0.08,"Strong","⚠ Verify (stale?)"))))) | N8: Model 40.9% (fair +145). Your call. | P8: =IF(OR($H$8="",$O$8=""),"",(1+IF($H$8<0,-100/$H$8,$H$8/100))/(1+IF($O$8<0,-100/$O$8,$O$8/100))-1)
A9: 2026-06-29 | B9: Pittsburgh Pirates @ Philadelphia Phillies | C9: 22:40 | D9: Moneyline | E9: Pittsburgh Pirates | F9: 0.54663462 | G9: -121 | H9: 108 | I9: =IF($H$9="","",IF($H$9<0,-$H$9/(-$H$9+100),100/($H$9+100))) | J9: =IF($H$9="","",$F$9*IF($H$9<0,-100/$H$9,$H$9/100)-(1-$F$9)) | K9: =IF($H$9="","",MAX(0,($F$9*IF($H$9<0,-100/$H$9,$H$9/100)-(1-$F$9))/IF($H$9<0,-100/$H$9,$H$9/100))*'Settings'!$B$3) | L9: =IF($H$9="","",ROUND(MIN($K$9,'Settings'!$B$5)*'Settings'!$B$2,2)) | M9: =IF($J$9="","",IF($J$9<0,"Pass",IF($J$9<'Settings'!$B$4,"Thin",IF($J$9<0.06,"✅ Sharp band",IF($J$9<0.08,"Strong","⚠ Verify (stale?)"))))) | N9: Model 54.7% (fair -121). Your call. | P9: =IF(OR($H$9="",$O$9=""),"",(1+IF($H$9<0,-100/$H$9,$H$9/100))/(1+IF($O$9<0,-100/$O$9,$O$9/100))-1)
A10: 2026-06-29 | B10: Cincinnati Reds @ Milwaukee Brewers | C10: 23:40 | D10: Moneyline | E10: Milwaukee Brewers | F10: 0.62844444 | G10: -169 | H10: -125 | I10: =IF($H$10="","",IF($H$10<0,-$H$10/(-$H$10+100),100/($H$10+100))) | J10: =IF($H$10="","",$F$10*IF($H$10<0,-100/$H$10,$H$10/100)-(1-$F$10)) | K10: =IF($H$10="","",MAX(0,($F$10*IF($H$10<0,-100/$H$10,$H$10/100)-(1-$F$10))/IF($H$10<0,-100/$H$10,$H$10/100))*'Settings'!$B$3) | L10: =IF($H$10="","",ROUND(MIN($K$10,'Settings'!$B$5)*'Settings'!$B$2,2)) | M10: =IF($J$10="","",IF($J$10<0,"Pass",IF($J$10<'Settings'!$B$4,"Thin",IF($J$10<0.06,"✅ Sharp band",IF($J$10<0.08,"Strong","⚠ Verify (stale?)"))))) | N10: Model 62.8% (fair -169). Your call. | P10: =IF(OR($H$10="",$O$10=""),"",(1+IF($H$10<0,-100/$H$10,$H$10/100))/(1+IF($O$10<0,-100/$O$10,$O$10/100))-1)
A11: 2026-06-30 | B11: Tampa Bay Rays @ Kansas City Royals | C11: 23:40 | D11: Total | E11: Under 10.5 | F11: 0.57189804 | G11: -134 | H11: -104 | I11: =IF($H$11="","",IF($H$11<0,-$H$11/(-$H$11+100),100/($H$11+100))) | J11: =IF($H$11="","",$F$11*IF($H$11<0,-100/$H$11,$H$11/100)-(1-$F$11)) | K11: =IF($H$11="","",MAX(0,($F$11*IF($H$11<0,-100/$H$11,$H$11/100)-(1-$F$11))/IF($H$11<0,-100/$H$11,$H$11/100))*'Settings'!$B$3) | L11: =IF($H$11="","",ROUND(MIN($K$11,'Settings'!$B$5)*'Settings'!$B$2,2)) | M11: =IF($J$11="","",IF($J$11<0,"Pass",IF($J$11<'Settings'!$B$4,"Thin",IF($J$11<0.06,"✅ Sharp band",IF($J$11<0.08,"Strong","⚠ Verify (stale?)"))))) | N11: Model 57.2% (fair -134). Your call. | P11: =IF(OR($H$11="",$O$11=""),"",(1+IF($H$11<0,-100/$H$11,$H$11/100))/(1+IF($O$11<0,-100/$O$11,$O$11/100))-1)
A12: 2026-06-30 | B12: Cincinnati Reds @ Milwaukee Brewers | C12: 23:40 | D12: Spread | E12: Milwaukee Brewers -1.5 | F12: 0.47029412 | G12: 113 | H12: 138 | I12: =IF($H$12="","",IF($H$12<0,-$H$12/(-$H$12+100),100/($H$12+100))) | J12: =IF($H$12="","",$F$12*IF($H$12<0,-100/$H$12,$H$12/100)-(1-$F$12)) | K12: =IF($H$12="","",MAX(0,($F$12*IF($H$12<0,-100/$H$12,$H$12/100)-(1-$F$12))/IF($H$12<0,-100/$H$12,$H$12/100))*'Settings'!$B$3) | L12: =IF($H$12="","",ROUND(MIN($K$12,'Settings'!$B$5)*'Settings'!$B$2,2)) | M12: =IF($J$12="","",IF($J$12<0,"Pass",IF($J$12<'Settings'!$B$4,"Thin",IF($J$12<0.06,"✅ Sharp band",IF($J$12<0.08,"Strong","⚠ Verify (stale?)"))))) | N12: Model 47.0% (fair +113). Your call. | P12: =IF(OR($H$12="",$O$12=""),"",(1+IF($H$12<0,-100/$H$12,$H$12/100))/(1+IF($O$12<0,-100/$O$12,$O$12/100))-1)
A13: 2026-06-30 | B13: Pittsburgh Pirates @ Philadelphia Phillies | C13: 22:40 | D13: Moneyline | E13: Pittsburgh Pirates | F13: 0.37157191 | G13: 169 | H13: 199 | I13: =IF($H$13="","",IF($H$13<0,-$H$13/(-$H$13+100),100/($H$13+100))) | J13: =IF($H$13="","",$F$13*IF($H$13<0,-100/$H$13,$H$13/100)-(1-$F$13)) | K13: =IF($H$13="","",MAX(0,($F$13*IF($H$13<0,-100/$H$13,$H$13/100)-(1-$F$13))/IF($H$13<0,-100/$H$13,$H$13/100))*'Settings'!$B$3) | L13: =IF($H$13="","",ROUND(MIN($K$13,'Settings'!$B$5)*'Settings'!$B$2,2)) | M13: =IF($J$13="","",IF($J$13<0,"Pass",IF($J$13<'Settings'!$B$4,"Thin",IF($J$13<0.06,"✅ Sharp band",IF($J$13<0.08,"Strong","⚠ Verify (stale?)"))))) | N13: Model 37.2% (fair +169). Your call. | P13: =IF(OR($H$13="",$O$13=""),"",(1+IF($H$13<0,-100/$H$13,$H$13/100))/(1+IF($O$13<0,-100/$O$13,$O$13/100))-1)
A14: 2026-06-30 | B14: St. Louis Cardinals @ Atlanta Braves | C14: 23:15 | D14: Total | E14: Under 9.5 | F14: 0.56440392 | G14: -130 | H14: -104 | I14: =IF($H$14="","",IF($H$14<0,-$H$14/(-$H$14+100),100/($H$14+100))) | J14: =IF($H$14="","",$F$14*IF($H$14<0,-100/$H$14,$H$14/100)-(1-$F$14)) | K14: =IF($H$14="","",MAX(0,($F$14*IF($H$14<0,-100/$H$14,$H$14/100)-(1-$F$14))/IF($H$14<0,-100/$H$14,$H$14/100))*'Settings'!$B$3) | L14: =IF($H$14="","",ROUND(MIN($K$14,'Settings'!$B$5)*'Settings'!$B$2,2)) | M14: =IF($J$14="","",IF($J$14<0,"Pass",IF($J$14<'Settings'!$B$4,"Thin",IF($J$14<0.06,"✅ Sharp band",IF($J$14<0.08,"Strong","⚠ Verify (stale?)"))))) | N14: Model 56.4% (fair -130). Your call. | P14: =IF(OR($H$14="",$O$14=""),"",(1+IF($H$14<0,-100/$H$14,$H$14/100))/(1+IF($O$14<0,-100/$O$14,$O$14/100))-1)
A15: 2026-06-29 | B15: Texas Rangers @ Cleveland Guardians | C15: 23:10 | D15: Moneyline | E15: Texas Rangers | F15: 0.45213115 | G15: 121 | H15: 144 | I15: =IF($H$15="","",IF($H$15<0,-$H$15/(-$H$15+100),100/($H$15+100))) | J15: =IF($H$15="","",$F$15*IF($H$15<0,-100/$H$15,$H$15/100)-(1-$F$15)) | K15: =IF($H$15="","",MAX(0,($F$15*IF($H$15<0,-100/$H$15,$H$15/100)-(1-$F$15))/IF($H$15<0,-100/$H$15,$H$15/100))*'Settings'!$B$3) | L15: =IF($H$15="","",ROUND(MIN($K$15,'Settings'!$B$5)*'Settings'!$B$2,2)) | M15: =IF($J$15="","",IF($J$15<0,"Pass",IF($J$15<'Settings'!$B$4,"Thin",IF($J$15<0.06,"✅ Sharp band",IF($J$15<0.08,"Strong","⚠ Verify (stale?)"))))) | N15: Model 45.2% (fair +121). Your call. | P15: =IF(OR($H$15="",$O$15=""),"",(1+IF($H$15<0,-100/$H$15,$H$15/100))/(1+IF($O$15<0,-100/$O$15,$O$15/100))-1)
A16: 2026-06-30 | B16: Washington Nationals @ Boston Red Sox | C16: 23:10 | D16: Total | E16: Under 10.5 | F16: 0.57120577 | G16: -133 | H16: -108 | I16: =IF($H$16="","",IF($H$16<0,-$H$16/(-$H$16+100),100/($H$16+100))) | J16: =IF($H$16="","",$F$16*IF($H$16<0,-100/$H$16,$H$16/100)-(1-$F$16)) | K16: =IF($H$16="","",MAX(0,($F$16*IF($H$16<0,-100/$H$16,$H$16/100)-(1-$F$16))/IF($H$16<0,-100/$H$16,$H$16/100))*'Settings'!$B$3) | L16: =IF($H$16="","",ROUND(MIN($K$16,'Settings'!$B$5)*'Settings'!$B$2,2)) | M16: =IF($J$16="","",IF($J$16<0,"Pass",IF($J$16<'Settings'!$B$4,"Thin",IF($J$16<0.06,"✅ Sharp band",IF($J$16<0.08,"Strong","⚠ Verify (stale?)"))))) | N16: Model 57.1% (fair -133). Your call. | P16: =IF(OR($H$16="",$O$16=""),"",(1+IF($H$16<0,-100/$H$16,$H$16/100))/(1+IF($O$16<0,-100/$O$16,$O$16/100))-1)
A17: 2026-06-29 | B17: Miami Marlins @ Colorado Rockies | C17: 00:40 | D17: Moneyline | E17: Colorado Rockies | F17: 0.45995798 | G17: 117 | H17: 138 | I17: =IF($H$17="","",IF($H$17<0,-$H$17/(-$H$17+100),100/($H$17+100))) | J17: =IF($H$17="","",$F$17*IF($H$17<0,-100/$H$17,$H$17/100)-(1-$F$17)) | K17: =IF($H$17="","",MAX(0,($F$17*IF($H$17<0,-100/$H$17,$H$17/100)-(1-$F$17))/IF($H$17<0,-100/$H$17,$H$17/100))*'Settings'!$B$3) | L17: =IF($H$17="","",ROUND(MIN($K$17,'Settings'!$B$5)*'Settings'!$B$2,2)) | M17: =IF($J$17="","",IF($J$17<0,"Pass",IF($J$17<'Settings'!$B$4,"Thin",IF($J$17<0.06,"✅ Sharp band",IF($J$17<0.08,"Strong","⚠ Verify (stale?)"))))) | N17: Model 46.0% (fair +117). Your call. | P17: =IF(OR($H$17="",$O$17=""),"",(1+IF($H$17<0,-100/$H$17,$H$17/100))/(1+IF($O$17<0,-100/$O$17,$O$17/100))-1)
A18: 2026-06-30 | B18: Texas Rangers @ Cleveland Guardians | C18: 22:40 | D18: Moneyline | E18: Texas Rangers | F18: 0.53553922 | G18: -115 | H18: 104 | I18: =IF($H$18="","",IF($H$18<0,-$H$18/(-$H$18+100),100/($H$18+100))) | J18: =IF($H$18="","",$F$18*IF($H$18<0,-100/$H$18,$H$18/100)-(1-$F$18)) | K18: =IF($H$18="","",MAX(0,($F$18*IF($H$18<0,-100/$H$18,$H$18/100)-(1-$F$18))/IF($H$18<0,-100/$H$18,$H$18/100))*'Settings'!$B$3) | L18: =IF($H$18="","",ROUND(MIN($K$18,'Settings'!$B$5)*'Settings'!$B$2,2)) | M18: =IF($J$18="","",IF($J$18<0,"Pass",IF($J$18<'Settings'!$B$4,"Thin",IF($J$18<0.06,"✅ Sharp band",IF($J$18<0.08,"Strong","⚠ Verify (stale?)"))))) | N18: Model 53.6% (fair -115). Your call. | P18: =IF(OR($H$18="",$O$18=""),"",(1+IF($H$18<0,-100/$H$18,$H$18/100))/(1+IF($O$18<0,-100/$O$18,$O$18/100))-1)
A19: 2026-06-29 | B19: Minnesota Twins @ Houston Astros | C19: 00:10 | D19: Moneyline | E19: Minnesota Twins | F19: 0.48039648 | G19: 108 | H19: 127 | I19: =IF($H$19="","",IF($H$19<0,-$H$19/(-$H$19+100),100/($H$19+100))) | J19: =IF($H$19="","",$F$19*IF($H$19<0,-100/$H$19,$H$19/100)-(1-$F$19)) | K19: =IF($H$19="","",MAX(0,($F$19*IF($H$19<0,-100/$H$19,$H$19/100)-(1-$F$19))/IF($H$19<0,-100/$H$19,$H$19/100))*'Settings'!$B$3) | L19: =IF($H$19="","",ROUND(MIN($K$19,'Settings'!$B$5)*'Settings'!$B$2,2)) | M19: =IF($J$19="","",IF($J$19<0,"Pass",IF($J$19<'Settings'!$B$4,"Thin",IF($J$19<0.06,"✅ Sharp band",IF($J$19<0.08,"Strong","⚠ Verify (stale?)"))))) | N19: Model 48.0% (fair +108). Your call. | P19: =IF(OR($H$19="",$O$19=""),"",(1+IF($H$19<0,-100/$H$19,$H$19/100))/(1+IF($O$19<0,-100/$O$19,$O$19/100))-1)
A20: 2026-06-30 | B20: Pittsburgh Pirates @ Philadelphia Phillies | C20: 22:40 | D20: Total | E20: Over 8.5 | F20: 0.52384615 | G20: -110 | H20: 108 | I20: =IF($H$20="","",IF($H$20<0,-$H$20/(-$H$20+100),100/($H$20+100))) | J20: =IF($H$20="","",$F$20*IF($H$20<0,-100/$H$20,$H$20/100)-(1-$F$20)) | K20: =IF($H$20="","",MAX(0,($F$20*IF($H$20<0,-100/$H$20,$H$20/100)-(1-$F$20))/IF($H$20<0,-100/$H$20,$H$20/100))*'Settings'!$B$3) | L20: =IF($H$20="","",ROUND(MIN($K$20,'Settings'!$B$5)*'Settings'!$B$2,2)) | M20: =IF($J$20="","",IF($J$20<0,"Pass",IF($J$20<'Settings'!$B$4,"Thin",IF($J$20<0.06,"✅ Sharp band",IF($J$20<0.08,"Strong","⚠ Verify (stale?)"))))) | N20: Model 52.4% (fair -110). Your call. | P20: =IF(OR($H$20="",$O$20=""),"",(1+IF($H$20<0,-100/$H$20,$H$20/100))/(1+IF($O$20<0,-100/$O$20,$O$20/100))-1)
A21: 2026-06-30 | B21: St. Louis Cardinals @ Atlanta Braves | C21: 23:15 | D21: Moneyline | E21: St. Louis Cardinals | F21: 0.43954918 | G21: 128 | H21: 144 | I21: =IF($H$21="","",IF($H$21<0,-$H$21/(-$H$21+100),100/($H$21+100))) | J21: =IF($H$21="","",$F$21*IF($H$21<0,-100/$H$21,$H$21/100)-(1-$F$21)) | K21: =IF($H$21="","",MAX(0,($F$21*IF($H$21<0,-100/$H$21,$H$21/100)-(1-$F$21))/IF($H$21<0,-100/$H$21,$H$21/100))*'Settings'!$B$3) | L21: =IF($H$21="","",ROUND(MIN($K$21,'Settings'!$B$5)*'Settings'!$B$2,2)) | M21: =IF($J$21="","",IF($J$21<0,"Pass",IF($J$21<'Settings'!$B$4,"Thin",IF($J$21<0.06,"✅ Sharp band",IF($J$21<0.08,"Strong","⚠ Verify (stale?)"))))) | N21: Model 44.0% (fair +128). Your call. | P21: =IF(OR($H$21="",$O$21=""),"",(1+IF($H$21<0,-100/$H$21,$H$21/100))/(1+IF($O$21<0,-100/$O$21,$O$21/100))-1)
A22: 2026-06-29 | B22: New York Mets @ Toronto Blue Jays | C22: 23:07 | D22: Total | E22: Under 8.5 | F22: 0.53515 | G22: -115 | H22: 100 | I22: =IF($H$22="","",IF($H$22<0,-$H$22/(-$H$22+100),100/($H$22+100))) | J22: =IF($H$22="","",$F$22*IF($H$22<0,-100/$H$22,$H$22/100)-(1-$F$22)) | K22: =IF($H$22="","",MAX(0,($F$22*IF($H$22<0,-100/$H$22,$H$22/100)-(1-$F$22))/IF($H$22<0,-100/$H$22,$H$22/100))*'Settings'!$B$3) | L22: =IF($H$22="","",ROUND(MIN($K$22,'Settings'!$B$5)*'Settings'!$B$2,2)) | M22: =IF($J$22="","",IF($J$22<0,"Pass",IF($J$22<'Settings'!$B$4,"Thin",IF($J$22<0.06,"✅ Sharp band",IF($J$22<0.08,"Strong","⚠ Verify (stale?)"))))) | N22: Model 53.5% (fair -115). Your call. | P22: =IF(OR($H$22="",$O$22=""),"",(1+IF($H$22<0,-100/$H$22,$H$22/100))/(1+IF($O$22<0,-100/$O$22,$O$22/100))-1)
A23: 2026-06-30 | B23: Tampa Bay Rays @ Kansas City Royals | C23: 23:40 | D23: Moneyline | E23: Kansas City Royals | F23: 0.51293269 | G23: -105 | H23: 108 | I23: =IF($H$23="","",IF($H$23<0,-$H$23/(-$H$23+100),100/($H$23+100))) | J23: =IF($H$23="","",$F$23*IF($H$23<0,-100/$H$23,$H$23/100)-(1-$F$23)) | K23: =IF($H$23="","",MAX(0,($F$23*IF($H$23<0,-100/$H$23,$H$23/100)-(1-$F$23))/IF($H$23<0,-100/$H$23,$H$23/100))*'Settings'!$B$3) | L23: =IF($H$23="","",ROUND(MIN($K$23,'Settings'!$B$5)*'Settings'!$B$2,2)) | M23: =IF($J$23="","",IF($J$23<0,"Pass",IF($J$23<'Settings'!$B$4,"Thin",IF($J$23<0.06,"✅ Sharp band",IF($J$23<0.08,"Strong","⚠ Verify (stale?)"))))) | N23: Model 51.3% (fair -105). Your call. | P23: =IF(OR($H$23="",$O$23=""),"",(1+IF($H$23<0,-100/$H$23,$H$23/100))/(1+IF($O$23<0,-100/$O$23,$O$23/100))-1)
A24: 2026-06-30 | B24: Chicago White Sox @ Baltimore Orioles | C24: 22:35 | D24: Total | E24: Over 10.5 | F24: 0.51206731 | G24: -105 | H24: 108 | I24: =IF($H$24="","",IF($H$24<0,-$H$24/(-$H$24+100),100/($H$24+100))) | J24: =IF($H$24="","",$F$24*IF($H$24<0,-100/$H$24,$H$24/100)-(1-$F$24)) | K24: =IF($H$24="","",MAX(0,($F$24*IF($H$24<0,-100/$H$24,$H$24/100)-(1-$F$24))/IF($H$24<0,-100/$H$24,$H$24/100))*'Settings'!$B$3) | L24: =IF($H$24="","",ROUND(MIN($K$24,'Settings'!$B$5)*'Settings'!$B$2,2)) | M24: =IF($J$24="","",IF($J$24<0,"Pass",IF($J$24<'Settings'!$B$4,"Thin",IF($J$24<0.06,"✅ Sharp band",IF($J$24<0.08,"Strong","⚠ Verify (stale?)"))))) | N24: Model 51.2% (fair -105). Your call. | P24: =IF(OR($H$24="",$O$24=""),"",(1+IF($H$24<0,-100/$H$24,$H$24/100))/(1+IF($O$24<0,-100/$O$24,$O$24/100))-1)
A25: 2026-06-30 | B25: Chicago White Sox @ Baltimore Orioles | C25: 22:35 | D25: Moneyline | E25: Chicago White Sox | F25: 0.44613445 | G25: 124 | H25: 138 | I25: =IF($H$25="","",IF($H$25<0,-$H$25/(-$H$25+100),100/($H$25+100))) | J25: =IF($H$25="","",$F$25*IF($H$25<0,-100/$H$25,$H$25/100)-(1-$F$25)) | K25: =IF($H$25="","",MAX(0,($F$25*IF($H$25<0,-100/$H$25,$H$25/100)-(1-$F$25))/IF($H$25<0,-100/$H$25,$H$25/100))*'Settings'!$B$3) | L25: =IF($H$25="","",ROUND(MIN($K$25,'Settings'!$B$5)*'Settings'!$B$2,2)) | M25: =IF($J$25="","",IF($J$25<0,"Pass",IF($J$25<'Settings'!$B$4,"Thin",IF($J$25<0.06,"✅ Sharp band",IF($J$25<0.08,"Strong","⚠ Verify (stale?)"))))) | N25: Model 44.6% (fair +124). Your call. | P25: =IF(OR($H$25="",$O$25=""),"",(1+IF($H$25<0,-100/$H$25,$H$25/100))/(1+IF($O$25<0,-100/$O$25,$O$25/100))-1)
A26: 2026-06-30 | B26: Tampa Bay Rays @ Kansas City Royals | C26: 23:40 | D26: Spread | E26: Kansas City Royals +1.5 | F26: 0.62693265 | G26: -168 | H26: -145 | I26: =IF($H$26="","",IF($H$26<0,-$H$26/(-$H$26+100),100/($H$26+100))) | J26: =IF($H$26="","",$F$26*IF($H$26<0,-100/$H$26,$H$26/100)-(1-$F$26)) | K26: =IF($H$26="","",MAX(0,($F$26*IF($H$26<0,-100/$H$26,$H$26/100)-(1-$F$26))/IF($H$26<0,-100/$H$26,$H$26/100))*'Settings'!$B$3) | L26: =IF($H$26="","",ROUND(MIN($K$26,'Settings'!$B$5)*'Settings'!$B$2,2)) | M26: =IF($J$26="","",IF($J$26<0,"Pass",IF($J$26<'Settings'!$B$4,"Thin",IF($J$26<0.06,"✅ Sharp band",IF($J$26<0.08,"Strong","⚠ Verify (stale?)"))))) | N26: Model 62.7% (fair -168). Your call. | P26: =IF(OR($H$26="",$O$26=""),"",(1+IF($H$26<0,-100/$H$26,$H$26/100))/(1+IF($O$26<0,-100/$O$26,$O$26/100))-1)
A27: 2026-06-29 | B27: New York Mets @ Toronto Blue Jays | C27: 23:07 | D27: Moneyline | E27: New York Mets | F27: 0.48640553 | G27: 106 | H27: 117 | I27: =IF($H$27="","",IF($H$27<0,-$H$27/(-$H$27+100),100/($H$27+100))) | J27: =IF($H$27="","",$F$27*IF($H$27<0,-100/$H$27,$H$27/100)-(1-$F$27)) | K27: =IF($H$27="","",MAX(0,($F$27*IF($H$27<0,-100/$H$27,$H$27/100)-(1-$F$27))/IF($H$27<0,-100/$H$27,$H$27/100))*'Settings'!$B$3) | L27: =IF($H$27="","",ROUND(MIN($K$27,'Settings'!$B$5)*'Settings'!$B$2,2)) | M27: =IF($J$27="","",IF($J$27<0,"Pass",IF($J$27<'Settings'!$B$4,"Thin",IF($J$27<0.06,"✅ Sharp band",IF($J$27<0.08,"Strong","⚠ Verify (stale?)"))))) | N27: Model 48.6% (fair +106). Your call. | P27: =IF(OR($H$27="",$O$27=""),"",(1+IF($H$27<0,-100/$H$27,$H$27/100))/(1+IF($O$27<0,-100/$O$27,$O$27/100))-1)
A28: 2026-06-30 | B28: Detroit Tigers @ New York Yankees | C28: 23:05 | D28: Moneyline | E28: New York Yankees | F28: 0.58744493 | G28: -142 | H28: -127 | I28: =IF($H$28="","",IF($H$28<0,-$H$28/(-$H$28+100),100/($H$28+100))) | J28: =IF($H$28="","",$F$28*IF($H$28<0,-100/$H$28,$H$28/100)-(1-$F$28)) | K28: =IF($H$28="","",MAX(0,($F$28*IF($H$28<0,-100/$H$28,$H$28/100)-(1-$F$28))/IF($H$28<0,-100/$H$28,$H$28/100))*'Settings'!$B$3) | L28: =IF($H$28="","",ROUND(MIN($K$28,'Settings'!$B$5)*'Settings'!$B$2,2)) | M28: =IF($J$28="","",IF($J$28<0,"Pass",IF($J$28<'Settings'!$B$4,"Thin",IF($J$28<0.06,"✅ Sharp band",IF($J$28<0.08,"Strong","⚠ Verify (stale?)"))))) | N28: Model 58.7% (fair -142). Your call. | P28: =IF(OR($H$28="",$O$28=""),"",(1+IF($H$28<0,-100/$H$28,$H$28/100))/(1+IF($O$28<0,-100/$O$28,$O$28/100))-1)
A29: 2026-06-30 | B29: Cincinnati Reds @ Milwaukee Brewers | C29: 23:40 | D29: Total | E29: Over 8.5 | F29: 0.55232066 | G29: -123 | H29: -113 | I29: =IF($H$29="","",IF($H$29<0,-$H$29/(-$H$29+100),100/($H$29+100))) | J29: =IF($H$29="","",$F$29*IF($H$29<0,-100/$H$29,$H$29/100)-(1-$F$29)) | K29: =IF($H$29="","",MAX(0,($F$29*IF($H$29<0,-100/$H$29,$H$29/100)-(1-$F$29))/IF($H$29<0,-100/$H$29,$H$29/100))*'Settings'!$B$3) | L29: =IF($H$29="","",ROUND(MIN($K$29,'Settings'!$B$5)*'Settings'!$B$2,2)) | M29: =IF($J$29="","",IF($J$29<0,"Pass",IF($J$29<'Settings'!$B$4,"Thin",IF($J$29<0.06,"✅ Sharp band",IF($J$29<0.08,"Strong","⚠ Verify (stale?)"))))) | N29: Model 55.2% (fair -123). Your call. | P29: =IF(OR($H$29="",$O$29=""),"",(1+IF($H$29<0,-100/$H$29,$H$29/100))/(1+IF($O$29<0,-100/$O$29,$O$29/100))-1)

Sheet MLB Games
A1: MLB — game markets
A2: Moneyline · Total · Spread. Yellow = your price.
A4: Date | B4: Matchup | C4: Start | D4: Market | E4: Selection | F4: Model Win% | G4: Model Fair | H4: ✏ Your Odds | I4: Implied% | J4: Your Edge (EV) | K4: ¼-Kelly % | L4: Stake $ | M4: Verdict | N4: Model read | O4: ✏ Closing | P4: CLV %
A5: 2026-06-29 | B5: Chicago White Sox @ Baltimore Orioles | C5: 22:35 | D5: Moneyline | E5: Chicago White Sox | F5: 0.46509009 | G5: 115 | H5: 122 | I5: =IF($H$5="","",IF($H$5<0,-$H$5/(-$H$5+100),100/($H$5+100))) | J5: =IF($H$5="","",$F$5*IF($H$5<0,-100/$H$5,$H$5/100)-(1-$F$5)) | K5: =IF($H$5="","",MAX(0,($F$5*IF($H$5<0,-100/$H$5,$H$5/100)-(1-$F$5))/IF($H$5<0,-100/$H$5,$H$5/100))*'Settings'!$B$3) | L5: =IF($H$5="","",ROUND(MIN($K$5,'Settings'!$B$5)*'Settings'!$B$2,2)) | M5: =IF($J$5="","",IF($J$5<0,"Pass",IF($J$5<'Settings'!$B$4,"Thin",IF($J$5<0.06,"✅ Sharp band",IF($J$5<0.08,"Strong","⚠ Verify (stale?)"))))) | N5: Model 46.5% (fair +115). Your call. | P5: =IF(OR($H$5="",$O$5=""),"",(1+IF($H$5<0,-100/$H$5,$H$5/100))/(1+IF($O$5<0,-100/$O$5,$O$5/100))-1)
A6: 2026-06-29 | B6: Chicago White Sox @ Baltimore Orioles | C6: 22:35 | D6: Moneyline | E6: Baltimore Orioles | F6: 0.53487273 | G6: -115 | H6: -120 | I6: =IF($H$6="","",IF($H$6<0,-$H$6/(-$H$6+100),100/($H$6+100))) | J6: =IF($H$6="","",$F$6*IF($H$6<0,-100/$H$6,$H$6/100)-(1-$F$6)) | K6: =IF($H$6="","",MAX(0,($F$6*IF($H$6<0,-100/$H$6,$H$6/100)-(1-$F$6))/IF($H$6<0,-100/$H$6,$H$6/100))*'Settings'!$B$3) | L6: =IF($H$6="","",ROUND(MIN($K$6,'Settings'!$B$5)*'Settings'!$B$2,2)) | M6: =IF($J$6="","",IF($J$6<0,"Pass",IF($J$6<'Settings'!$B$4,"Thin",IF($J$6<0.06,"✅ Sharp band",IF($J$6<0.08,"Strong","⚠ Verify (stale?)"))))) | N6: Model 53.5% (fair -115). Your call. | P6: =IF(OR($H$6="",$O$6=""),"",(1+IF($H$6<0,-100/$H$6,$H$6/100))/(1+IF($O$6<0,-100/$O$6,$O$6/100))-1)
A7: 2026-06-29 | B7: Chicago White Sox @ Baltimore Orioles | C7: 22:35 | D7: Total | E7: Over 9.5 | F7: 0.4763 | G7: 110 | H7: 113 | I7: =IF($H$7="","",IF($H$7<0,-$H$7/(-$H$7+100),100/($H$7+100))) | J7: =IF($H$7="","",$F$7*IF($H$7<0,-100/$H$7,$H$7/100)-(1-$F$7)) | K7: =IF($H$7="","",MAX(0,($F$7*IF($H$7<0,-100/$H$7,$H$7/100)-(1-$F$7))/IF($H$7<0,-100/$H$7,$H$7/100))*'Settings'!$B$3) | L7: =IF($H$7="","",ROUND(MIN($K$7,'Settings'!$B$5)*'Settings'!$B$2,2)) | M7: =IF($J$7="","",IF($J$7<0,"Pass",IF($J$7<'Settings'!$B$4,"Thin",IF($J$7<0.06,"✅ Sharp band",IF($J$7<0.08,"Strong","⚠ Verify (stale?)"))))) | N7: Model 47.6% (fair +110). Your call. | P7: =IF(OR($H$7="",$O$7=""),"",(1+IF($H$7<0,-100/$H$7,$H$7/100))/(1+IF($O$7<0,-100/$O$7,$O$7/100))-1)
A8: 2026-06-29 | B8: Chicago White Sox @ Baltimore Orioles | C8: 22:35 | D8: Total | E8: Under 9.5 | F8: 0.5237 | G8: -110 | H8: 128 | I8: =IF($H$8="","",IF($H$8<0,-$H$8/(-$H$8+100),100/($H$8+100))) | J8: =IF($H$8="","",$F$8*IF($H$8<0,-100/$H$8,$H$8/100)-(1-$F$8)) | K8: =IF($H$8="","",MAX(0,($F$8*IF($H$8<0,-100/$H$8,$H$8/100)-(1-$F$8))/IF($H$8<0,-100/$H$8,$H$8/100))*'Settings'!$B$3) | L8: =IF($H$8="","",ROUND(MIN($K$8,'Settings'!$B$5)*'Settings'!$B$2,2)) | M8: =IF($J$8="","",IF($J$8<0,"Pass",IF($J$8<'Settings'!$B$4,"Thin",IF($J$8<0.06,"✅ Sharp band",IF($J$8<0.08,"Strong","⚠ Verify (stale?)"))))) | N8: Model 52.4% (fair -110). Your call. | P8: =IF(OR($H$8="",$O$8=""),"",(1+IF($H$8<0,-100/$H$8,$H$8/100))/(1+IF($O$8<0,-100/$O$8,$O$8/100))-1)
A9: 2026-06-29 | B9: Chicago White Sox @ Baltimore Orioles | C9: 22:35 | D9: Spread | E9: Baltimore Orioles -1.5 | F9: 0.3914 | G9: 155 | H9: 163 | I9: =IF($H$9="","",IF($H$9<0,-$H$9/(-$H$9+100),100/($H$9+100))) | J9: =IF($H$9="","",$F$9*IF($H$9<0,-100/$H$9,$H$9/100)-(1-$F$9)) | K9: =IF($H$9="","",MAX(0,($F$9*IF($H$9<0,-100/$H$9,$H$9/100)-(1-$F$9))/IF($H$9<0,-100/$H$9,$H$9/100))*'Settings'!$B$3) | L9: =IF($H$9="","",ROUND(MIN($K$9,'Settings'!$B$5)*'Settings'!$B$2,2)) | M9: =IF($J$9="","",IF($J$9<0,"Pass",IF($J$9<'Settings'!$B$4,"Thin",IF($J$9<0.06,"✅ Sharp band",IF($J$9<0.08,"Strong","⚠ Verify (stale?)"))))) | N9: Model 39.1% (fair +155). Your call. | P9: =IF(OR($H$9="",$O$9=""),"",(1+IF($H$9<0,-100/$H$9,$H$9/100))/(1+IF($O$9<0,-100/$O$9,$O$9/100))-1)
A10: 2026-06-29 | B10: Chicago White Sox @ Baltimore Orioles | C10: 22:35 | D10: Spread | E10: Chicago White Sox +1.5 | F10: 0.6086 | G10: -155 | H10: 163 | I10: =IF($H$10="","",IF($H$10<0,-$H$10/(-$H$10+100),100/($H$10+100))) | J10: =IF($H$10="","",$F$10*IF($H$10<0,-100/$H$10,$H$10/100)-(1-$F$10)) | K10: =IF($H$10="","",MAX(0,($F$10*IF($H$10<0,-100/$H$10,$H$10/100)-(1-$F$10))/IF($H$10<0,-100/$H$10,$H$10/100))*'Settings'!$B$3) | L10: =IF($H$10="","",ROUND(MIN($K$10,'Settings'!$B$5)*'Settings'!$B$2,2)) | M10: =IF($J$10="","",IF($J$10<0,"Pass",IF($J$10<'Settings'!$B$4,"Thin",IF($J$10<0.06,"✅ Sharp band",IF($J$10<0.08,"Strong","⚠ Verify (stale?)"))))) | N10: Model 60.9% (fair -155). Your call. | P10: =IF(OR($H$10="",$O$10=""),"",(1+IF($H$10<0,-100/$H$10,$H$10/100))/(1+IF($O$10<0,-100/$O$10,$O$10/100))-1)
A11: 2026-06-29 | B11: Pittsburgh Pirates @ Philadelphia Phillies | C11: 22:40 | D11: Moneyline | E11: Pittsburgh Pirates | F11: 0.54663462 | G11: -121 | H11: 108 | I11: =IF($H$11="","",IF($H$11<0,-$H$11/(-$H$11+100),100/($H$11+100))) | J11: =IF($H$11="","",$F$11*IF($H$11<0,-100/$H$11,$H$11/100)-(1-$F$11)) | K11: =IF($H$11="","",MAX(0,($F$11*IF($H$11<0,-100/$H$11,$H$11/100)-(1-$F$11))/IF($H$11<0,-100/$H$11,$H$11/100))*'Settings'!$B$3) | L11: =IF($H$11="","",ROUND(MIN($K$11,'Settings'!$B$5)*'Settings'!$B$2,2)) | M11: =IF($J$11="","",IF($J$11<0,"Pass",IF($J$11<'Settings'!$B$4,"Thin",IF($J$11<0.06,"✅ Sharp band",IF($J$11<0.08,"Strong","⚠ Verify (stale?)"))))) | N11: Model 54.7% (fair -121). Your call. | P11: =IF(OR($H$11="",$O$11=""),"",(1+IF($H$11<0,-100/$H$11,$H$11/100))/(1+IF($O$11<0,-100/$O$11,$O$11/100))-1)
A12: 2026-06-29 | B12: Pittsburgh Pirates @ Philadelphia Phillies | C12: 22:40 | D12: Moneyline | E12: Philadelphia Phillies | F12: 0.45339505 | G12: 121 | H12: -102 | I12: =IF($H$12="","",IF($H$12<0,-$H$12/(-$H$12+100),100/($H$12+100))) | J12: =IF($H$12="","",$F$12*IF($H$12<0,-100/$H$12,$H$12/100)-(1-$F$12)) | K12: =IF($H$12="","",MAX(0,($F$12*IF($H$12<0,-100/$H$12,$H$12/100)-(1-$F$12))/IF($H$12<0,-100/$H$12,$H$12/100))*'Settings'!$B$3) | L12: =IF($H$12="","",ROUND(MIN($K$12,'Settings'!$B$5)*'Settings'!$B$2,2)) | M12: =IF($J$12="","",IF($J$12<0,"Pass",IF($J$12<'Settings'!$B$4,"Thin",IF($J$12<0.06,"✅ Sharp band",IF($J$12<0.08,"Strong","⚠ Verify (stale?)"))))) | N12: Model 45.3% (fair +121). Your call. | P12: =IF(OR($H$12="",$O$12=""),"",(1+IF($H$12<0,-100/$H$12,$H$12/100))/(1+IF($O$12<0,-100/$O$12,$O$12/100))-1)
A13: 2026-06-29 | B13: Pittsburgh Pirates @ Philadelphia Phillies | C13: 22:40 | D13: Total | E13: Over 9 | F13: 0.4931 | G13: 103 | H13: 104 | I13: =IF($H$13="","",IF($H$13<0,-$H$13/(-$H$13+100),100/($H$13+100))) | J13: =IF($H$13="","",$F$13*IF($H$13<0,-100/$H$13,$H$13/100)-(1-$F$13)) | K13: =IF($H$13="","",MAX(0,($F$13*IF($H$13<0,-100/$H$13,$H$13/100)-(1-$F$13))/IF($H$13<0,-100/$H$13,$H$13/100))*'Settings'!$B$3) | L13: =IF($H$13="","",ROUND(MIN($K$13,'Settings'!$B$5)*'Settings'!$B$2,2)) | M13: =IF($J$13="","",IF($J$13<0,"Pass",IF($J$13<'Settings'!$B$4,"Thin",IF($J$13<0.06,"✅ Sharp band",IF($J$13<0.08,"Strong","⚠ Verify (stale?)"))))) | N13: Model 49.3% (fair +103). Your call. | P13: =IF(OR($H$13="",$O$13=""),"",(1+IF($H$13<0,-100/$H$13,$H$13/100))/(1+IF($O$13<0,-100/$O$13,$O$13/100))-1)
A14: 2026-06-29 | B14: Pittsburgh Pirates @ Philadelphia Phillies | C14: 22:40 | D14: Total | E14: Under 9 | F14: 0.5069 | G14: -103 | H14: 122 | I14: =IF($H$14="","",IF($H$14<0,-$H$14/(-$H$14+100),100/($H$14+100))) | J14: =IF($H$14="","",$F$14*IF($H$14<0,-100/$H$14,$H$14/100)-(1-$F$14)) | K14: =IF($H$14="","",MAX(0,($F$14*IF($H$14<0,-100/$H$14,$H$14/100)-(1-$F$14))/IF($H$14<0,-100/$H$14,$H$14/100))*'Settings'!$B$3) | L14: =IF($H$14="","",ROUND(MIN($K$14,'Settings'!$B$5)*'Settings'!$B$2,2)) | M14: =IF($J$14="","",IF($J$14<0,"Pass",IF($J$14<'Settings'!$B$4,"Thin",IF($J$14<0.06,"✅ Sharp band",IF($J$14<0.08,"Strong","⚠ Verify (stale?)"))))) | N14: Model 50.7% (fair -103). Your call. | P14: =IF(OR($H$14="",$O$14=""),"",(1+IF($H$14<0,-100/$H$14,$H$14/100))/(1+IF($O$14<0,-100/$O$14,$O$14/100))-1)
A15: 2026-06-29 | B15: Pittsburgh Pirates @ Philadelphia Phillies | C15: 22:40 | D15: Spread | E15: Philadelphia Phillies -1.5 | F15: 0.2818 | G15: 255 | H15: 175 | I15: =IF($H$15="","",IF($H$15<0,-$H$15/(-$H$15+100),100/($H$15+100))) | J15: =IF($H$15="","",$F$15*IF($H$15<0,-100/$H$15,$H$15/100)-(1-$F$15)) | K15: =IF($H$15="","",MAX(0,($F$15*IF($H$15<0,-100/$H$15,$H$15/100)-(1-$F$15))/IF($H$15<0,-100/$H$15,$H$15/100))*'Settings'!$B$3) | L15: =IF($H$15="","",ROUND(MIN($K$15,'Settings'!$B$5)*'Settings'!$B$2,2)) | M15: =IF($J$15="","",IF($J$15<0,"Pass",IF($J$15<'Settings'!$B$4,"Thin",IF($J$15<0.06,"✅ Sharp band",IF($J$15<0.08,"Strong","⚠ Verify (stale?)"))))) | N15: Model 28.2% (fair +255). Your call. | P15: =IF(OR($H$15="",$O$15=""),"",(1+IF($H$15<0,-100/$H$15,$H$15/100))/(1+IF($O$15<0,-100/$O$15,$O$15/100))-1)
A16: 2026-06-29 | B16: Pittsburgh Pirates @ Philadelphia Phillies | C16: 22:40 | D16: Spread | E16: Pittsburgh Pirates +1.5 | F16: 0.7182 | G16: -255 | H16: 167 | I16: =IF($H$16="","",IF($H$16<0,-$H$16/(-$H$16+100),100/($H$16+100))) | J16: =IF($H$16="","",$F$16*IF($H$16<0,-100/$H$16,$H$16/100)-(1-$F$16)) | K16: =IF($H$16="","",MAX(0,($F$16*IF($H$16<0,-100/$H$16,$H$16/100)-(1-$F$16))/IF($H$16<0,-100/$H$16,$H$16/100))*'Settings'!$B$3) | L16: =IF($H$16="","",ROUND(MIN($K$16,'Settings'!$B$5)*'Settings'!$B$2,2)) | M16: =IF($J$16="","",IF($J$16<0,"Pass",IF($J$16<'Settings'!$B$4,"Thin",IF($J$16<0.06,"✅ Sharp band",IF($J$16<0.08,"Strong","⚠ Verify (stale?)"))))) | N16: Model 71.8% (fair -255). Your call. | P16: =IF(OR($H$16="",$O$16=""),"",(1+IF($H$16<0,-100/$H$16,$H$16/100))/(1+IF($O$16<0,-100/$O$16,$O$16/100))-1)
A17: 2026-06-29 | B17: Detroit Tigers @ New York Yankees | C17: 23:05 | D17: Moneyline | E17: Detroit Tigers | F17: 0.45911504 | G17: 118 | H17: 126 | I17: =IF($H$17="","",IF($H$17<0,-$H$17/(-$H$17+100),100/($H$17+100))) | J17: =IF($H$17="","",$F$17*IF($H$17<0,-100/$H$17,$H$17/100)-(1-$F$17)) | K17: =IF($H$17="","",MAX(0,($F$17*IF($H$17<0,-100/$H$17,$H$17/100)-(1-$F$17))/IF($H$17<0,-100/$H$17,$H$17/100))*'Settings'!$B$3) | L17: =IF($H$17="","",ROUND(MIN($K$17,'Settings'!$B$5)*'Settings'!$B$2,2)) | M17: =IF($J$17="","",IF($J$17<0,"Pass",IF($J$17<'Settings'!$B$4,"Thin",IF($J$17<0.06,"✅ Sharp band",IF($J$17<0.08,"Strong","⚠ Verify (stale?)"))))) | N17: Model 45.9% (fair +118). Your call. | P17: =IF(OR($H$17="",$O$17=""),"",(1+IF($H$17<0,-100/$H$17,$H$17/100))/(1+IF($O$17<0,-100/$O$17,$O$17/100))-1)
A18: 2026-06-29 | B18: Detroit Tigers @ New York Yankees | C18: 23:05 | D18: Moneyline | E18: New York Yankees | F18: 0.54089692 | G18: -118 | H18: -127 | I18: =IF($H$18="","",IF($H$18<0,-$H$18/(-$H$18+100),100/($H$18+100))) | J18: =IF($H$18="","",$F$18*IF($H$18<0,-100/$H$18,$H$18/100)-(1-$F$18)) | K18: =IF($H$18="","",MAX(0,($F$18*IF($H$18<0,-100/$H$18,$H$18/100)-(1-$F$18))/IF($H$18<0,-100/$H$18,$H$18/100))*'Settings'!$B$3) | L18: =IF($H$18="","",ROUND(MIN($K$18,'Settings'!$B$5)*'Settings'!$B$2,2)) | M18: =IF($J$18="","",IF($J$18<0,"Pass",IF($J$18<'Settings'!$B$4,"Thin",IF($J$18<0.06,"✅ Sharp band",IF($J$18<0.08,"Strong","⚠ Verify (stale?)"))))) | N18: Model 54.1% (fair -118). Your call. | P18: =IF(OR($H$18="",$O$18=""),"",(1+IF($H$18<0,-100/$H$18,$H$18/100))/(1+IF($O$18<0,-100/$O$18,$O$18/100))-1)
A19: 2026-06-29 | B19: Detroit Tigers @ New York Yankees | C19: 23:05 | D19: Total | E19: Over 8 | F19: 0.486 | G19: 106 | H19: 100 | I19: =IF($H$19="","",IF($H$19<0,-$H$19/(-$H$19+100),100/($H$19+100))) | J19: =IF($H$19="","",$F$19*IF($H$19<0,-100/$H$19,$H$19/100)-(1-$F$19)) | K19: =IF($H$19="","",MAX(0,($F$19*IF($H$19<0,-100/$H$19,$H$19/100)-(1-$F$19))/IF($H$19<0,-100/$H$19,$H$19/100))*'Settings'!$B$3) | L19: =IF($H$19="","",ROUND(MIN($K$19,'Settings'!$B$5)*'Settings'!$B$2,2)) | M19: =IF($J$19="","",IF($J$19<0,"Pass",IF($J$19<'Settings'!$B$4,"Thin",IF($J$19<0.06,"✅ Sharp band",IF($J$19<0.08,"Strong","⚠ Verify (stale?)"))))) | N19: Model 48.6% (fair +106). Your call. | P19: =IF(OR($H$19="",$O$19=""),"",(1+IF($H$19<0,-100/$H$19,$H$19/100))/(1+IF($O$19<0,-100/$O$19,$O$19/100))-1)
A20: 2026-06-29 | B20: Detroit Tigers @ New York Yankees | C20: 23:05 | D20: Total | E20: Under 8 | F20: 0.514 | G20: -106 | H20: 117 | I20: =IF($H$20="","",IF($H$20<0,-$H$20/(-$H$20+100),100/($H$20+100))) | J20: =IF($H$20="","",$F$20*IF($H$20<0,-100/$H$20,$H$20/100)-(1-$F$20)) | K20: =IF($H$20="","",MAX(0,($F$20*IF($H$20<0,-100/$H$20,$H$20/100)-(1-$F$20))/IF($H$20<0,-100/$H$20,$H$20/100))*'Settings'!$B$3) | L20: =IF($H$20="","",ROUND(MIN($K$20,'Settings'!$B$5)*'Settings'!$B$2,2)) | M20: =IF($J$20="","",IF($J$20<0,"Pass",IF($J$20<'Settings'!$B$4,"Thin",IF($J$20<0.06,"✅ Sharp band",IF($J$20<0.08,"Strong","⚠ Verify (stale?)"))))) | N20: Model 51.4% (fair -106). Your call. | P20: =IF(OR($H$20="",$O$20=""),"",(1+IF($H$20<0,-100/$H$20,$H$20/100))/(1+IF($O$20<0,-100/$O$20,$O$20/100))-1)
A21: 2026-06-29 | B21: Detroit Tigers @ New York Yankees | C21: 23:05 | D21: Spread | E21: New York Yankees -1.5 | F21: 0.3815 | G21: 162 | H21: 163 | I21: =IF($H$21="","",IF($H$21<0,-$H$21/(-$H$21+100),100/($H$21+100))) | J21: =IF($H$21="","",$F$21*IF($H$21<0,-100/$H$21,$H$21/100)-(1-$F$21)) | K21: =IF($H$21="","",MAX(0,($F$21*IF($H$21<0,-100/$H$21,$H$21/100)-(1-$F$21))/IF($H$21<0,-100/$H$21,$H$21/100))*'Settings'!$B$3) | L21: =IF($H$21="","",ROUND(MIN($K$21,'Settings'!$B$5)*'Settings'!$B$2,2)) | M21: =IF($J$21="","",IF($J$21<0,"Pass",IF($J$21<'Settings'!$B$4,"Thin",IF($J$21<0.06,"✅ Sharp band",IF($J$21<0.08,"Strong","⚠ Verify (stale?)"))))) | N21: Model 38.1% (fair +162). Your call. | P21: =IF(OR($H$21="",$O$21=""),"",(1+IF($H$21<0,-100/$H$21,$H$21/100))/(1+IF($O$21<0,-100/$O$21,$O$21/100))-1)
A22: 2026-06-29 | B22: Detroit Tigers @ New York Yankees | C22: 23:05 | D22: Spread | E22: Detroit Tigers +1.5 | F22: 0.6185 | G22: -162 | H22: -116 | I22: =IF($H$22="","",IF($H$22<0,-$H$22/(-$H$22+100),100/($H$22+100))) | J22: =IF($H$22="","",$F$22*IF($H$22<0,-100/$H$22,$H$22/100)-(1-$F$22)) | K22: =IF($H$22="","",MAX(0,($F$22*IF($H$22<0,-100/$H$22,$H$22/100)-(1-$F$22))/IF($H$22<0,-100/$H$22,$H$22/100))*'Settings'!$B$3) | L22: =IF($H$22="","",ROUND(MIN($K$22,'Settings'!$B$5)*'Settings'!$B$2,2)) | M22: =IF($J$22="","",IF($J$22<0,"Pass",IF($J$22<'Settings'!$B$4,"Thin",IF($J$22<0.06,"✅ Sharp band",IF($J$22<0.08,"Strong","⚠ Verify (stale?)"))))) | N22: Model 61.9% (fair -162). Your call. | P22: =IF(OR($H$22="",$O$22=""),"",(1+IF($H$22<0,-100/$H$22,$H$22/100))/(1+IF($O$22<0,-100/$O$22,$O$22/100))-1)
A23: 2026-06-29 | B23: New York Mets @ Toronto Blue Jays | C23: 23:07 | D23: Moneyline | E23: New York Mets | F23: 0.48640553 | G23: 106 | H23: 117 | I23: =IF($H$23="","",IF($H$23<0,-$H$23/(-$H$23+100),100/($H$23+100))) | J23: =IF($H$23="","",$F$23*IF($H$23<0,-100/$H$23,$H$23/100)-(1-$F$23)) | K23: =IF($H$23="","",MAX(0,($F$23*IF($H$23<0,-100/$H$23,$H$23/100)-(1-$F$23))/IF($H$23<0,-100/$H$23,$H$23/100))*'Settings'!$B$3) | L23: =IF($H$23="","",ROUND(MIN($K$23,'Settings'!$B$5)*'Settings'!$B$2,2)) | M23: =IF($J$23="","",IF($J$23<0,"Pass",IF($J$23<'Settings'!$B$4,"Thin",IF($J$23<0.06,"✅ Sharp band",IF($J$23<0.08,"Strong","⚠ Verify (stale?)"))))) | N23: Model 48.6% (fair +106). Your call. | P23: =IF(OR($H$23="",$O$23=""),"",(1+IF($H$23<0,-100/$H$23,$H$23/100))/(1+IF($O$23<0,-100/$O$23,$O$23/100))-1)
A24: 2026-06-29 | B24: New York Mets @ Toronto Blue Jays | C24: 23:07 | D24: Moneyline | E24: Toronto Blue Jays | F24: 0.51355991 | G24: -106 | H24: -117 | I24: =IF($H$24="","",IF($H$24<0,-$H$24/(-$H$24+100),100/($H$24+100))) | J24: =IF($H$24="","",$F$24*IF($H$24<0,-100/$H$24,$H$24/100)-(1-$F$24)) | K24: =IF($H$24="","",MAX(0,($F$24*IF($H$24<0,-100/$H$24,$H$24/100)-(1-$F$24))/IF($H$24<0,-100/$H$24,$H$24/100))*'Settings'!$B$3) | L24: =IF($H$24="","",ROUND(MIN($K$24,'Settings'!$B$5)*'Settings'!$B$2,2)) | M24: =IF($J$24="","",IF($J$24<0,"Pass",IF($J$24<'Settings'!$B$4,"Thin",IF($J$24<0.06,"✅ Sharp band",IF($J$24<0.08,"Strong","⚠ Verify (stale?)"))))) | N24: Model 51.4% (fair -106). Your call. | P24: =IF(OR($H$24="",$O$24=""),"",(1+IF($H$24<0,-100/$H$24,$H$24/100))/(1+IF($O$24<0,-100/$O$24,$O$24/100))-1)
A25: 2026-06-29 | B25: New York Mets @ Toronto Blue Jays | C25: 23:07 | D25: Total | E25: Over 8.5 | F25: 0.46485 | G25: 115 | H25: 100 | I25: =IF($H$25="","",IF($H$25<0,-$H$25/(-$H$25+100),100/($H$25+100))) | J25: =IF($H$25="","",$F$25*IF($H$25<0,-100/$H$25,$H$25/100)-(1-$F$25)) | K25: =IF($H$25="","",MAX(0,($F$25*IF($H$25<0,-100/$H$25,$H$25/100)-(1-$F$25))/IF($H$25<0,-100/$H$25,$H$25/100))*'Settings'!$B$3) | L25: =IF($H$25="","",ROUND(MIN($K$25,'Settings'!$B$5)*'Settings'!$B$2,2)) | M25: =IF($J$25="","",IF($J$25<0,"Pass",IF($J$25<'Settings'!$B$4,"Thin",IF($J$25<0.06,"✅ Sharp band",IF($J$25<0.08,"Strong","⚠ Verify (stale?)"))))) | N25: Model 46.5% (fair +115). Your call. | P25: =IF(OR($H$25="",$O$25=""),"",(1+IF($H$25<0,-100/$H$25,$H$25/100))/(1+IF($O$25<0,-100/$O$25,$O$25/100))-1)
A26: 2026-06-29 | B26: New York Mets @ Toronto Blue Jays | C26: 23:07 | D26: Total | E26: Under 8.5 | F26: 0.53515 | G26: -115 | H26: 100 | I26: =IF($H$26="","",IF($H$26<0,-$H$26/(-$H$26+100),100/($H$26+100))) | J26: =IF($H$26="","",$F$26*IF($H$26<0,-100/$H$26,$H$26/100)-(1-$F$26)) | K26: =IF($H$26="","",MAX(0,($F$26*IF($H$26<0,-100/$H$26,$H$26/100)-(1-$F$26))/IF($H$26<0,-100/$H$26,$H$26/100))*'Settings'!$B$3) | L26: =IF($H$26="","",ROUND(MIN($K$26,'Settings'!$B$5)*'Settings'!$B$2,2)) | M26: =IF($J$26="","",IF($J$26<0,"Pass",IF($J$26<'Settings'!$B$4,"Thin",IF($J$26<0.06,"✅ Sharp band",IF($J$26<0.08,"Strong","⚠ Verify (stale?)"))))) | N26: Model 53.5% (fair -115). Your call. | P26: =IF(OR($H$26="",$O$26=""),"",(1+IF($H$26<0,-100/$H$26,$H$26/100))/(1+IF($O$26<0,-100/$O$26,$O$26/100))-1)
A27: 2026-06-29 | B27: New York Mets @ Toronto Blue Jays | C27: 23:07 | D27: Spread | E27: Toronto Blue Jays -1.5 | F27: 0.3483 | G27: 187 | H27: 174 | I27: =IF($H$27="","",IF($H$27<0,-$H$27/(-$H$27+100),100/($H$27+100))) | J27: =IF($H$27="","",$F$27*IF($H$27<0,-100/$H$27,$H$27/100)-(1-$F$27)) | K27: =IF($H$27="","",MAX(0,($F$27*IF($H$27<0,-100/$H$27,$H$27/100)-(1-$F$27))/IF($H$27<0,-100/$H$27,$H$27/100))*'Settings'!$B$3) | L27: =IF($H$27="","",ROUND(MIN($K$27,'Settings'!$B$5)*'Settings'!$B$2,2)) | M27: =IF($J$27="","",IF($J$27<0,"Pass",IF($J$27<'Settings'!$B$4,"Thin",IF($J$27<0.06,"✅ Sharp band",IF($J$27<0.08,"Strong","⚠ Verify (stale?)"))))) | N27: Model 34.8% (fair +187). Your call. | P27: =IF(OR($H$27="",$O$27=""),"",(1+IF($H$27<0,-100/$H$27,$H$27/100))/(1+IF($O$27<0,-100/$O$27,$O$27/100))-1)
A28: 2026-06-29 | B28: New York Mets @ Toronto Blue Jays | C28: 23:07 | D28: Spread | E28: New York Mets +1.5 | F28: 0.6517 | G28: -187 | H28: 178 | I28: =IF($H$28="","",IF($H$28<0,-$H$28/(-$H$28+100),100/($H$28+100))) | J28: =IF($H$28="","",$F$28*IF($H$28<0,-100/$H$28,$H$28/100)-(1-$F$28)) | K28: =IF($H$28="","",MAX(0,($F$28*IF($H$28<0,-100/$H$28,$H$28/100)-(1-$F$28))/IF($H$28<0,-100/$H$28,$H$28/100))*'Settings'!$B$3) | L28: =IF($H$28="","",ROUND(MIN($K$28,'Settings'!$B$5)*'Settings'!$B$2,2)) | M28: =IF($J$28="","",IF($J$28<0,"Pass",IF($J$28<'Settings'!$B$4,"Thin",IF($J$28<0.06,"✅ Sharp band",IF($J$28<0.08,"Strong","⚠ Verify (stale?)"))))) | N28: Model 65.2% (fair -187). Your call. | P28: =IF(OR($H$28="",$O$28=""),"",(1+IF($H$28<0,-100/$H$28,$H$28/100))/(1+IF($O$28<0,-100/$O$28,$O$28/100))-1)
A29: 2026-06-29 | B29: Washington Nationals @ Boston Red Sox | C29: 23:10 | D29: Moneyline | E29: Washington Nationals | F29: 0.3892 | G29: 157 | H29: 163 | I29: =IF($H$29="","",IF($H$29<0,-$H$29/(-$H$29+100),100/($H$29+100))) | J29: =IF($H$29="","",$F$29*IF($H$29<0,-100/$H$29,$H$29/100)-(1-$F$29)) | K29: =IF($H$29="","",MAX(0,($F$29*IF($H$29<0,-100/$H$29,$H$29/100)-(1-$F$29))/IF($H$29<0,-100/$H$29,$H$29/100))*'Settings'!$B$3) | L29: =IF($H$29="","",ROUND(MIN($K$29,'Settings'!$B$5)*'Settings'!$B$2,2)) | M29: =IF($J$29="","",IF($J$29<0,"Pass",IF($J$29<'Settings'!$B$4,"Thin",IF($J$29<0.06,"✅ Sharp band",IF($J$29<0.08,"Strong","⚠ Verify (stale?)"))))) | N29: Model 38.9% (fair +157). Your call. | P29: =IF(OR($H$29="",$O$29=""),"",(1+IF($H$29<0,-100/$H$29,$H$29/100))/(1+IF($O$29<0,-100/$O$29,$O$29/100))-1)
A30: 2026-06-29 | B30: Washington Nationals @ Boston Red Sox | C30: 23:10 | D30: Moneyline | E30: Boston Red Sox | F30: 0.6108 | G30: -157 | H30: 122 | I30: =IF($H$30="","",IF($H$30<0,-$H$30/(-$H$30+100),100/($H$30+100))) | J30: =IF($H$30="","",$F$30*IF($H$30<0,-100/$H$30,$H$30/100)-(1-$F$30)) | K30: =IF($H$30="","",MAX(0,($F$30*IF($H$30<0,-100/$H$30,$H$30/100)-(1-$F$30))/IF($H$30<0,-100/$H$30,$H$30/100))*'Settings'!$B$3) | L30: =IF($H$30="","",ROUND(MIN($K$30,'Settings'!$B$5)*'Settings'!$B$2,2)) | M30: =IF($J$30="","",IF($J$30<0,"Pass",IF($J$30<'Settings'!$B$4,"Thin",IF($J$30<0.06,"✅ Sharp band",IF($J$30<0.08,"Strong","⚠ Verify (stale?)"))))) | N30: Model 61.1% (fair -157). Your call. | P30: =IF(OR($H$30="",$O$30=""),"",(1+IF($H$30<0,-100/$H$30,$H$30/100))/(1+IF($O$30<0,-100/$O$30,$O$30/100))-1)
A31: 2026-06-29 | B31: Washington Nationals @ Boston Red Sox | C31: 23:10 | D31: Total | E31: Over 9.5 | F31: 0.4783 | G31: 109 | H31: 113 | I31: =IF($H$31="","",IF($H$31<0,-$H$31/(-$H$31+100),100/($H$31+100))) | J31: =IF($H$31="","",$F$31*IF($H$31<0,-100/$H$31,$H$31/100)-(1-$F$31)) | K31: =IF($H$31="","",MAX(0,($F$31*IF($H$31<0,-100/$H$31,$H$31/100)-(1-$F$31))/IF($H$31<0,-100/$H$31,$H$31/100))*'Settings'!$B$3) | L31: =IF($H$31="","",ROUND(MIN($K$31,'Settings'!$B$5)*'Settings'!$B$2,2)) | M31: =IF($J$31="","",IF($J$31<0,"Pass",IF($J$31<'Settings'!$B$4,"Thin",IF($J$31<0.06,"✅ Sharp band",IF($J$31<0.08,"Strong","⚠ Verify (stale?)"))))) | N31: Model 47.8% (fair +109). Your call. | P31: =IF(OR($H$31="",$O$31=""),"",(1+IF($H$31<0,-100/$H$31,$H$31/100))/(1+IF($O$31<0,-100/$O$31,$O$31/100))-1)
A32: 2026-06-29 | B32: Washington Nationals @ Boston Red Sox | C32: 23:10 | D32: Total | E32: Under 9.5 | F32: 0.5217 | G32: -109 | H32: 128 | I32: =IF($H$32="","",IF($H$32<0,-$H$32/(-$H$32+100),100/($H$32+100))) | J32: =IF($H$32="","",$F$32*IF($H$32<0,-100/$H$32,$H$32/100)-(1-$F$32)) | K32: =IF($H$32="","",MAX(0,($F$32*IF($H$32<0,-100/$H$32,$H$32/100)-(1-$F$32))/IF($H$32<0,-100/$H$32,$H$32/100))*'Settings'!$B$3) | L32: =IF($H$32="","",ROUND(MIN($K$32,'Settings'!$B$5)*'Settings'!$B$2,2)) | M32: =IF($J$32="","",IF($J$32<0,"Pass",IF($J$32<'Settings'!$B$4,"Thin",IF($J$32<0.06,"✅ Sharp band",IF($J$32<0.08,"Strong","⚠ Verify (stale?)"))))) | N32: Model 52.2% (fair -109). Your call. | P32: =IF(OR($H$32="",$O$32=""),"",(1+IF($H$32<0,-100/$H$32,$H$32/100))/(1+IF($O$32<0,-100/$O$32,$O$32/100))-1)
A33: 2026-06-29 | B33: Washington Nationals @ Boston Red Sox | C33: 23:10 | D33: Spread | E33: Boston Red Sox -1.5 | F33: 0.4737 | G33: 111 | H33: 163 | I33: =IF($H$33="","",IF($H$33<0,-$H$33/(-$H$33+100),100/($H$33+100))) | J33: =IF($H$33="","",$F$33*IF($H$33<0,-100/$H$33,$H$33/100)-(1-$F$33)) | K33: =IF($H$33="","",MAX(0,($F$33*IF($H$33<0,-100/$H$33,$H$33/100)-(1-$F$33))/IF($H$33<0,-100/$H$33,$H$33/100))*'Settings'!$B$3) | L33: =IF($H$33="","",ROUND(MIN($K$33,'Settings'!$B$5)*'Settings'!$B$2,2)) | M33: =IF($J$33="","",IF($J$33<0,"Pass",IF($J$33<'Settings'!$B$4,"Thin",IF($J$33<0.06,"✅ Sharp band",IF($J$33<0.08,"Strong","⚠ Verify (stale?)"))))) | N33: Model 47.4% (fair +111). Your call. | P33: =IF(OR($H$33="",$O$33=""),"",(1+IF($H$33<0,-100/$H$33,$H$33/100))/(1+IF($O$33<0,-100/$O$33,$O$33/100))-1)
A34: 2026-06-29 | B34: Washington Nationals @ Boston Red Sox | C34: 23:10 | D34: Spread | E34: Washington Nationals +1.5 | F34: 0.5263 | G34: -111 | H34: -130 | I34: =IF($H$34="","",IF($H$34<0,-$H$34/(-$H$34+100),100/($H$34+100))) | J34: =IF($H$34="","",$F$34*IF($H$34<0,-100/$H$34,$H$34/100)-(1-$F$34)) | K34: =IF($H$34="","",MAX(0,($F$34*IF($H$34<0,-100/$H$34,$H$34/100)-(1-$F$34))/IF($H$34<0,-100/$H$34,$H$34/100))*'Settings'!$B$3) | L34: =IF($H$34="","",ROUND(MIN($K$34,'Settings'!$B$5)*'Settings'!$B$2,2)) | M34: =IF($J$34="","",IF($J$34<0,"Pass",IF($J$34<'Settings'!$B$4,"Thin",IF($J$34<0.06,"✅ Sharp band",IF($J$34<0.08,"Strong","⚠ Verify (stale?)"))))) | N34: Model 52.6% (fair -111). Your call. | P34: =IF(OR($H$34="",$O$34=""),"",(1+IF($H$34<0,-100/$H$34,$H$34/100))/(1+IF($O$34<0,-100/$O$34,$O$34/100))-1)
A35: 2026-06-29 | B35: Texas Rangers @ Cleveland Guardians | C35: 23:10 | D35: Moneyline | E35: Texas Rangers | F35: 0.45213115 | G35: 121 | H35: 144 | I35: =IF($H$35="","",IF($H$35<0,-$H$35/(-$H$35+100),100/($H$35+100))) | J35: =IF($H$35="","",$F$35*IF($H$35<0,-100/$H$35,$H$35/100)-(1-$F$35)) | K35: =IF($H$35="","",MAX(0,($F$35*IF($H$35<0,-100/$H$35,$H$35/100)-(1-$F$35))/IF($H$35<0,-100/$H$35,$H$35/100))*'Settings'!$B$3) | L35: =IF($H$35="","",ROUND(MIN($K$35,'Settings'!$B$5)*'Settings'!$B$2,2)) | M35: =IF($J$35="","",IF($J$35<0,"Pass",IF($J$35<'Settings'!$B$4,"Thin",IF($J$35<0.06,"✅ Sharp band",IF($J$35<0.08,"Strong","⚠ Verify (stale?)"))))) | N35: Model 45.2% (fair +121). Your call. | P35: =IF(OR($H$35="",$O$35=""),"",(1+IF($H$35<0,-100/$H$35,$H$35/100))/(1+IF($O$35<0,-100/$O$35,$O$35/100))-1)
A36: 2026-06-29 | B36: Texas Rangers @ Cleveland Guardians | C36: 23:10 | D36: Moneyline | E36: Cleveland Guardians | F36: 0.5479082 | G36: -121 | H36: -144 | I36: =IF($H$36="","",IF($H$36<0,-$H$36/(-$H$36+100),100/($H$36+100))) | J36: =IF($H$36="","",$F$36*IF($H$36<0,-100/$H$36,$H$36/100)-(1-$F$36)) | K36: =IF($H$36="","",MAX(0,($F$36*IF($H$36<0,-100/$H$36,$H$36/100)-(1-$F$36))/IF($H$36<0,-100/$H$36,$H$36/100))*'Settings'!$B$3) | L36: =IF($H$36="","",ROUND(MIN($K$36,'Settings'!$B$5)*'Settings'!$B$2,2)) | M36: =IF($J$36="","",IF($J$36<0,"Pass",IF($J$36<'Settings'!$B$4,"Thin",IF($J$36<0.06,"✅ Sharp band",IF($J$36<0.08,"Strong","⚠ Verify (stale?)"))))) | N36: Model 54.8% (fair -121). Your call. | P36: =IF(OR($H$36="",$O$36=""),"",(1+IF($H$36<0,-100/$H$36,$H$36/100))/(1+IF($O$36<0,-100/$O$36,$O$36/100))-1)
A37: 2026-06-29 | B37: Texas Rangers @ Cleveland Guardians | C37: 23:10 | D37: Total | E37: Over 8 | F37: 0.3837 | G37: 161 | H37: 112 | I37: =IF($H$37="","",IF($H$37<0,-$H$37/(-$H$37+100),100/($H$37+100))) | J37: =IF($H$37="","",$F$37*IF($H$37<0,-100/$H$37,$H$37/100)-(1-$F$37)) | K37: =IF($H$37="","",MAX(0,($F$37*IF($H$37<0,-100/$H$37,$H$37/100)-(1-$F$37))/IF($H$37<0,-100/$H$37,$H$37/100))*'Settings'!$B$3) | L37: =IF($H$37="","",ROUND(MIN($K$37,'Settings'!$B$5)*'Settings'!$B$2,2)) | M37: =IF($J$37="","",IF($J$37<0,"Pass",IF($J$37<'Settings'!$B$4,"Thin",IF($J$37<0.06,"✅ Sharp band",IF($J$37<0.08,"Strong","⚠ Verify (stale?)"))))) | N37: Model 38.4% (fair +161). Your call. | P37: =IF(OR($H$37="",$O$37=""),"",(1+IF($H$37<0,-100/$H$37,$H$37/100))/(1+IF($O$37<0,-100/$O$37,$O$37/100))-1)
A38: 2026-06-29 | B38: Texas Rangers @ Cleveland Guardians | C38: 23:10 | D38: Total | E38: Under 8 | F38: 0.6163 | G38: -161 | H38: 104 | I38: =IF($H$38="","",IF($H$38<0,-$H$38/(-$H$38+100),100/($H$38+100))) | J38: =IF($H$38="","",$F$38*IF($H$38<0,-100/$H$38,$H$38/100)-(1-$F$38)) | K38: =IF($H$38="","",MAX(0,($F$38*IF($H$38<0,-100/$H$38,$H$38/100)-(1-$F$38))/IF($H$38<0,-100/$H$38,$H$38/100))*'Settings'!$B$3) | L38: =IF($H$38="","",ROUND(MIN($K$38,'Settings'!$B$5)*'Settings'!$B$2,2)) | M38: =IF($J$38="","",IF($J$38<0,"Pass",IF($J$38<'Settings'!$B$4,"Thin",IF($J$38<0.06,"✅ Sharp band",IF($J$38<0.08,"Strong","⚠ Verify (stale?)"))))) | N38: Model 61.6% (fair -161). Your call. | P38: =IF(OR($H$38="",$O$38=""),"",(1+IF($H$38<0,-100/$H$38,$H$38/100))/(1+IF($O$38<0,-100/$O$38,$O$38/100))-1)
A39: 2026-06-29 | B39: Texas Rangers @ Cleveland Guardians | C39: 23:10 | D39: Spread | E39: Cleveland Guardians -1.5 | F39: 0.3579 | G39: 179 | H39: 150 | I39: =IF($H$39="","",IF($H$39<0,-$H$39/(-$H$39+100),100/($H$39+100))) | J39: =IF($H$39="","",$F$39*IF($H$39<0,-100/$H$39,$H$39/100)-(1-$F$39)) | K39: =IF($H$39="","",MAX(0,($F$39*IF($H$39<0,-100/$H$39,$H$39/100)-(1-$F$39))/IF($H$39<0,-100/$H$39,$H$39/100))*'Settings'!$B$3) | L39: =IF($H$39="","",ROUND(MIN($K$39,'Settings'!$B$5)*'Settings'!$B$2,2)) | M39: =IF($J$39="","",IF($J$39<0,"Pass",IF($J$39<'Settings'!$B$4,"Thin",IF($J$39<0.06,"✅ Sharp band",IF($J$39<0.08,"Strong","⚠ Verify (stale?)"))))) | N39: Model 35.8% (fair +179). Your call. | P39: =IF(OR($H$39="",$O$39=""),"",(1+IF($H$39<0,-100/$H$39,$H$39/100))/(1+IF($O$39<0,-100/$O$39,$O$39/100))-1)
A40: 2026-06-29 | B40: Texas Rangers @ Cleveland Guardians | C40: 23:10 | D40: Spread | E40: Texas Rangers +1.5 | F40: 0.6421 | G40: -179 | H40: 150 | I40: =IF($H$40="","",IF($H$40<0,-$H$40/(-$H$40+100),100/($H$40+100))) | J40: =IF($H$40="","",$F$40*IF($H$40<0,-100/$H$40,$H$40/100)-(1-$F$40)) | K40: =IF($H$40="","",MAX(0,($F$40*IF($H$40<0,-100/$H$40,$H$40/100)-(1-$F$40))/IF($H$40<0,-100/$H$40,$H$40/100))*'Settings'!$B$3) | L40: =IF($H$40="","",ROUND(MIN($K$40,'Settings'!$B$5)*'Settings'!$B$2,2)) | M40: =IF($J$40="","",IF($J$40<0,"Pass",IF($J$40<'Settings'!$B$4,"Thin",IF($J$40<0.06,"✅ Sharp band",IF($J$40<0.08,"Strong","⚠ Verify (stale?)"))))) | N40: Model 64.2% (fair -179). Your call. | P40: =IF(OR($H$40="",$O$40=""),"",(1+IF($H$40<0,-100/$H$40,$H$40/100))/(1+IF($O$40<0,-100/$O$40,$O$40/100))-1)
A41: 2026-06-29 | B41: Cincinnati Reds @ Milwaukee Brewers | C41: 23:40 | D41: Moneyline | E41: Cincinnati Reds | F41: 0.37157658 | G41: 169 | H41: 122 | I41: =IF($H$41="","",IF($H$41<0,-$H$41/(-$H$41+100),100/($H$41+100))) | J41: =IF($H$41="","",$F$41*IF($H$41<0,-100/$H$41,$H$41/100)-(1-$F$41)) | K41: =IF($H$41="","",MAX(0,($F$41*IF($H$41<0,-100/$H$41,$H$41/100)-(1-$F$41))/IF($H$41<0,-100/$H$41,$H$41/100))*'Settings'!$B$3) | L41: =IF($H$41="","",ROUND(MIN($K$41,'Settings'!$B$5)*'Settings'!$B$2,2)) | M41: =IF($J$41="","",IF($J$41<0,"Pass",IF($J$41<'Settings'!$B$4,"Thin",IF($J$41<0.06,"✅ Sharp band",IF($J$41<0.08,"Strong","⚠ Verify (stale?)"))))) | N41: Model 37.2% (fair +169). Your call. | P41: =IF(OR($H$41="",$O$41=""),"",(1+IF($H$41<0,-100/$H$41,$H$41/100))/(1+IF($O$41<0,-100/$O$41,$O$41/100))-1)
A42: 2026-06-29 | B42: Cincinnati Reds @ Milwaukee Brewers | C42: 23:40 | D42: Moneyline | E42: Milwaukee Brewers | F42: 0.62844444 | G42: -169 | H42: -125 | I42: =IF($H$42="","",IF($H$42<0,-$H$42/(-$H$42+100),100/($H$42+100))) | J42: =IF($H$42="","",$F$42*IF($H$42<0,-100/$H$42,$H$42/100)-(1-$F$42)) | K42: =IF($H$42="","",MAX(0,($F$42*IF($H$42<0,-100/$H$42,$H$42/100)-(1-$F$42))/IF($H$42<0,-100/$H$42,$H$42/100))*'Settings'!$B$3) | L42: =IF($H$42="","",ROUND(MIN($K$42,'Settings'!$B$5)*'Settings'!$B$2,2)) | M42: =IF($J$42="","",IF($J$42<0,"Pass",IF($J$42<'Settings'!$B$4,"Thin",IF($J$42<0.06,"✅ Sharp band",IF($J$42<0.08,"Strong","⚠ Verify (stale?)"))))) | N42: Model 62.8% (fair -169). Your call. | P42: =IF(OR($H$42="",$O$42=""),"",(1+IF($H$42<0,-100/$H$42,$H$42/100))/(1+IF($O$42<0,-100/$O$42,$O$42/100))-1)
A43: 2026-06-29 | B43: Cincinnati Reds @ Milwaukee Brewers | C43: 23:40 | D43: Total | E43: Over 9.5 | F43: 0.4733 | G43: 111 | H43: 115 | I43: =IF($H$43="","",IF($H$43<0,-$H$43/(-$H$43+100),100/($H$43+100))) | J43: =IF($H$43="","",$F$43*IF($H$43<0,-100/$H$43,$H$43/100)-(1-$F$43)) | K43: =IF($H$43="","",MAX(0,($F$43*IF($H$43<0,-100/$H$43,$H$43/100)-(1-$F$43))/IF($H$43<0,-100/$H$43,$H$43/100))*'Settings'!$B$3) | L43: =IF($H$43="","",ROUND(MIN($K$43,'Settings'!$B$5)*'Settings'!$B$2,2)) | M43: =IF($J$43="","",IF($J$43<0,"Pass",IF($J$43<'Settings'!$B$4,"Thin",IF($J$43<0.06,"✅ Sharp band",IF($J$43<0.08,"Strong","⚠ Verify (stale?)"))))) | N43: Model 47.3% (fair +111). Your call. | P43: =IF(OR($H$43="",$O$43=""),"",(1+IF($H$43<0,-100/$H$43,$H$43/100))/(1+IF($O$43<0,-100/$O$43,$O$43/100))-1)
A44: 2026-06-29 | B44: Cincinnati Reds @ Milwaukee Brewers | C44: 23:40 | D44: Total | E44: Under 9.5 | F44: 0.5267 | G44: -111 | H44: 109 | I44: =IF($H$44="","",IF($H$44<0,-$H$44/(-$H$44+100),100/($H$44+100))) | J44: =IF($H$44="","",$F$44*IF($H$44<0,-100/$H$44,$H$44/100)-(1-$F$44)) | K44: =IF($H$44="","",MAX(0,($F$44*IF($H$44<0,-100/$H$44,$H$44/100)-(1-$F$44))/IF($H$44<0,-100/$H$44,$H$44/100))*'Settings'!$B$3) | L44: =IF($H$44="","",ROUND(MIN($K$44,'Settings'!$B$5)*'Settings'!$B$2,2)) | M44: =IF($J$44="","",IF($J$44<0,"Pass",IF($J$44<'Settings'!$B$4,"Thin",IF($J$44<0.06,"✅ Sharp band",IF($J$44<0.08,"Strong","⚠ Verify (stale?)"))))) | N44: Model 52.7% (fair -111). Your call. | P44: =IF(OR($H$44="",$O$44=""),"",(1+IF($H$44<0,-100/$H$44,$H$44/100))/(1+IF($O$44<0,-100/$O$44,$O$44/100))-1)
A45: 2026-06-29 | B45: Cincinnati Reds @ Milwaukee Brewers | C45: 23:40 | D45: Spread | E45: Milwaukee Brewers -1.5 | F45: 0.5699 | G45: -133 | H45: 163 | I45: =IF($H$45="","",IF($H$45<0,-$H$45/(-$H$45+100),100/($H$45+100))) | J45: =IF($H$45="","",$F$45*IF($H$45<0,-100/$H$45,$H$45/100)-(1-$F$45)) | K45: =IF($H$45="","",MAX(0,($F$45*IF($H$45<0,-100/$H$45,$H$45/100)-(1-$F$45))/IF($H$45<0,-100/$H$45,$H$45/100))*'Settings'!$B$3) | L45: =IF($H$45="","",ROUND(MIN($K$45,'Settings'!$B$5)*'Settings'!$B$2,2)) | M45: =IF($J$45="","",IF($J$45<0,"Pass",IF($J$45<'Settings'!$B$4,"Thin",IF($J$45<0.06,"✅ Sharp band",IF($J$45<0.08,"Strong","⚠ Verify (stale?)"))))) | N45: Model 57.0% (fair -133). Your call. | P45: =IF(OR($H$45="",$O$45=""),"",(1+IF($H$45<0,-100/$H$45,$H$45/100))/(1+IF($O$45<0,-100/$O$45,$O$45/100))-1)
A46: 2026-06-29 | B46: Cincinnati Reds @ Milwaukee Brewers | C46: 23:40 | D46: Spread | E46: Cincinnati Reds +1.5 | F46: 0.4301 | G46: 133 | H46: -119 | I46: =IF($H$46="","",IF($H$46<0,-$H$46/(-$H$46+100),100/($H$46+100))) | J46: =IF($H$46="","",$F$46*IF($H$46<0,-100/$H$46,$H$46/100)-(1-$F$46)) | K46: =IF($H$46="","",MAX(0,($F$46*IF($H$46<0,-100/$H$46,$H$46/100)-(1-$F$46))/IF($H$46<0,-100/$H$46,$H$46/100))*'Settings'!$B$3) | L46: =IF($H$46="","",ROUND(MIN($K$46,'Settings'!$B$5)*'Settings'!$B$2,2)) | M46: =IF($J$46="","",IF($J$46<0,"Pass",IF($J$46<'Settings'!$B$4,"Thin",IF($J$46<0.06,"✅ Sharp band",IF($J$46<0.08,"Strong","⚠ Verify (stale?)"))))) | N46: Model 43.0% (fair +133). Your call. | P46: =IF(OR($H$46="",$O$46=""),"",(1+IF($H$46<0,-100/$H$46,$H$46/100))/(1+IF($O$46<0,-100/$O$46,$O$46/100))-1)
A47: 2026-06-29 | B47: San Diego Padres @ Chicago Cubs | C47: 00:05 | D47: Moneyline | E47: San Diego Padres | F47: 0.40153846 | G47: 149 | H47: 147 | I47: =IF($H$47="","",IF($H$47<0,-$H$47/(-$H$47+100),100/($H$47+100))) | J47: =IF($H$47="","",$F$47*IF($H$47<0,-100/$H$47,$H$47/100)-(1-$F$47)) | K47: =IF($H$47="","",MAX(0,($F$47*IF($H$47<0,-100/$H$47,$H$47/100)-(1-$F$47))/IF($H$47<0,-100/$H$47,$H$47/100))*'Settings'!$B$3) | L47: =IF($H$47="","",ROUND(MIN($K$47,'Settings'!$B$5)*'Settings'!$B$2,2)) | M47: =IF($J$47="","",IF($J$47<0,"Pass",IF($J$47<'Settings'!$B$4,"Thin",IF($J$47<0.06,"✅ Sharp band",IF($J$47<0.08,"Strong","⚠ Verify (stale?)"))))) | N47: Model 40.2% (fair +149). Your call. | P47: =IF(OR($H$47="",$O$47=""),"",(1+IF($H$47<0,-100/$H$47,$H$47/100))/(1+IF($O$47<0,-100/$O$47,$O$47/100))-1)
A48: 2026-06-29 | B48: San Diego Padres @ Chicago Cubs | C48: 00:05 | D48: Moneyline | E48: Chicago Cubs | F48: 0.59848525 | G48: -149 | H48: -144 | I48: =IF($H$48="","",IF($H$48<0,-$H$48/(-$H$48+100),100/($H$48+100))) | J48: =IF($H$48="","",$F$48*IF($H$48<0,-100/$H$48,$H$48/100)-(1-$F$48)) | K48: =IF($H$48="","",MAX(0,($F$48*IF($H$48<0,-100/$H$48,$H$48/100)-(1-$F$48))/IF($H$48<0,-100/$H$48,$H$48/100))*'Settings'!$B$3) | L48: =IF($H$48="","",ROUND(MIN($K$48,'Settings'!$B$5)*'Settings'!$B$2,2)) | M48: =IF($J$48="","",IF($J$48<0,"Pass",IF($J$48<'Settings'!$B$4,"Thin",IF($J$48<0.06,"✅ Sharp band",IF($J$48<0.08,"Strong","⚠ Verify (stale?)"))))) | N48: Model 59.8% (fair -149). Your call. | P48: =IF(OR($H$48="",$O$48=""),"",(1+IF($H$48<0,-100/$H$48,$H$48/100))/(1+IF($O$48<0,-100/$O$48,$O$48/100))-1)
A49: 2026-06-29 | B49: San Diego Padres @ Chicago Cubs | C49: 00:05 | D49: Total | E49: Over 11.5 | F49: 0.36543269 | G49: 174 | H49: 108 | I49: =IF($H$49="","",IF($H$49<0,-$H$49/(-$H$49+100),100/($H$49+100))) | J49: =IF($H$49="","",$F$49*IF($H$49<0,-100/$H$49,$H$49/100)-(1-$F$49)) | K49: =IF($H$49="","",MAX(0,($F$49*IF($H$49<0,-100/$H$49,$H$49/100)-(1-$F$49))/IF($H$49<0,-100/$H$49,$H$49/100))*'Settings'!$B$3) | L49: =IF($H$49="","",ROUND(MIN($K$49,'Settings'!$B$5)*'Settings'!$B$2,2)) | M49: =IF($J$49="","",IF($J$49<0,"Pass",IF($J$49<'Settings'!$B$4,"Thin",IF($J$49<0.06,"✅ Sharp band",IF($J$49<0.08,"Strong","⚠ Verify (stale?)"))))) | N49: Model 36.5% (fair +174). Your call. | P49: =IF(OR($H$49="",$O$49=""),"",(1+IF($H$49<0,-100/$H$49,$H$49/100))/(1+IF($O$49<0,-100/$O$49,$O$49/100))-1)
A50: 2026-06-29 | B50: San Diego Padres @ Chicago Cubs | C50: 00:05 | D50: Total | E50: Under 11.5 | F50: 0.63455 | G50: -174 | H50: 100 | I50: =IF($H$50="","",IF($H$50<0,-$H$50/(-$H$50+100),100/($H$50+100))) | J50: =IF($H$50="","",$F$50*IF($H$50<0,-100/$H$50,$H$50/100)-(1-$F$50)) | K50: =IF($H$50="","",MAX(0,($F$50*IF($H$50<0,-100/$H$50,$H$50/100)-(1-$F$50))/IF($H$50<0,-100/$H$50,$H$50/100))*'Settings'!$B$3) | L50: =IF($H$50="","",ROUND(MIN($K$50,'Settings'!$B$5)*'Settings'!$B$2,2)) | M50: =IF($J$50="","",IF($J$50<0,"Pass",IF($J$50<'Settings'!$B$4,"Thin",IF($J$50<0.06,"✅ Sharp band",IF($J$50<0.08,"Strong","⚠ Verify (stale?)"))))) | N50: Model 63.5% (fair -174). Your call. | P50: =IF(OR($H$50="",$O$50=""),"",(1+IF($H$50<0,-100/$H$50,$H$50/100))/(1+IF($O$50<0,-100/$O$50,$O$50/100))-1)
A51: 2026-06-29 | B51: San Diego Padres @ Chicago Cubs | C51: 00:05 | D51: Spread | E51: Chicago Cubs -1.5 | F51: 0.45330396 | G51: 121 | H51: 127 | I51: =IF($H$51="","",IF($H$51<0,-$H$51/(-$H$51+100),100/($H$51+100))) | J51: =IF($H$51="","",$F$51*IF($H$51<0,-100/$H$51,$H$51/100)-(1-$F$51)) | K51: =IF($H$51="","",MAX(0,($F$51*IF($H$51<0,-100/$H$51,$H$51/100)-(1-$F$51))/IF($H$51<0,-100/$H$51,$H$51/100))*'Settings'!$B$3) | L51: =IF($H$51="","",ROUND(MIN($K$51,'Settings'!$B$5)*'Settings'!$B$2,2)) | M51: =IF($J$51="","",IF($J$51<0,"Pass",IF($J$51<'Settings'!$B$4,"Thin",IF($J$51<0.06,"✅ Sharp band",IF($J$51<0.08,"Strong","⚠ Verify (stale?)"))))) | N51: Model 45.3% (fair +121). Your call. | P51: =IF(OR($H$51="",$O$51=""),"",(1+IF($H$51<0,-100/$H$51,$H$51/100))/(1+IF($O$51<0,-100/$O$51,$O$51/100))-1)
A52: 2026-06-29 | B52: San Diego Padres @ Chicago Cubs | C52: 00:05 | D52: Spread | E52: San Diego Padres +1.5 | F52: 0.54670619 | G52: -121 | H52: -126 | I52: =IF($H$52="","",IF($H$52<0,-$H$52/(-$H$52+100),100/($H$52+100))) | J52: =IF($H$52="","",$F$52*IF($H$52<0,-100/$H$52,$H$52/100)-(1-$F$52)) | K52: =IF($H$52="","",MAX(0,($F$52*IF($H$52<0,-100/$H$52,$H$52/100)-(1-$F$52))/IF($H$52<0,-100/$H$52,$H$52/100))*'Settings'!$B$3) | L52: =IF($H$52="","",ROUND(MIN($K$52,'Settings'!$B$5)*'Settings'!$B$2,2)) | M52: =IF($J$52="","",IF($J$52<0,"Pass",IF($J$52<'Settings'!$B$4,"Thin",IF($J$52<0.06,"✅ Sharp band",IF($J$52<0.08,"Strong","⚠ Verify (stale?)"))))) | N52: Model 54.7% (fair -121). Your call. | P52: =IF(OR($H$52="",$O$52=""),"",(1+IF($H$52<0,-100/$H$52,$H$52/100))/(1+IF($O$52<0,-100/$O$52,$O$52/100))-1)
A53: 2026-06-29 | B53: Minnesota Twins @ Houston Astros | C53: 00:10 | D53: Moneyline | E53: Minnesota Twins | F53: 0.48039648 | G53: 108 | H53: 127 | I53: =IF($H$53="","",IF($H$53<0,-$H$53/(-$H$53+100),100/($H$53+100))) | J53: =IF($H$53="","",$F$53*IF($H$53<0,-100/$H$53,$H$53/100)-(1-$F$53)) | K53: =IF($H$53="","",MAX(0,($F$53*IF($H$53<0,-100/$H$53,$H$53/100)-(1-$F$53))/IF($H$53<0,-100/$H$53,$H$53/100))*'Settings'!$B$3) | L53: =IF($H$53="","",ROUND(MIN($K$53,'Settings'!$B$5)*'Settings'!$B$2,2)) | M53: =IF($J$53="","",IF($J$53<0,"Pass",IF($J$53<'Settings'!$B$4,"Thin",IF($J$53<0.06,"✅ Sharp band",IF($J$53<0.08,"Strong","⚠ Verify (stale?)"))))) | N53: Model 48.0% (fair +108). Your call. | P53: =IF(OR($H$53="",$O$53=""),"",(1+IF($H$53<0,-100/$H$53,$H$53/100))/(1+IF($O$53<0,-100/$O$53,$O$53/100))-1)
A54: 2026-06-29 | B54: Minnesota Twins @ Houston Astros | C54: 00:10 | D54: Moneyline | E54: Houston Astros | F54: 0.51958106 | G54: -108 | H54: -127 | I54: =IF($H$54="","",IF($H$54<0,-$H$54/(-$H$54+100),100/($H$54+100))) | J54: =IF($H$54="","",$F$54*IF($H$54<0,-100/$H$54,$H$54/100)-(1-$F$54)) | K54: =IF($H$54="","",MAX(0,($F$54*IF($H$54<0,-100/$H$54,$H$54/100)-(1-$F$54))/IF($H$54<0,-100/$H$54,$H$54/100))*'Settings'!$B$3) | L54: =IF($H$54="","",ROUND(MIN($K$54,'Settings'!$B$5)*'Settings'!$B$2,2)) | M54: =IF($J$54="","",IF($J$54<0,"Pass",IF($J$54<'Settings'!$B$4,"Thin",IF($J$54<0.06,"✅ Sharp band",IF($J$54<0.08,"Strong","⚠ Verify (stale?)"))))) | N54: Model 52.0% (fair -108). Your call. | P54: =IF(OR($H$54="",$O$54=""),"",(1+IF($H$54<0,-100/$H$54,$H$54/100))/(1+IF($O$54<0,-100/$O$54,$O$54/100))-1)
A55: 2026-06-29 | B55: Minnesota Twins @ Houston Astros | C55: 00:10 | D55: Total | E55: Over 9.5 | F55: 0.4838 | G55: 107 | H55: 127 | I55: =IF($H$55="","",IF($H$55<0,-$H$55/(-$H$55+100),100/($H$55+100))) | J55: =IF($H$55="","",$F$55*IF($H$55<0,-100/$H$55,$H$55/100)-(1-$F$55)) | K55: =IF($H$55="","",MAX(0,($F$55*IF($H$55<0,-100/$H$55,$H$55/100)-(1-$F$55))/IF($H$55<0,-100/$H$55,$H$55/100))*'Settings'!$B$3) | L55: =IF($H$55="","",ROUND(MIN($K$55,'Settings'!$B$5)*'Settings'!$B$2,2)) | M55: =IF($J$55="","",IF($J$55<0,"Pass",IF($J$55<'Settings'!$B$4,"Thin",IF($J$55<0.06,"✅ Sharp band",IF($J$55<0.08,"Strong","⚠ Verify (stale?)"))))) | N55: Model 48.4% (fair +107). Your call. | P55: =IF(OR($H$55="",$O$55=""),"",(1+IF($H$55<0,-100/$H$55,$H$55/100))/(1+IF($O$55<0,-100/$O$55,$O$55/100))-1)
A56: 2026-06-29 | B56: Minnesota Twins @ Houston Astros | C56: 00:10 | D56: Total | E56: Under 9.5 | F56: 0.5162 | G56: -107 | H56: 117 | I56: =IF($H$56="","",IF($H$56<0,-$H$56/(-$H$56+100),100/($H$56+100))) | J56: =IF($H$56="","",$F$56*IF($H$56<0,-100/$H$56,$H$56/100)-(1-$F$56)) | K56: =IF($H$56="","",MAX(0,($F$56*IF($H$56<0,-100/$H$56,$H$56/100)-(1-$F$56))/IF($H$56<0,-100/$H$56,$H$56/100))*'Settings'!$B$3) | L56: =IF($H$56="","",ROUND(MIN($K$56,'Settings'!$B$5)*'Settings'!$B$2,2)) | M56: =IF($J$56="","",IF($J$56<0,"Pass",IF($J$56<'Settings'!$B$4,"Thin",IF($J$56<0.06,"✅ Sharp band",IF($J$56<0.08,"Strong","⚠ Verify (stale?)"))))) | N56: Model 51.6% (fair -107). Your call. | P56: =IF(OR($H$56="",$O$56=""),"",(1+IF($H$56<0,-100/$H$56,$H$56/100))/(1+IF($O$56<0,-100/$O$56,$O$56/100))-1)
A57: 2026-06-29 | B57: Minnesota Twins @ Houston Astros | C57: 00:10 | D57: Spread | E57: Houston Astros -1.5 | F57: 0.3533 | G57: 183 | H57: 163 | I57: =IF($H$57="","",IF($H$57<0,-$H$57/(-$H$57+100),100/($H$57+100))) | J57: =IF($H$57="","",$F$57*IF($H$57<0,-100/$H$57,$H$57/100)-(1-$F$57)) | K57: =IF($H$57="","",MAX(0,($F$57*IF($H$57<0,-100/$H$57,$H$57/100)-(1-$F$57))/IF($H$57<0,-100/$H$57,$H$57/100))*'Settings'!$B$3) | L57: =IF($H$57="","",ROUND(MIN($K$57,'Settings'!$B$5)*'Settings'!$B$2,2)) | M57: =IF($J$57="","",IF($J$57<0,"Pass",IF($J$57<'Settings'!$B$4,"Thin",IF($J$57<0.06,"✅ Sharp band",IF($J$57<0.08,"Strong","⚠ Verify (stale?)"))))) | N57: Model 35.3% (fair +183). Your call. | P57: =IF(OR($H$57="",$O$57=""),"",(1+IF($H$57<0,-100/$H$57,$H$57/100))/(1+IF($O$57<0,-100/$O$57,$O$57/100))-1)
A58: 2026-06-29 | B58: Minnesota Twins @ Houston Astros | C58: 00:10 | D58: Spread | E58: Minnesota Twins +1.5 | F58: 0.6467 | G58: -183 | H58: -118 | I58: =IF($H$58="","",IF($H$58<0,-$H$58/(-$H$58+100),100/($H$58+100))) | J58: =IF($H$58="","",$F$58*IF($H$58<0,-100/$H$58,$H$58/100)-(1-$F$58)) | K58: =IF($H$58="","",MAX(0,($F$58*IF($H$58<0,-100/$H$58,$H$58/100)-(1-$F$58))/IF($H$58<0,-100/$H$58,$H$58/100))*'Settings'!$B$3) | L58: =IF($H$58="","",ROUND(MIN($K$58,'Settings'!$B$5)*'Settings'!$B$2,2)) | M58: =IF($J$58="","",IF($J$58<0,"Pass",IF($J$58<'Settings'!$B$4,"Thin",IF($J$58<0.06,"✅ Sharp band",IF($J$58<0.08,"Strong","⚠ Verify (stale?)"))))) | N58: Model 64.7% (fair -183). Your call. | P58: =IF(OR($H$58="",$O$58=""),"",(1+IF($H$58<0,-100/$H$58,$H$58/100))/(1+IF($O$58<0,-100/$O$58,$O$58/100))-1)
A59: 2026-06-29 | B59: Miami Marlins @ Colorado Rockies | C59: 00:40 | D59: Moneyline | E59: Miami Marlins | F59: 0.5400485 | G59: -117 | H59: -133 | I59: =IF($H$59="","",IF($H$59<0,-$H$59/(-$H$59+100),100/($H$59+100))) | J59: =IF($H$59="","",$F$59*IF($H$59<0,-100/$H$59,$H$59/100)-(1-$F$59)) | K59: =IF($H$59="","",MAX(0,($F$59*IF($H$59<0,-100/$H$59,$H$59/100)-(1-$F$59))/IF($H$59<0,-100/$H$59,$H$59/100))*'Settings'!$B$3) | L59: =IF($H$59="","",ROUND(MIN($K$59,'Settings'!$B$5)*'Settings'!$B$2,2)) | M59: =IF($J$59="","",IF($J$59<0,"Pass",IF($J$59<'Settings'!$B$4,"Thin",IF($J$59<0.06,"✅ Sharp band",IF($J$59<0.08,"Strong","⚠ Verify (stale?)"))))) | N59: Model 54.0% (fair -117). Your call. | P59: =IF(OR($H$59="",$O$59=""),"",(1+IF($H$59<0,-100/$H$59,$H$59/100))/(1+IF($O$59<0,-100/$O$59,$O$59/100))-1)
A60: 2026-06-29 | B60: Miami Marlins @ Colorado Rockies | C60: 00:40 | D60: Moneyline | E60: Colorado Rockies | F60: 0.45995798 | G60: 117 | H60: 138 | I60: =IF($H$60="","",IF($H$60<0,-$H$60/(-$H$60+100),100/($H$60+100))) | J60: =IF($H$60="","",$F$60*IF($H$60<0,-100/$H$60,$H$60/100)-(1-$F$60)) | K60: =IF($H$60="","",MAX(0,($F$60*IF($H$60<0,-100/$H$60,$H$60/100)-(1-$F$60))/IF($H$60<0,-100/$H$60,$H$60/100))*'Settings'!$B$3) | L60: =IF($H$60="","",ROUND(MIN($K$60,'Settings'!$B$5)*'Settings'!$B$2,2)) | M60: =IF($J$60="","",IF($J$60<0,"Pass",IF($J$60<'Settings'!$B$4,"Thin",IF($J$60<0.06,"✅ Sharp band",IF($J$60<0.08,"Strong","⚠ Verify (stale?)"))))) | N60: Model 46.0% (fair +117). Your call. | P60: =IF(OR($H$60="",$O$60=""),"",(1+IF($H$60<0,-100/$H$60,$H$60/100))/(1+IF($O$60<0,-100/$O$60,$O$60/100))-1)
A61: 2026-06-29 | B61: Miami Marlins @ Colorado Rockies | C61: 00:40 | D61: Total | E61: Over 12 | F61: 0.41676946 | G61: 140 | H61: -103 | I61: =IF($H$61="","",IF($H$61<0,-$H$61/(-$H$61+100),100/($H$61+100))) | J61: =IF($H$61="","",$F$61*IF($H$61<0,-100/$H$61,$H$61/100)-(1-$F$61)) | K61: =IF($H$61="","",MAX(0,($F$61*IF($H$61<0,-100/$H$61,$H$61/100)-(1-$F$61))/IF($H$61<0,-100/$H$61,$H$61/100))*'Settings'!$B$3) | L61: =IF($H$61="","",ROUND(MIN($K$61,'Settings'!$B$5)*'Settings'!$B$2,2)) | M61: =IF($J$61="","",IF($J$61<0,"Pass",IF($J$61<'Settings'!$B$4,"Thin",IF($J$61<0.06,"✅ Sharp band",IF($J$61<0.08,"Strong","⚠ Verify (stale?)"))))) | N61: Model 41.7% (fair +140). Your call. | P61: =IF(OR($H$61="",$O$61=""),"",(1+IF($H$61<0,-100/$H$61,$H$61/100))/(1+IF($O$61<0,-100/$O$61,$O$61/100))-1)
A62: 2026-06-29 | B62: Miami Marlins @ Colorado Rockies | C62: 00:40 | D62: Total | E62: Under 12 | F62: 0.58322115 | G62: -140 | H62: 108 | I62: =IF($H$62="","",IF($H$62<0,-$H$62/(-$H$62+100),100/($H$62+100))) | J62: =IF($H$62="","",$F$62*IF($H$62<0,-100/$H$62,$H$62/100)-(1-$F$62)) | K62: =IF($H$62="","",MAX(0,($F$62*IF($H$62<0,-100/$H$62,$H$62/100)-(1-$F$62))/IF($H$62<0,-100/$H$62,$H$62/100))*'Settings'!$B$3) | L62: =IF($H$62="","",ROUND(MIN($K$62,'Settings'!$B$5)*'Settings'!$B$2,2)) | M62: =IF($J$62="","",IF($J$62<0,"Pass",IF($J$62<'Settings'!$B$4,"Thin",IF($J$62<0.06,"✅ Sharp band",IF($J$62<0.08,"Strong","⚠ Verify (stale?)"))))) | N62: Model 58.3% (fair -140). Your call. | P62: =IF(OR($H$62="",$O$62=""),"",(1+IF($H$62<0,-100/$H$62,$H$62/100))/(1+IF($O$62<0,-100/$O$62,$O$62/100))-1)
A63: 2026-06-29 | B63: Miami Marlins @ Colorado Rockies | C63: 00:40 | D63: Spread | E63: Colorado Rockies -1.5 | F63: 0.3761 | G63: 166 | H63: 122 | I63: =IF($H$63="","",IF($H$63<0,-$H$63/(-$H$63+100),100/($H$63+100))) | J63: =IF($H$63="","",$F$63*IF($H$63<0,-100/$H$63,$H$63/100)-(1-$F$63)) | K63: =IF($H$63="","",MAX(0,($F$63*IF($H$63<0,-100/$H$63,$H$63/100)-(1-$F$63))/IF($H$63<0,-100/$H$63,$H$63/100))*'Settings'!$B$3) | L63: =IF($H$63="","",ROUND(MIN($K$63,'Settings'!$B$5)*'Settings'!$B$2,2)) | M63: =IF($J$63="","",IF($J$63<0,"Pass",IF($J$63<'Settings'!$B$4,"Thin",IF($J$63<0.06,"✅ Sharp band",IF($J$63<0.08,"Strong","⚠ Verify (stale?)"))))) | N63: Model 37.6% (fair +166). Your call. | P63: =IF(OR($H$63="",$O$63=""),"",(1+IF($H$63<0,-100/$H$63,$H$63/100))/(1+IF($O$63<0,-100/$O$63,$O$63/100))-1)
A64: 2026-06-29 | B64: Miami Marlins @ Colorado Rockies | C64: 00:40 | D64: Spread | E64: Miami Marlins +1.5 | F64: 0.6239 | G64: -166 | H64: 108 | I64: =IF($H$64="","",IF($H$64<0,-$H$64/(-$H$64+100),100/($H$64+100))) | J64: =IF($H$64="","",$F$64*IF($H$64<0,-100/$H$64,$H$64/100)-(1-$F$64)) | K64: =IF($H$64="","",MAX(0,($F$64*IF($H$64<0,-100/$H$64,$H$64/100)-(1-$F$64))/IF($H$64<0,-100/$H$64,$H$64/100))*'Settings'!$B$3) | L64: =IF($H$64="","",ROUND(MIN($K$64,'Settings'!$B$5)*'Settings'!$B$2,2)) | M64: =IF($J$64="","",IF($J$64<0,"Pass",IF($J$64<'Settings'!$B$4,"Thin",IF($J$64<0.06,"✅ Sharp band",IF($J$64<0.08,"Strong","⚠ Verify (stale?)"))))) | N64: Model 62.4% (fair -166). Your call. | P64: =IF(OR($H$64="",$O$64=""),"",(1+IF($H$64<0,-100/$H$64,$H$64/100))/(1+IF($O$64<0,-100/$O$64,$O$64/100))-1)
A65: 2026-06-29 | B65: Los Angeles Dodgers @ Athletics | C65: 01:40 | D65: Moneyline | E65: Los Angeles Dodgers | F65: 0.4267 | G65: 134 | I65: =IF($H$65="","",IF($H$65<0,-$H$65/(-$H$65+100),100/($H$65+100))) | J65: =IF($H$65="","",$F$65*IF($H$65<0,-100/$H$65,$H$65/100)-(1-$F$65)) | K65: =IF($H$65="","",MAX(0,($F$65*IF($H$65<0,-100/$H$65,$H$65/100)-(1-$F$65))/IF($H$65<0,-100/$H$65,$H$65/100))*'Settings'!$B$3) | L65: =IF($H$65="","",ROUND(MIN($K$65,'Settings'!$B$5)*'Settings'!$B$2,2)) | M65: =IF($J$65="","",IF($J$65<0,"Pass",IF($J$65<'Settings'!$B$4,"Thin",IF($J$65<0.06,"✅ Sharp band",IF($J$65<0.08,"Strong","⚠ Verify (stale?)"))))) | N65: Model 42.7% (fair +134). Your call. | P65: =IF(OR($H$65="",$O$65=""),"",(1+IF($H$65<0,-100/$H$65,$H$65/100))/(1+IF($O$65<0,-100/$O$65,$O$65/100))-1)
A66: 2026-06-29 | B66: Los Angeles Dodgers @ Athletics | C66: 01:40 | D66: Moneyline | E66: Athletics | F66: 0.5733 | G66: -134 | I66: =IF($H$66="","",IF($H$66<0,-$H$66/(-$H$66+100),100/($H$66+100))) | J66: =IF($H$66="","",$F$66*IF($H$66<0,-100/$H$66,$H$66/100)-(1-$F$66)) | K66: =IF($H$66="","",MAX(0,($F$66*IF($H$66<0,-100/$H$66,$H$66/100)-(1-$F$66))/IF($H$66<0,-100/$H$66,$H$66/100))*'Settings'!$B$3) | L66: =IF($H$66="","",ROUND(MIN($K$66,'Settings'!$B$5)*'Settings'!$B$2,2)) | M66: =IF($J$66="","",IF($J$66<0,"Pass",IF($J$66<'Settings'!$B$4,"Thin",IF($J$66<0.06,"✅ Sharp band",IF($J$66<0.08,"Strong","⚠ Verify (stale?)"))))) | N66: Model 57.3% (fair -134). Your call. | P66: =IF(OR($H$66="",$O$66=""),"",(1+IF($H$66<0,-100/$H$66,$H$66/100))/(1+IF($O$66<0,-100/$O$66,$O$66/100))-1)
A67: 2026-06-29 | B67: Los Angeles Angels @ Seattle Mariners | C67: 01:40 | D67: Moneyline | E67: Los Angeles Angels | F67: 0.4656 | G67: 115 | I67: =IF($H$67="","",IF($H$67<0,-$H$67/(-$H$67+100),100/($H$67+100))) | J67: =IF($H$67="","",$F$67*IF($H$67<0,-100/$H$67,$H$67/100)-(1-$F$67)) | K67: =IF($H$67="","",MAX(0,($F$67*IF($H$67<0,-100/$H$67,$H$67/100)-(1-$F$67))/IF($H$67<0,-100/$H$67,$H$67/100))*'Settings'!$B$3) | L67: =IF($H$67="","",ROUND(MIN($K$67,'Settings'!$B$5)*'Settings'!$B$2,2)) | M67: =IF($J$67="","",IF($J$67<0,"Pass",IF($J$67<'Settings'!$B$4,"Thin",IF($J$67<0.06,"✅ Sharp band",IF($J$67<0.08,"Strong","⚠ Verify (stale?)"))))) | N67: Model 46.6% (fair +115). Your call. | P67: =IF(OR($H$67="",$O$67=""),"",(1+IF($H$67<0,-100/$H$67,$H$67/100))/(1+IF($O$67<0,-100/$O$67,$O$67/100))-1)
A68: 2026-06-29 | B68: Los Angeles Angels @ Seattle Mariners | C68: 01:40 | D68: Moneyline | E68: Seattle Mariners | F68: 0.5344 | G68: -115 | I68: =IF($H$68="","",IF($H$68<0,-$H$68/(-$H$68+100),100/($H$68+100))) | J68: =IF($H$68="","",$F$68*IF($H$68<0,-100/$H$68,$H$68/100)-(1-$F$68)) | K68: =IF($H$68="","",MAX(0,($F$68*IF($H$68<0,-100/$H$68,$H$68/100)-(1-$F$68))/IF($H$68<0,-100/$H$68,$H$68/100))*'Settings'!$B$3) | L68: =IF($H$68="","",ROUND(MIN($K$68,'Settings'!$B$5)*'Settings'!$B$2,2)) | M68: =IF($J$68="","",IF($J$68<0,"Pass",IF($J$68<'Settings'!$B$4,"Thin",IF($J$68<0.06,"✅ Sharp band",IF($J$68<0.08,"Strong","⚠ Verify (stale?)"))))) | N68: Model 53.4% (fair -115). Your call. | P68: =IF(OR($H$68="",$O$68=""),"",(1+IF($H$68<0,-100/$H$68,$H$68/100))/(1+IF($O$68<0,-100/$O$68,$O$68/100))-1)
A69: 2026-06-29 | B69: San Francisco Giants @ Arizona Diamondbacks | C69: 01:40 | D69: Moneyline | E69: San Francisco Giants | F69: 0.5541 | G69: -124 | I69: =IF($H$69="","",IF($H$69<0,-$H$69/(-$H$69+100),100/($H$69+100))) | J69: =IF($H$69="","",$F$69*IF($H$69<0,-100/$H$69,$H$69/100)-(1-$F$69)) | K69: =IF($H$69="","",MAX(0,($F$69*IF($H$69<0,-100/$H$69,$H$69/100)-(1-$F$69))/IF($H$69<0,-100/$H$69,$H$69/100))*'Settings'!$B$3) | L69: =IF($H$69="","",ROUND(MIN($K$69,'Settings'!$B$5)*'Settings'!$B$2,2)) | M69: =IF($J$69="","",IF($J$69<0,"Pass",IF($J$69<'Settings'!$B$4,"Thin",IF($J$69<0.06,"✅ Sharp band",IF($J$69<0.08,"Strong","⚠ Verify (stale?)"))))) | N69: Model 55.4% (fair -124). Your call. | P69: =IF(OR($H$69="",$O$69=""),"",(1+IF($H$69<0,-100/$H$69,$H$69/100))/(1+IF($O$69<0,-100/$O$69,$O$69/100))-1)
A70: 2026-06-29 | B70: San Francisco Giants @ Arizona Diamondbacks | C70: 01:40 | D70: Moneyline | E70: Arizona Diamondbacks | F70: 0.4459 | G70: 124 | I70: =IF($H$70="","",IF($H$70<0,-$H$70/(-$H$70+100),100/($H$70+100))) | J70: =IF($H$70="","",$F$70*IF($H$70<0,-100/$H$70,$H$70/100)-(1-$F$70)) | K70: =IF($H$70="","",MAX(0,($F$70*IF($H$70<0,-100/$H$70,$H$70/100)-(1-$F$70))/IF($H$70<0,-100/$H$70,$H$70/100))*'Settings'!$B$3) | L70: =IF($H$70="","",ROUND(MIN($K$70,'Settings'!$B$5)*'Settings'!$B$2,2)) | M70: =IF($J$70="","",IF($J$70<0,"Pass",IF($J$70<'Settings'!$B$4,"Thin",IF($J$70<0.06,"✅ Sharp band",IF($J$70<0.08,"Strong","⚠ Verify (stale?)"))))) | N70: Model 44.6% (fair +124). Your call. | P70: =IF(OR($H$70="",$O$70=""),"",(1+IF($H$70<0,-100/$H$70,$H$70/100))/(1+IF($O$70<0,-100/$O$70,$O$70/100))-1)
A71: 2026-06-30 | B71: Chicago White Sox @ Baltimore Orioles | C71: 22:35 | D71: Moneyline | E71: Chicago White Sox | F71: 0.44613445 | G71: 124 | H71: 138 | I71: =IF($H$71="","",IF($H$71<0,-$H$71/(-$H$71+100),100/($H$71+100))) | J71: =IF($H$71="","",$F$71*IF($H$71<0,-100/$H$71,$H$71/100)-(1-$F$71)) | K71: =IF($H$71="","",MAX(0,($F$71*IF($H$71<0,-100/$H$71,$H$71/100)-(1-$F$71))/IF($H$71<0,-100/$H$71,$H$71/100))*'Settings'!$B$3) | L71: =IF($H$71="","",ROUND(MIN($K$71,'Settings'!$B$5)*'Settings'!$B$2,2)) | M71: =IF($J$71="","",IF($J$71<0,"Pass",IF($J$71<'Settings'!$B$4,"Thin",IF($J$71<0.06,"✅ Sharp band",IF($J$71<0.08,"Strong","⚠ Verify (stale?)"))))) | N71: Model 44.6% (fair +124). Your call. | P71: =IF(OR($H$71="",$O$71=""),"",(1+IF($H$71<0,-100/$H$71,$H$71/100))/(1+IF($O$71<0,-100/$O$71,$O$71/100))-1)
A72: 2026-06-30 | B72: Chicago White Sox @ Baltimore Orioles | C72: 22:35 | D72: Moneyline | E72: Baltimore Orioles | F72: 0.55385546 | G72: -124 | H72: -138 | I72: =IF($H$72="","",IF($H$72<0,-$H$72/(-$H$72+100),100/($H$72+100))) | J72: =IF($H$72="","",$F$72*IF($H$72<0,-100/$H$72,$H$72/100)-(1-$F$72)) | K72: =IF($H$72="","",MAX(0,($F$72*IF($H$72<0,-100/$H$72,$H$72/100)-(1-$F$72))/IF($H$72<0,-100/$H$72,$H$72/100))*'Settings'!$B$3) | L72: =IF($H$72="","",ROUND(MIN($K$72,'Settings'!$B$5)*'Settings'!$B$2,2)) | M72: =IF($J$72="","",IF($J$72<0,"Pass",IF($J$72<'Settings'!$B$4,"Thin",IF($J$72<0.06,"✅ Sharp band",IF($J$72<0.08,"Strong","⚠ Verify (stale?)"))))) | N72: Model 55.4% (fair -124). Your call. | P72: =IF(OR($H$72="",$O$72=""),"",(1+IF($H$72<0,-100/$H$72,$H$72/100))/(1+IF($O$72<0,-100/$O$72,$O$72/100))-1)
A73: 2026-06-30 | B73: Chicago White Sox @ Baltimore Orioles | C73: 22:35 | D73: Total | E73: Over 10.5 | F73: 0.51206731 | G73: -105 | H73: 108 | I73: =IF($H$73="","",IF($H$73<0,-$H$73/(-$H$73+100),100/($H$73+100))) | J73: =IF($H$73="","",$F$73*IF($H$73<0,-100/$H$73,$H$73/100)-(1-$F$73)) | K73: =IF($H$73="","",MAX(0,($F$73*IF($H$73<0,-100/$H$73,$H$73/100)-(1-$F$73))/IF($H$73<0,-100/$H$73,$H$73/100))*'Settings'!$B$3) | L73: =IF($H$73="","",ROUND(MIN($K$73,'Settings'!$B$5)*'Settings'!$B$2,2)) | M73: =IF($J$73="","",IF($J$73<0,"Pass",IF($J$73<'Settings'!$B$4,"Thin",IF($J$73<0.06,"✅ Sharp band",IF($J$73<0.08,"Strong","⚠ Verify (stale?)"))))) | N73: Model 51.2% (fair -105). Your call. | P73: =IF(OR($H$73="",$O$73=""),"",(1+IF($H$73<0,-100/$H$73,$H$73/100))/(1+IF($O$73<0,-100/$O$73,$O$73/100))-1)
A74: 2026-06-30 | B74: Chicago White Sox @ Baltimore Orioles | C74: 22:35 | D74: Total | E74: Under 10.5 | F74: 0.48797308 | G74: 105 | H74: -108 | I74: =IF($H$74="","",IF($H$74<0,-$H$74/(-$H$74+100),100/($H$74+100))) | J74: =IF($H$74="","",$F$74*IF($H$74<0,-100/$H$74,$H$74/100)-(1-$F$74)) | K74: =IF($H$74="","",MAX(0,($F$74*IF($H$74<0,-100/$H$74,$H$74/100)-(1-$F$74))/IF($H$74<0,-100/$H$74,$H$74/100))*'Settings'!$B$3) | L74: =IF($H$74="","",ROUND(MIN($K$74,'Settings'!$B$5)*'Settings'!$B$2,2)) | M74: =IF($J$74="","",IF($J$74<0,"Pass",IF($J$74<'Settings'!$B$4,"Thin",IF($J$74<0.06,"✅ Sharp band",IF($J$74<0.08,"Strong","⚠ Verify (stale?)"))))) | N74: Model 48.8% (fair +105). Your call. | P74: =IF(OR($H$74="",$O$74=""),"",(1+IF($H$74<0,-100/$H$74,$H$74/100))/(1+IF($O$74<0,-100/$O$74,$O$74/100))-1)
A75: 2026-06-30 | B75: Chicago White Sox @ Baltimore Orioles | C75: 22:35 | D75: Spread | E75: Baltimore Orioles -1.5 | F75: 0.4098 | G75: 144 | H75: 150 | I75: =IF($H$75="","",IF($H$75<0,-$H$75/(-$H$75+100),100/($H$75+100))) | J75: =IF($H$75="","",$F$75*IF($H$75<0,-100/$H$75,$H$75/100)-(1-$F$75)) | K75: =IF($H$75="","",MAX(0,($F$75*IF($H$75<0,-100/$H$75,$H$75/100)-(1-$F$75))/IF($H$75<0,-100/$H$75,$H$75/100))*'Settings'!$B$3) | L75: =IF($H$75="","",ROUND(MIN($K$75,'Settings'!$B$5)*'Settings'!$B$2,2)) | M75: =IF($J$75="","",IF($J$75<0,"Pass",IF($J$75<'Settings'!$B$4,"Thin",IF($J$75<0.06,"✅ Sharp band",IF($J$75<0.08,"Strong","⚠ Verify (stale?)"))))) | N75: Model 41.0% (fair +144). Your call. | P75: =IF(OR($H$75="",$O$75=""),"",(1+IF($H$75<0,-100/$H$75,$H$75/100))/(1+IF($O$75<0,-100/$O$75,$O$75/100))-1)
A76: 2026-06-30 | B76: Chicago White Sox @ Baltimore Orioles | C76: 22:35 | D76: Spread | E76: Chicago White Sox +1.5 | F76: 0.5902 | G76: -144 | H76: 160 | I76: =IF($H$76="","",IF($H$76<0,-$H$76/(-$H$76+100),100/($H$76+100))) | J76: =IF($H$76="","",$F$76*IF($H$76<0,-100/$H$76,$H$76/100)-(1-$F$76)) | K76: =IF($H$76="","",MAX(0,($F$76*IF($H$76<0,-100/$H$76,$H$76/100)-(1-$F$76))/IF($H$76<0,-100/$H$76,$H$76/100))*'Settings'!$B$3) | L76: =IF($H$76="","",ROUND(MIN($K$76,'Settings'!$B$5)*'Settings'!$B$2,2)) | M76: =IF($J$76="","",IF($J$76<0,"Pass",IF($J$76<'Settings'!$B$4,"Thin",IF($J$76<0.06,"✅ Sharp band",IF($J$76<0.08,"Strong","⚠ Verify (stale?)"))))) | N76: Model 59.0% (fair -144). Your call. | P76: =IF(OR($H$76="",$O$76=""),"",(1+IF($H$76<0,-100/$H$76,$H$76/100))/(1+IF($O$76<0,-100/$O$76,$O$76/100))-1)
A77: 2026-06-30 | B77: Texas Rangers @ Cleveland Guardians | C77: 22:40 | D77: Moneyline | E77: Texas Rangers | F77: 0.53553922 | G77: -115 | H77: 104 | I77: =IF($H$77="","",IF($H$77<0,-$H$77/(-$H$77+100),100/($H$77+100))) | J77: =IF($H$77="","",$F$77*IF($H$77<0,-100/$H$77,$H$77/100)-(1-$F$77)) | K77: =IF($H$77="","",MAX(0,($F$77*IF($H$77<0,-100/$H$77,$H$77/100)-(1-$F$77))/IF($H$77<0,-100/$H$77,$H$77/100))*'Settings'!$B$3) | L77: =IF($H$77="","",ROUND(MIN($K$77,'Settings'!$B$5)*'Settings'!$B$2,2)) | M77: =IF($J$77="","",IF($J$77<0,"Pass",IF($J$77<'Settings'!$B$4,"Thin",IF($J$77<0.06,"✅ Sharp band",IF($J$77<0.08,"Strong","⚠ Verify (stale?)"))))) | N77: Model 53.6% (fair -115). Your call. | P77: =IF(OR($H$77="",$O$77=""),"",(1+IF($H$77<0,-100/$H$77,$H$77/100))/(1+IF($O$77<0,-100/$O$77,$O$77/100))-1)
A78: 2026-06-30 | B78: Texas Rangers @ Cleveland Guardians | C78: 22:40 | D78: Moneyline | E78: Cleveland Guardians | F78: 0.46450495 | G78: 115 | H78: 102 | I78: =IF($H$78="","",IF($H$78<0,-$H$78/(-$H$78+100),100/($H$78+100))) | J78: =IF($H$78="","",$F$78*IF($H$78<0,-100/$H$78,$H$78/100)-(1-$F$78)) | K78: =IF($H$78="","",MAX(0,($F$78*IF($H$78<0,-100/$H$78,$H$78/100)-(1-$F$78))/IF($H$78<0,-100/$H$78,$H$78/100))*'Settings'!$B$3) | L78: =IF($H$78="","",ROUND(MIN($K$78,'Settings'!$B$5)*'Settings'!$B$2,2)) | M78: =IF($J$78="","",IF($J$78<0,"Pass",IF($J$78<'Settings'!$B$4,"Thin",IF($J$78<0.06,"✅ Sharp band",IF($J$78<0.08,"Strong","⚠ Verify (stale?)"))))) | N78: Model 46.5% (fair +115). Your call. | P78: =IF(OR($H$78="",$O$78=""),"",(1+IF($H$78<0,-100/$H$78,$H$78/100))/(1+IF($O$78<0,-100/$O$78,$O$78/100))-1)
A79: 2026-06-30 | B79: Texas Rangers @ Cleveland Guardians | C79: 22:40 | D79: Total | E79: Over 7.5 | F79: 0.51581961 | G79: -107 | H79: -104 | I79: =IF($H$79="","",IF($H$79<0,-$H$79/(-$H$79+100),100/($H$79+100))) | J79: =IF($H$79="","",$F$79*IF($H$79<0,-100/$H$79,$H$79/100)-(1-$F$79)) | K79: =IF($H$79="","",MAX(0,($F$79*IF($H$79<0,-100/$H$79,$H$79/100)-(1-$F$79))/IF($H$79<0,-100/$H$79,$H$79/100))*'Settings'!$B$3) | L79: =IF($H$79="","",ROUND(MIN($K$79,'Settings'!$B$5)*'Settings'!$B$2,2)) | M79: =IF($J$79="","",IF($J$79<0,"Pass",IF($J$79<'Settings'!$B$4,"Thin",IF($J$79<0.06,"✅ Sharp band",IF($J$79<0.08,"Strong","⚠ Verify (stale?)"))))) | N79: Model 51.6% (fair -107). Your call. | P79: =IF(OR($H$79="",$O$79=""),"",(1+IF($H$79<0,-100/$H$79,$H$79/100))/(1+IF($O$79<0,-100/$O$79,$O$79/100))-1)
A80: 2026-06-30 | B80: Texas Rangers @ Cleveland Guardians | C80: 22:40 | D80: Total | E80: Under 7.5 | F80: 0.48415 | G80: 107 | H80: 100 | I80: =IF($H$80="","",IF($H$80<0,-$H$80/(-$H$80+100),100/($H$80+100))) | J80: =IF($H$80="","",$F$80*IF($H$80<0,-100/$H$80,$H$80/100)-(1-$F$80)) | K80: =IF($H$80="","",MAX(0,($F$80*IF($H$80<0,-100/$H$80,$H$80/100)-(1-$F$80))/IF($H$80<0,-100/$H$80,$H$80/100))*'Settings'!$B$3) | L80: =IF($H$80="","",ROUND(MIN($K$80,'Settings'!$B$5)*'Settings'!$B$2,2)) | M80: =IF($J$80="","",IF($J$80<0,"Pass",IF($J$80<'Settings'!$B$4,"Thin",IF($J$80<0.06,"✅ Sharp band",IF($J$80<0.08,"Strong","⚠ Verify (stale?)"))))) | N80: Model 48.4% (fair +107). Your call. | P80: =IF(OR($H$80="",$O$80=""),"",(1+IF($H$80<0,-100/$H$80,$H$80/100))/(1+IF($O$80<0,-100/$O$80,$O$80/100))-1)
A81: 2026-06-30 | B81: Texas Rangers @ Cleveland Guardians | C81: 22:40 | D81: Spread | E81: Cleveland Guardians +1.5 | F81: 0.59423726 | G81: -146 | H81: -163 | I81: =IF($H$81="","",IF($H$81<0,-$H$81/(-$H$81+100),100/($H$81+100))) | J81: =IF($H$81="","",$F$81*IF($H$81<0,-100/$H$81,$H$81/100)-(1-$F$81)) | K81: =IF($H$81="","",MAX(0,($F$81*IF($H$81<0,-100/$H$81,$H$81/100)-(1-$F$81))/IF($H$81<0,-100/$H$81,$H$81/100))*'Settings'!$B$3) | L81: =IF($H$81="","",ROUND(MIN($K$81,'Settings'!$B$5)*'Settings'!$B$2,2)) | M81: =IF($J$81="","",IF($J$81<0,"Pass",IF($J$81<'Settings'!$B$4,"Thin",IF($J$81<0.06,"✅ Sharp band",IF($J$81<0.08,"Strong","⚠ Verify (stale?)"))))) | N81: Model 59.4% (fair -146). Your call. | P81: =IF(OR($H$81="",$O$81=""),"",(1+IF($H$81<0,-100/$H$81,$H$81/100))/(1+IF($O$81<0,-100/$O$81,$O$81/100))-1)
A82: 2026-06-30 | B82: Texas Rangers @ Cleveland Guardians | C82: 22:40 | D82: Spread | E82: Texas Rangers -1.5 | F82: 0.40574219 | G82: 146 | H82: 156 | I82: =IF($H$82="","",IF($H$82<0,-$H$82/(-$H$82+100),100/($H$82+100))) | J82: =IF($H$82="","",$F$82*IF($H$82<0,-100/$H$82,$H$82/100)-(1-$F$82)) | K82: =IF($H$82="","",MAX(0,($F$82*IF($H$82<0,-100/$H$82,$H$82/100)-(1-$F$82))/IF($H$82<0,-100/$H$82,$H$82/100))*'Settings'!$B$3) | L82: =IF($H$82="","",ROUND(MIN($K$82,'Settings'!$B$5)*'Settings'!$B$2,2)) | M82: =IF($J$82="","",IF($J$82<0,"Pass",IF($J$82<'Settings'!$B$4,"Thin",IF($J$82<0.06,"✅ Sharp band",IF($J$82<0.08,"Strong","⚠ Verify (stale?)"))))) | N82: Model 40.6% (fair +146). Your call. | P82: =IF(OR($H$82="",$O$82=""),"",(1+IF($H$82<0,-100/$H$82,$H$82/100))/(1+IF($O$82<0,-100/$O$82,$O$82/100))-1)
A83: 2026-06-30 | B83: Pittsburgh Pirates @ Philadelphia Phillies | C83: 22:40 | D83: Moneyline | E83: Pittsburgh Pirates | F83: 0.37157191 | G83: 169 | H83: 199 | I83: =IF($H$83="","",IF($H$83<0,-$H$83/(-$H$83+100),100/($H$83+100))) | J83: =IF($H$83="","",$F$83*IF($H$83<0,-100/$H$83,$H$83/100)-(1-$F$83)) | K83: =IF($H$83="","",MAX(0,($F$83*IF($H$83<0,-100/$H$83,$H$83/100)-(1-$F$83))/IF($H$83<0,-100/$H$83,$H$83/100))*'Settings'!$B$3) | L83: =IF($H$83="","",ROUND(MIN($K$83,'Settings'!$B$5)*'Settings'!$B$2,2)) | M83: =IF($J$83="","",IF($J$83<0,"Pass",IF($J$83<'Settings'!$B$4,"Thin",IF($J$83<0.06,"✅ Sharp band",IF($J$83<0.08,"Strong","⚠ Verify (stale?)"))))) | N83: Model 37.2% (fair +169). Your call. | P83: =IF(OR($H$83="",$O$83=""),"",(1+IF($H$83<0,-100/$H$83,$H$83/100))/(1+IF($O$83<0,-100/$O$83,$O$83/100))-1)
A84: 2026-06-30 | B84: Pittsburgh Pirates @ Philadelphia Phillies | C84: 22:40 | D84: Moneyline | E84: Philadelphia Phillies | F84: 0.62838844 | G84: -169 | H84: -194 | I84: =IF($H$84="","",IF($H$84<0,-$H$84/(-$H$84+100),100/($H$84+100))) | J84: =IF($H$84="","",$F$84*IF($H$84<0,-100/$H$84,$H$84/100)-(1-$F$84)) | K84: =IF($H$84="","",MAX(0,($F$84*IF($H$84<0,-100/$H$84,$H$84/100)-(1-$F$84))/IF($H$84<0,-100/$H$84,$H$84/100))*'Settings'!$B$3) | L84: =IF($H$84="","",ROUND(MIN($K$84,'Settings'!$B$5)*'Settings'!$B$2,2)) | M84: =IF($J$84="","",IF($J$84<0,"Pass",IF($J$84<'Settings'!$B$4,"Thin",IF($J$84<0.06,"✅ Sharp band",IF($J$84<0.08,"Strong","⚠ Verify (stale?)"))))) | N84: Model 62.8% (fair -169). Your call. | P84: =IF(OR($H$84="",$O$84=""),"",(1+IF($H$84<0,-100/$H$84,$H$84/100))/(1+IF($O$84<0,-100/$O$84,$O$84/100))-1)
A85: 2026-06-30 | B85: Pittsburgh Pirates @ Philadelphia Phillies | C85: 22:40 | D85: Total | E85: Over 8.5 | F85: 0.52384615 | G85: -110 | H85: 108 | I85: =IF($H$85="","",IF($H$85<0,-$H$85/(-$H$85+100),100/($H$85+100))) | J85: =IF($H$85="","",$F$85*IF($H$85<0,-100/$H$85,$H$85/100)-(1-$F$85)) | K85: =IF($H$85="","",MAX(0,($F$85*IF($H$85<0,-100/$H$85,$H$85/100)-(1-$F$85))/IF($H$85<0,-100/$H$85,$H$85/100))*'Settings'!$B$3) | L85: =IF($H$85="","",ROUND(MIN($K$85,'Settings'!$B$5)*'Settings'!$B$2,2)) | M85: =IF($J$85="","",IF($J$85<0,"Pass",IF($J$85<'Settings'!$B$4,"Thin",IF($J$85<0.06,"✅ Sharp band",IF($J$85<0.08,"Strong","⚠ Verify (stale?)"))))) | N85: Model 52.4% (fair -110). Your call. | P85: =IF(OR($H$85="",$O$85=""),"",(1+IF($H$85<0,-100/$H$85,$H$85/100))/(1+IF($O$85<0,-100/$O$85,$O$85/100))-1)
A86: 2026-06-30 | B86: Pittsburgh Pirates @ Philadelphia Phillies | C86: 22:40 | D86: Total | E86: Under 8.5 | F86: 0.47614265 | G86: 110 | H86: -111 | I86: =IF($H$86="","",IF($H$86<0,-$H$86/(-$H$86+100),100/($H$86+100))) | J86: =IF($H$86="","",$F$86*IF($H$86<0,-100/$H$86,$H$86/100)-(1-$F$86)) | K86: =IF($H$86="","",MAX(0,($F$86*IF($H$86<0,-100/$H$86,$H$86/100)-(1-$F$86))/IF($H$86<0,-100/$H$86,$H$86/100))*'Settings'!$B$3) | L86: =IF($H$86="","",ROUND(MIN($K$86,'Settings'!$B$5)*'Settings'!$B$2,2)) | M86: =IF($J$86="","",IF($J$86<0,"Pass",IF($J$86<'Settings'!$B$4,"Thin",IF($J$86<0.06,"✅ Sharp band",IF($J$86<0.08,"Strong","⚠ Verify (stale?)"))))) | N86: Model 47.6% (fair +110). Your call. | P86: =IF(OR($H$86="",$O$86=""),"",(1+IF($H$86<0,-100/$H$86,$H$86/100))/(1+IF($O$86<0,-100/$O$86,$O$86/100))-1)
A87: 2026-06-30 | B87: Pittsburgh Pirates @ Philadelphia Phillies | C87: 22:40 | D87: Spread | E87: Philadelphia Phillies -1.5 | F87: 0.46342723 | G87: 116 | H87: 113 | I87: =IF($H$87="","",IF($H$87<0,-$H$87/(-$H$87+100),100/($H$87+100))) | J87: =IF($H$87="","",$F$87*IF($H$87<0,-100/$H$87,$H$87/100)-(1-$F$87)) | K87: =IF($H$87="","",MAX(0,($F$87*IF($H$87<0,-100/$H$87,$H$87/100)-(1-$F$87))/IF($H$87<0,-100/$H$87,$H$87/100))*'Settings'!$B$3) | L87: =IF($H$87="","",ROUND(MIN($K$87,'Settings'!$B$5)*'Settings'!$B$2,2)) | M87: =IF($J$87="","",IF($J$87<0,"Pass",IF($J$87<'Settings'!$B$4,"Thin",IF($J$87<0.06,"✅ Sharp band",IF($J$87<0.08,"Strong","⚠ Verify (stale?)"))))) | N87: Model 46.3% (fair +116). Your call. | P87: =IF(OR($H$87="",$O$87=""),"",(1+IF($H$87<0,-100/$H$87,$H$87/100))/(1+IF($O$87<0,-100/$O$87,$O$87/100))-1)
A88: 2026-06-30 | B88: Pittsburgh Pirates @ Philadelphia Phillies | C88: 22:40 | D88: Spread | E88: Pittsburgh Pirates +1.5 | F88: 0.53659535 | G88: -116 | H88: -115 | I88: =IF($H$88="","",IF($H$88<0,-$H$88/(-$H$88+100),100/($H$88+100))) | J88: =IF($H$88="","",$F$88*IF($H$88<0,-100/$H$88,$H$88/100)-(1-$F$88)) | K88: =IF($H$88="","",MAX(0,($F$88*IF($H$88<0,-100/$H$88,$H$88/100)-(1-$F$88))/IF($H$88<0,-100/$H$88,$H$88/100))*'Settings'!$B$3) | L88: =IF($H$88="","",ROUND(MIN($K$88,'Settings'!$B$5)*'Settings'!$B$2,2)) | M88: =IF($J$88="","",IF($J$88<0,"Pass",IF($J$88<'Settings'!$B$4,"Thin",IF($J$88<0.06,"✅ Sharp band",IF($J$88<0.08,"Strong","⚠ Verify (stale?)"))))) | N88: Model 53.7% (fair -116). Your call. | P88: =IF(OR($H$88="",$O$88=""),"",(1+IF($H$88<0,-100/$H$88,$H$88/100))/(1+IF($O$88<0,-100/$O$88,$O$88/100))-1)
A89: 2026-06-30 | B89: Detroit Tigers @ New York Yankees | C89: 23:05 | D89: Moneyline | E89: Detroit Tigers | F89: 0.41253275 | G89: 142 | H89: 129 | I89: =IF($H$89="","",IF($H$89<0,-$H$89/(-$H$89+100),100/($H$89+100))) | J89: =IF($H$89="","",$F$89*IF($H$89<0,-100/$H$89,$H$89/100)-(1-$F$89)) | K89: =IF($H$89="","",MAX(0,($F$89*IF($H$89<0,-100/$H$89,$H$89/100)-(1-$F$89))/IF($H$89<0,-100/$H$89,$H$89/100))*'Settings'!$B$3) | L89: =IF($H$89="","",ROUND(MIN($K$89,'Settings'!$B$5)*'Settings'!$B$2,2)) | M89: =IF($J$89="","",IF($J$89<0,"Pass",IF($J$89<'Settings'!$B$4,"Thin",IF($J$89<0.06,"✅ Sharp band",IF($J$89<0.08,"Strong","⚠ Verify (stale?)"))))) | N89: Model 41.3% (fair +142). Your call. | P89: =IF(OR($H$89="",$O$89=""),"",(1+IF($H$89<0,-100/$H$89,$H$89/100))/(1+IF($O$89<0,-100/$O$89,$O$89/100))-1)
A90: 2026-06-30 | B90: Detroit Tigers @ New York Yankees | C90: 23:05 | D90: Moneyline | E90: New York Yankees | F90: 0.58744493 | G90: -142 | H90: -127 | I90: =IF($H$90="","",IF($H$90<0,-$H$90/(-$H$90+100),100/($H$90+100))) | J90: =IF($H$90="","",$F$90*IF($H$90<0,-100/$H$90,$H$90/100)-(1-$F$90)) | K90: =IF($H$90="","",MAX(0,($F$90*IF($H$90<0,-100/$H$90,$H$90/100)-(1-$F$90))/IF($H$90<0,-100/$H$90,$H$90/100))*'Settings'!$B$3) | L90: =IF($H$90="","",ROUND(MIN($K$90,'Settings'!$B$5)*'Settings'!$B$2,2)) | M90: =IF($J$90="","",IF($J$90<0,"Pass",IF($J$90<'Settings'!$B$4,"Thin",IF($J$90<0.06,"✅ Sharp band",IF($J$90<0.08,"Strong","⚠ Verify (stale?)"))))) | N90: Model 58.7% (fair -142). Your call. | P90: =IF(OR($H$90="",$O$90=""),"",(1+IF($H$90<0,-100/$H$90,$H$90/100))/(1+IF($O$90<0,-100/$O$90,$O$90/100))-1)
A91: 2026-06-30 | B91: Detroit Tigers @ New York Yankees | C91: 23:05 | D91: Total | E91: Over 7.5 | F91: 0.49149038 | G91: 103 | H91: 108 | I91: =IF($H$91="","",IF($H$91<0,-$H$91/(-$H$91+100),100/($H$91+100))) | J91: =IF($H$91="","",$F$91*IF($H$91<0,-100/$H$91,$H$91/100)-(1-$F$91)) | K91: =IF($H$91="","",MAX(0,($F$91*IF($H$91<0,-100/$H$91,$H$91/100)-(1-$F$91))/IF($H$91<0,-100/$H$91,$H$91/100))*'Settings'!$B$3) | L91: =IF($H$91="","",ROUND(MIN($K$91,'Settings'!$B$5)*'Settings'!$B$2,2)) | M91: =IF($J$91="","",IF($J$91<0,"Pass",IF($J$91<'Settings'!$B$4,"Thin",IF($J$91<0.06,"✅ Sharp band",IF($J$91<0.08,"Strong","⚠ Verify (stale?)"))))) | N91: Model 49.1% (fair +103). Your call. | P91: =IF(OR($H$91="",$O$91=""),"",(1+IF($H$91<0,-100/$H$91,$H$91/100))/(1+IF($O$91<0,-100/$O$91,$O$91/100))-1)
A92: 2026-06-30 | B92: Detroit Tigers @ New York Yankees | C92: 23:05 | D92: Total | E92: Under 7.5 | F92: 0.50849171 | G92: -103 | H92: -117 | I92: =IF($H$92="","",IF($H$92<0,-$H$92/(-$H$92+100),100/($H$92+100))) | J92: =IF($H$92="","",$F$92*IF($H$92<0,-100/$H$92,$H$92/100)-(1-$F$92)) | K92: =IF($H$92="","",MAX(0,($F$92*IF($H$92<0,-100/$H$92,$H$92/100)-(1-$F$92))/IF($H$92<0,-100/$H$92,$H$92/100))*'Settings'!$B$3) | L92: =IF($H$92="","",ROUND(MIN($K$92,'Settings'!$B$5)*'Settings'!$B$2,2)) | M92: =IF($J$92="","",IF($J$92<0,"Pass",IF($J$92<'Settings'!$B$4,"Thin",IF($J$92<0.06,"✅ Sharp band",IF($J$92<0.08,"Strong","⚠ Verify (stale?)"))))) | N92: Model 50.8% (fair -103). Your call. | P92: =IF(OR($H$92="",$O$92=""),"",(1+IF($H$92<0,-100/$H$92,$H$92/100))/(1+IF($O$92<0,-100/$O$92,$O$92/100))-1)
A93: 2026-06-30 | B93: Detroit Tigers @ New York Yankees | C93: 23:05 | D93: Spread | E93: New York Yankees -1.5 | F93: 0.40867857 | G93: 145 | H93: 180 | I93: =IF($H$93="","",IF($H$93<0,-$H$93/(-$H$93+100),100/($H$93+100))) | J93: =IF($H$93="","",$F$93*IF($H$93<0,-100/$H$93,$H$93/100)-(1-$F$93)) | K93: =IF($H$93="","",MAX(0,($F$93*IF($H$93<0,-100/$H$93,$H$93/100)-(1-$F$93))/IF($H$93<0,-100/$H$93,$H$93/100))*'Settings'!$B$3) | L93: =IF($H$93="","",ROUND(MIN($K$93,'Settings'!$B$5)*'Settings'!$B$2,2)) | M93: =IF($J$93="","",IF($J$93<0,"Pass",IF($J$93<'Settings'!$B$4,"Thin",IF($J$93<0.06,"✅ Sharp band",IF($J$93<0.08,"Strong","⚠ Verify (stale?)"))))) | N93: Model 40.9% (fair +145). Your call. | P93: =IF(OR($H$93="",$O$93=""),"",(1+IF($H$93<0,-100/$H$93,$H$93/100))/(1+IF($O$93<0,-100/$O$93,$O$93/100))-1)
A94: 2026-06-30 | B94: Detroit Tigers @ New York Yankees | C94: 23:05 | D94: Spread | E94: Detroit Tigers +1.5 | F94: 0.59130576 | G94: -145 | H94: -178 | I94: =IF($H$94="","",IF($H$94<0,-$H$94/(-$H$94+100),100/($H$94+100))) | J94: =IF($H$94="","",$F$94*IF($H$94<0,-100/$H$94,$H$94/100)-(1-$F$94)) | K94: =IF($H$94="","",MAX(0,($F$94*IF($H$94<0,-100/$H$94,$H$94/100)-(1-$F$94))/IF($H$94<0,-100/$H$94,$H$94/100))*'Settings'!$B$3) | L94: =IF($H$94="","",ROUND(MIN($K$94,'Settings'!$B$5)*'Settings'!$B$2,2)) | M94: =IF($J$94="","",IF($J$94<0,"Pass",IF($J$94<'Settings'!$B$4,"Thin",IF($J$94<0.06,"✅ Sharp band",IF($J$94<0.08,"Strong","⚠ Verify (stale?)"))))) | N94: Model 59.1% (fair -145). Your call. | P94: =IF(OR($H$94="",$O$94=""),"",(1+IF($H$94<0,-100/$H$94,$H$94/100))/(1+IF($O$94<0,-100/$O$94,$O$94/100))-1)
A95: 2026-06-30 | B95: New York Mets @ Toronto Blue Jays | C95: 23:07 | D95: Moneyline | E95: New York Mets | F95: 0.505 | G95: -102 | H95: 122 | I95: =IF($H$95="","",IF($H$95<0,-$H$95/(-$H$95+100),100/($H$95+100))) | J95: =IF($H$95="","",$F$95*IF($H$95<0,-100/$H$95,$H$95/100)-(1-$F$95)) | K95: =IF($H$95="","",MAX(0,($F$95*IF($H$95<0,-100/$H$95,$H$95/100)-(1-$F$95))/IF($H$95<0,-100/$H$95,$H$95/100))*'Settings'!$B$3) | L95: =IF($H$95="","",ROUND(MIN($K$95,'Settings'!$B$5)*'Settings'!$B$2,2)) | M95: =IF($J$95="","",IF($J$95<0,"Pass",IF($J$95<'Settings'!$B$4,"Thin",IF($J$95<0.06,"✅ Sharp band",IF($J$95<0.08,"Strong","⚠ Verify (stale?)"))))) | N95: Model 50.5% (fair -102). Your call. | P95: =IF(OR($H$95="",$O$95=""),"",(1+IF($H$95<0,-100/$H$95,$H$95/100))/(1+IF($O$95<0,-100/$O$95,$O$95/100))-1)
A96: 2026-06-30 | B96: New York Mets @ Toronto Blue Jays | C96: 23:07 | D96: Moneyline | E96: Toronto Blue Jays | F96: 0.495 | G96: 102 | H96: -111 | I96: =IF($H$96="","",IF($H$96<0,-$H$96/(-$H$96+100),100/($H$96+100))) | J96: =IF($H$96="","",$F$96*IF($H$96<0,-100/$H$96,$H$96/100)-(1-$F$96)) | K96: =IF($H$96="","",MAX(0,($F$96*IF($H$96<0,-100/$H$96,$H$96/100)-(1-$F$96))/IF($H$96<0,-100/$H$96,$H$96/100))*'Settings'!$B$3) | L96: =IF($H$96="","",ROUND(MIN($K$96,'Settings'!$B$5)*'Settings'!$B$2,2)) | M96: =IF($J$96="","",IF($J$96<0,"Pass",IF($J$96<'Settings'!$B$4,"Thin",IF($J$96<0.06,"✅ Sharp band",IF($J$96<0.08,"Strong","⚠ Verify (stale?)"))))) | N96: Model 49.5% (fair +102). Your call. | P96: =IF(OR($H$96="",$O$96=""),"",(1+IF($H$96<0,-100/$H$96,$H$96/100))/(1+IF($O$96<0,-100/$O$96,$O$96/100))-1)
A97: 2026-06-30 | B97: New York Mets @ Toronto Blue Jays | C97: 23:07 | D97: Total | E97: Over 8.5 | F97: 0.4414 | G97: 127 | H97: 104 | I97: =IF($H$97="","",IF($H$97<0,-$H$97/(-$H$97+100),100/($H$97+100))) | J97: =IF($H$97="","",$F$97*IF($H$97<0,-100/$H$97,$H$97/100)-(1-$F$97)) | K97: =IF($H$97="","",MAX(0,($F$97*IF($H$97<0,-100/$H$97,$H$97/100)-(1-$F$97))/IF($H$97<0,-100/$H$97,$H$97/100))*'Settings'!$B$3) | L97: =IF($H$97="","",ROUND(MIN($K$97,'Settings'!$B$5)*'Settings'!$B$2,2)) | M97: =IF($J$97="","",IF($J$97<0,"Pass",IF($J$97<'Settings'!$B$4,"Thin",IF($J$97<0.06,"✅ Sharp band",IF($J$97<0.08,"Strong","⚠ Verify (stale?)"))))) | N97: Model 44.1% (fair +127). Your call. | P97: =IF(OR($H$97="",$O$97=""),"",(1+IF($H$97<0,-100/$H$97,$H$97/100))/(1+IF($O$97<0,-100/$O$97,$O$97/100))-1)
A98: 2026-06-30 | B98: New York Mets @ Toronto Blue Jays | C98: 23:07 | D98: Total | E98: Under 8.5 | F98: 0.5586 | G98: -127 | H98: 108 | I98: =IF($H$98="","",IF($H$98<0,-$H$98/(-$H$98+100),100/($H$98+100))) | J98: =IF($H$98="","",$F$98*IF($H$98<0,-100/$H$98,$H$98/100)-(1-$F$98)) | K98: =IF($H$98="","",MAX(0,($F$98*IF($H$98<0,-100/$H$98,$H$98/100)-(1-$F$98))/IF($H$98<0,-100/$H$98,$H$98/100))*'Settings'!$B$3) | L98: =IF($H$98="","",ROUND(MIN($K$98,'Settings'!$B$5)*'Settings'!$B$2,2)) | M98: =IF($J$98="","",IF($J$98<0,"Pass",IF($J$98<'Settings'!$B$4,"Thin",IF($J$98<0.06,"✅ Sharp band",IF($J$98<0.08,"Strong","⚠ Verify (stale?)"))))) | N98: Model 55.9% (fair -127). Your call. | P98: =IF(OR($H$98="",$O$98=""),"",(1+IF($H$98<0,-100/$H$98,$H$98/100))/(1+IF($O$98<0,-100/$O$98,$O$98/100))-1)
A99: 2026-06-30 | B99: New York Mets @ Toronto Blue Jays | C99: 23:07 | D99: Spread | E99: Toronto Blue Jays -1.5 | F99: 0.3528 | G99: 183 | H99: 178 | I99: =IF($H$99="","",IF($H$99<0,-$H$99/(-$H$99+100),100/($H$99+100))) | J99: =IF($H$99="","",$F$99*IF($H$99<0,-100/$H$99,$H$99/100)-(1-$F$99)) | K99: =IF($H$99="","",MAX(0,($F$99*IF($H$99<0,-100/$H$99,$H$99/100)-(1-$F$99))/IF($H$99<0,-100/$H$99,$H$99/100))*'Settings'!$B$3) | L99: =IF($H$99="","",ROUND(MIN($K$99,'Settings'!$B$5)*'Settings'!$B$2,2)) | M99: =IF($J$99="","",IF($J$99<0,"Pass",IF($J$99<'Settings'!$B$4,"Thin",IF($J$99<0.06,"✅ Sharp band",IF($J$99<0.08,"Strong","⚠ Verify (stale?)"))))) | N99: Model 35.3% (fair +183). Your call. | P99: =IF(OR($H$99="",$O$99=""),"",(1+IF($H$99<0,-100/$H$99,$H$99/100))/(1+IF($O$99<0,-100/$O$99,$O$99/100))-1)
A100: 2026-06-30 | B100: New York Mets @ Toronto Blue Jays | C100: 23:07 | D100: Spread | E100: New York Mets +1.5 | F100: 0.6472 | G100: -183 | H100: 182 | I100: =IF($H$100="","",IF($H$100<0,-$H$100/(-$H$100+100),100/($H$100+100))) | J100: =IF($H$100="","",$F$100*IF($H$100<0,-100/$H$100,$H$100/100)-(1-$F$100)) | K100: =IF($H$100="","",MAX(0,($F$100*IF($H$100<0,-100/$H$100,$H$100/100)-(1-$F$100))/IF($H$100<0,-100/$H$100,$H$100/100))*'Settings'!$B$3) | L100: =IF($H$100="","",ROUND(MIN($K$100,'Settings'!$B$5)*'Settings'!$B$2,2)) | M100: =IF($J$100="","",IF($J$100<0,"Pass",IF($J$100<'Settings'!$B$4,"Thin",IF($J$100<0.06,"✅ Sharp band",IF($J$100<0.08,"Strong","⚠ Verify (stale?)"))))) | N100: Model 64.7% (fair -183). Your call. | P100: =IF(OR($H$100="",$O$100=""),"",(1+IF($H$100<0,-100/$H$100,$H$100/100))/(1+IF($O$100<0,-100/$O$100,$O$100/100))-1)
A101: 2026-06-30 | B101: Washington Nationals @ Boston Red Sox | C101: 23:10 | D101: Moneyline | E101: Washington Nationals | F101: 0.5483 | G101: -121 | H101: 122 | I101: =IF($H$101="","",IF($H$101<0,-$H$101/(-$H$101+100),100/($H$101+100))) | J101: =IF($H$101="","",$F$101*IF($H$101<0,-100/$H$101,$H$101/100)-(1-$F$101)) | K101: =IF($H$101="","",MAX(0,($F$101*IF($H$101<0,-100/$H$101,$H$101/100)-(1-$F$101))/IF($H$101<0,-100/$H$101,$H$101/100))*'Settings'!$B$3) | L101: =IF($H$101="","",ROUND(MIN($K$101,'Settings'!$B$5)*'Settings'!$B$2,2)) | M101: =IF($J$101="","",IF($J$101<0,"Pass",IF($J$101<'Settings'!$B$4,"Thin",IF($J$101<0.06,"✅ Sharp band",IF($J$101<0.08,"Strong","⚠ Verify (stale?)"))))) | N101: Model 54.8% (fair -121). Your call. | P101: =IF(OR($H$101="",$O$101=""),"",(1+IF($H$101<0,-100/$H$101,$H$101/100))/(1+IF($O$101<0,-100/$O$101,$O$101/100))-1)
...

Sheet WNBA Games
A1: WNBA — game markets
A2: Moneyline · Total · Spread. Yellow = your price.
A4: Date | B4: Matchup | C4: Start | D4: Market | E4: Selection | F4: Model Win% | G4: Model Fair | H4: ✏ Your Odds | I4: Implied% | J4: Your Edge (EV) | K4: ¼-Kelly % | L4: Stake $ | M4: Verdict | N4: Model read | O4: ✏ Closing | P4: CLV %
A5: 2026-06-30 | B5: Las Vegas Aces @ New York Liberty | C5: 23:00 | D5: Moneyline | E5: Las Vegas Aces | F5: 0.5591 | G5: -127 | I5: =IF($H$5="","",IF($H$5<0,-$H$5/(-$H$5+100),100/($H$5+100))) | J5: =IF($H$5="","",$F$5*IF($H$5<0,-100/$H$5,$H$5/100)-(1-$F$5)) | K5: =IF($H$5="","",MAX(0,($F$5*IF($H$5<0,-100/$H$5,$H$5/100)-(1-$F$5))/IF($H$5<0,-100/$H$5,$H$5/100))*'Settings'!$B$3) | L5: =IF($H$5="","",ROUND(MIN($K$5,'Settings'!$B$5)*'Settings'!$B$2,2)) | M5: =IF($J$5="","",IF($J$5<0,"Pass",IF($J$5<'Settings'!$B$4,"Thin",IF($J$5<0.06,"✅ Sharp band",IF($J$5<0.08,"Strong","⚠ Verify (stale?)"))))) | N5: Model 55.9% (fair -127). Your call. | P5: =IF(OR($H$5="",$O$5=""),"",(1+IF($H$5<0,-100/$H$5,$H$5/100))/(1+IF($O$5<0,-100/$O$5,$O$5/100))-1)
A6: 2026-06-30 | B6: Las Vegas Aces @ New York Liberty | C6: 23:00 | D6: Moneyline | E6: New York Liberty | F6: 0.4409 | G6: 127 | I6: =IF($H$6="","",IF($H$6<0,-$H$6/(-$H$6+100),100/($H$6+100))) | J6: =IF($H$6="","",$F$6*IF($H$6<0,-100/$H$6,$H$6/100)-(1-$F$6)) | K6: =IF($H$6="","",MAX(0,($F$6*IF($H$6<0,-100/$H$6,$H$6/100)-(1-$F$6))/IF($H$6<0,-100/$H$6,$H$6/100))*'Settings'!$B$3) | L6: =IF($H$6="","",ROUND(MIN($K$6,'Settings'!$B$5)*'Settings'!$B$2,2)) | M6: =IF($J$6="","",IF($J$6<0,"Pass",IF($J$6<'Settings'!$B$4,"Thin",IF($J$6<0.06,"✅ Sharp band",IF($J$6<0.08,"Strong","⚠ Verify (stale?)"))))) | N6: Model 44.1% (fair +127). Your call. | P6: =IF(OR($H$6="",$O$6=""),"",(1+IF($H$6<0,-100/$H$6,$H$6/100))/(1+IF($O$6<0,-100/$O$6,$O$6/100))-1)

Sheet Track Record
A1: 📒 Track Record — receipts, losses included
A2: Graded in the open. A process you can audit beats a hot streak you can't.
A4: Scope | B4: Graded games | C4: Model Brier | D4: Bets | E4: Win % | F4: Units | G4: ROI % | H4: Avg CLV % | I4: CLV beat %
A5: Overall | B5: 260 | C5: 0.2507 | D5: 187 | E5: 0.4492 | F5: -5.62 | G5: -3.01 | H5: 2.88 | I5: 0.503
A6: MLB | B6: 230 | C6: 0.2526 | D6: 148 | E6: 0.4662 | F6: -2.97 | G6: -2.01 | H6: 3.99 | I6: 0.5259
A7: WNBA | B7: 29 | C7: 0.2371 | D7: 37 | E7: 0.3784 | F7: -3.45 | G7: -9.33 | H7: -2.61 | I7: 0.3929
A8: NBA | B8: 1 | C8: 0.1979 | D8: 2 | E8: 0.5 | F8: 0.8 | G8: 40 | H8: 4.92 | I8: 0.5
A10: Brier: lower is better (0.25 = a coin flip). CLV beat %: how often we beat the closing line — the earliest honest sign an edge is real, before win/loss catches up.
A13: Calibration — honesty check
A14: When the model said X%, how often it actually happened (n=221, ECE 0.064 — lower is better; a calibrated model's bars sit on the diagonal).
A16: Model said | B16: Games | C16: We predicted | D16: Actually won | E16: Gap
A17: 10–20% | B17: 1 | C17: 0.1885 | D17: 0 | E17: -0.1885
A18: 20–30% | B18: 7 | C18: 0.2599 | D18: 0.4286 | E18: 0.1687
A19: 30–40% | B19: 20 | C19: 0.3715 | D19: 0.6 | E19: 0.2285
A20: 40–50% | B20: 70 | C20: 0.4561 | D20: 0.4714 | E20: 0.0153
A21: 50–60% | B21: 81 | C21: 0.5447 | D21: 0.5556 | E21: 0.0109
A22: 60–70% | B22: 33 | C22: 0.6435 | D22: 0.5152 | E22: -0.1284
A23: 70–80% | B23: 7 | C23: 0.7484 | D23: 0.5714 | E23: -0.1769
A24: 80–90% | B24: 2 | C24: 0.8538 | D24: 0.5 | E24: -0.3538

Sheet Research Hub
A1: 🔬 Research Hub
A2: Premium matchup breakdowns · 2026-06-29 · L5 window. Each game has its own tab.
A4: MLB: Chicago White Sox @ Baltimore Orioles
A5: MLB: Pittsburgh Pirates @ Philadelphia Phillies
A6: MLB: Detroit Tigers @ New York Yankees
A7: MLB: New York Mets @ Toronto Blue Jays
A8: MLB: Washington Nationals @ Boston Red Sox
A9: MLB: Texas Rangers @ Cleveland Guardians
A10: MLB: Cincinnati Reds @ Milwaukee Brewers
A11: MLB: San Diego Padres @ Chicago Cubs
A12: MLB: Minnesota Twins @ Houston Astros
A13: MLB: Miami Marlins @ Colorado Rockies
A15: Tip: the website's research view lets you flip the L5/L10/L15/L20/L30/Season window live; here every window is in the table so you can read any of them.

Sheet MLB Sox @ Orioles
A1: Chicago White Sox @ Baltimore Orioles
A2: MLB · 2026-06-29 · L5 window
A62: Chicago White Sox offense vs Baltimore Orioles defense
A63: Stat | B63: A Season | C63: A L30 | D63: A L20 | E63: A L15 | F63: A L10 | G63: A L5 | H63: A Rk | I63: Adv | J63: H Rk | K63: H L5 | L63: H L10 | M63: H L15 | N63: H L20 | O63: H L30 | P63: H Season | Q63: Opp stat
A64: Runs/G | B64: 4.605 | C64: 4.667 | D64: 5.6 | E64: 5.6 | F64: 5.4 | G64: 5.2 | H64: 4th | I64: ★★★ | J64: 29th | K64: 5.8 | L64: 5.9 | M64: 6.4 | N64: 6.2 | O64: 5.4 | P64: 5.243 | Q64: Opp Runs/G
A65: Hits/G | B65: 7.444 | C65: 7.586 | D65: 8.684 | E65: 8.5 | F65: 7.667 | G65: 7.6 | H65: 17th | J65: 18th | K65: 7.8 | L65: 7.889 | M65: 9.429 | N65: 8.947 | O65: 8.759 | P65: 8.667 | Q65: Opp Hits/G
A66: HR/G | B66: 1.306 | C66: 1.345 | D66: 1.737 | E66: 1.643 | F66: 1.556 | G66: 1.2 | H66: 8th | J66: — | K66: — | L66: — | M66: — | N66: — | O66: — | P66: — | Q66: Opp HR/G
A67: Batter K/G | B67: 9.389 | C67: 8.724 | D67: 9.053 | E67: 9.286 | F67: 9.667 | G67: 10.4 | H67: 27th | J67: 21st | K67: 7.6 | L67: 7.778 | M67: 7.714 | N67: 8.053 | O67: 8.138 | P67: 8.444 | Q67: Opp Batter K/G
A68: 1st Inn R/G | B68: 0.611 | C68: 0.552 | D68: 0.737 | E68: 0.857 | F68: 0.667 | G68: 0.6 | H68: 14th | J68: 16th | K68: 0.4 | L68: 0.556 | M68: 0.429 | N68: 0.421 | O68: 0.379 | P68: 0.333 | Q68: Opp 1st Inn R/G
A70: Baltimore Orioles offense vs Chicago White Sox defense
A71: Stat | B71: A Season | C71: A L30 | D71: A L20 | E71: A L15 | F71: A L10 | G71: A L5 | H71: A Rk | I71: Adv | J71: H Rk | K71: H L5 | L71: H L10 | M71: H L15 | N71: H L20 | O71: H L30 | P71: H Season | Q71: Opp stat
A72: Runs/G | B72: 4.162 | C72: 4.133 | D72: 4.1 | E72: 4.2 | F72: 3.2 | G72: 3.2 | H72: 18th | I72: ★ | J72: 21st | K72: 4.6 | L72: 5 | M72: 5.133 | N72: 5.15 | O72: 4.467 | P72: 5.105 | Q72: Opp Runs/G
A73: Hits/G | B73: 8 | C73: 7.897 | D73: 7.895 | E73: 8.714 | F73: 7.889 | G73: 8.6 | H73: 7th | I73: ★ | J73: 11th | K73: 7.4 | L73: 7.889 | M73: 8.214 | N73: 8 | O73: 7.586 | P73: 8.111 | Q73: Opp Hits/G
A74: HR/G | B74: 1.194 | C74: 1.276 | D74: 1.421 | E74: 1.571 | F74: 1.222 | G74: 1.4 | H74: 5th | J74: — | K74: — | L74: — | M74: — | N74: — | O74: — | P74: — | Q74: Opp HR/G
A75: Batter K/G | B75: 9.306 | C75: 9.241 | D75: 9.526 | E75: 8.929 | F75: 9.444 | G75: 10 | H75: 24th | J75: 10th | K75: 9.4 | L75: 8.556 | M75: 8.643 | N75: 8.316 | O75: 8 | P75: 8.056 | Q75: Opp Batter K/G
A76: 1st Inn R/G | B76: 0.278 | C76: 0.31 | D76: 0.368 | E76: 0.5 | F76: 0.111 | G76: 0.2 | H76: 22nd | J76: 10th | K76: 0.2 | L76: 0.222 | M76: 0.214 | N76: 0.158 | O76: 0.241 | P76: 0.444 | Q76: Opp 1st Inn R/G

Sheet MLB Pirates @ Phillies
A1: Pittsburgh Pirates @ Philadelphia Phillies
A2: MLB · 2026-06-29 · L5 window
A61: Pittsburgh Pirates offense vs Philadelphia Phillies defense
A62: Stat | B62: A Season | C62: A L30 | D62: A L20 | E62: A L15 | F62: A L10 | G62: A L5 | H62: A Rk | I62: Adv | J62: H Rk | K62: H L5 | L62: H L10 | M62: H L15 | N62: H L20 | O62: H L30 | P62: H Season | Q62: Opp stat
A63: Runs/G | B63: 4.767 | C63: 5.033 | D63: 4.6 | E63: 4.867 | F63: 5.1 | G63: 4.6 | H63: 12th | J63: 8th | K63: 2.8 | L63: 4.7 | M63: 5.067 | N63: 5.1 | O63: 5.633 | P63: 5.375 | Q63: Opp Runs/G
A64: Hits/G | B64: 8.737 | C64: 8.962 | D64: 8.625 | E64: 8.786 | F64: 9.8 | G64: 9.8 | H64: 3rd | I64: ★★ | J64: 10th | K64: 7.4 | L64: 8.889 | M64: 9.769 | N64: 9.889 | O64: 10.222 | P64: 9.892 | Q64: Opp Hits/G
A65: HR/G | B65: 1 | C65: 1 | D65: 0.75 | E65: 0.786 | F65: 0.9 | G65: 0.6 | H65: 27th | J65: — | K65: — | L65: — | M65: — | N65: — | O65: — | P65: — | Q65: Opp HR/G
A66: Batter K/G | B66: 9.816 | C66: 10.462 | D66: 10.688 | E66: 10.929 | F66: 10.2 | G66: 10.2 | H66: 26th | J66: 7th | K66: 9.6 | L66: 10.444 | M66: 9.154 | N66: 9.056 | O66: 9.074 | P66: 9.486 | Q66: Opp Batter K/G
A67: 1st Inn R/G | B67: 0.526 | C67: 0.462 | D67: 0.312 | E67: 0.214 | F67: 0.3 | G67: 0.4 | H67: 21st | J67: 1st | K67: 0 | L67: 0.556 | M67: 0.615 | N67: 0.5 | O67: 0.519 | P67: 0.595 | Q67: Opp 1st Inn R/G
A69: Philadelphia Phillies offense vs Pittsburgh Pirates defense
A70: Stat | B70: A Season | C70: A L30 | D70: A L20 | E70: A L15 | F70: A L10 | G70: A L5 | H70: A Rk | I70: Adv | J70: H Rk | K70: H L5 | L70: H L10 | M70: H L15 | N70: H L20 | O70: H L30 | P70: H Season | Q70: Opp stat
A71: Runs/G | B71: 4.1 | C71: 4.067 | D71: 3.95 | E71: 4.6 | F71: 4.3 | G71: 2.8 | H71: 20th | J71: 20th | K71: 4.4 | L71: 4.9 | M71: 4.267 | N71: 4.4 | O71: 4.267 | P71: 4.209 | Q71: Opp Runs/G
A72: Hits/G | B72: 7.568 | C72: 7.37 | D72: 7.5 | E72: 7.923 | F72: 8 | G72: 5.8 | H72: 25th | J72: 16th | K72: 7.6 | L72: 8.4 | M72: 7.643 | N72: 7.625 | O72: 7.808 | P72: 7.658 | Q72: Opp Hits/G
A73: HR/G | B73: 1.135 | C73: 1.148 | D73: 1.222 | E73: 1.385 | F73: 1.333 | G73: 0.8 | H73: 16th | J73: — | K73: — | L73: — | M73: — | N73: — | O73: — | P73: — | Q73: Opp HR/G
A74: Batter K/G | B74: 8.568 | C74: 8.704 | D74: 8.611 | E74: 9.077 | F74: 9.556 | G74: 10.6 | H74: 28th | J74: 15th | K74: 8.6 | L74: 7.9 | M74: 8.071 | N74: 8.312 | O74: 8.462 | P74: 8.947 | Q74: Opp Batter K/G
A75: 1st Inn R/G | B75: 0.649 | C75: 0.481 | D75: 0.389 | E75: 0.385 | F75: 0.444 | G75: 0.8 | H75: 6th | I75: ★★ | J75: 14th | K75: 0.2 | L75: 0.5 | M75: 0.357 | N75: 0.312 | O75: 0.346 | P75: 0.368 | Q75: Opp 1st Inn R/G

Sheet MLB Tigers @ Yankees
A1: Detroit Tigers @ New York Yankees
A2: MLB · 2026-06-29 · L5 window
A60: Detroit Tigers offense vs New York Yankees defense
A61: Stat | B61: A Season | C61: A L30 | D61: A L20 | E61: A L15 | F61: A L10 | G61: A L5 | H61: A Rk | I61: Adv | J61: H Rk | K61: H L5 | L61: H L10 | M61: H L15 | N61: H L20 | O61: H L30 | P61: H Season | Q61: Opp stat
A62: Runs/G | B62: 4.054 | C62: 4.067 | D62: 3.9 | E62: 3.733 | F62: 2.8 | G62: 2.2 | H62: 28th | J62: 16th | K62: 3.6 | L62: 3.9 | M62: 3.267 | N62: 3.5 | O62: 3.9 | P62: 3.268 | Q62: Opp Runs/G
A63: Hits/G | B63: 7.973 | C63: 8.067 | D63: 8.2 | E63: 7.933 | F63: 7.3 | G63: 6.4 | H63: 22nd | J63: 23rd | K63: 8 | L63: 7.2 | M63: 6.867 | N63: 6.8 | O63: 7.552 | P63: 7.444 | Q63: Opp Hits/G
A64: HR/G | B64: 0.946 | C64: 1.1 | D64: 1.15 | E64: 1.2 | F64: 0.9 | G64: 0.8 | H64: 18th | J64: — | K64: — | L64: — | M64: — | N64: — | O64: — | P64: — | Q64: Opp HR/G
A65: Batter K/G | B65: 8.622 | C65: 8.467 | D65: 8.85 | E65: 9.267 | F65: 10.3 | G65: 12.2 | H65: 30th | J65: 12th | K65: 9.2 | L65: 7.9 | M65: 7.8 | N65: 8.1 | O65: 8.379 | P65: 8.667 | Q65: Opp Batter K/G
A66: 1st Inn R/G | B66: 0.541 | C66: 0.533 | D66: 0.4 | E66: 0.4 | F66: 0.4 | G66: 0.2 | H66: 25th | J66: 12th | K66: 0.2 | L66: 0.3 | M66: 0.267 | N66: 0.3 | O66: 0.448 | P66: 0.444 | Q66: Opp 1st Inn R/G
A68: New York Yankees offense vs Detroit Tigers defense
A69: Stat | B69: A Season | C69: A L30 | D69: A L20 | E69: A L15 | F69: A L10 | G69: A L5 | H69: A Rk | I69: Adv | J69: H Rk | K69: H L5 | L69: H L10 | M69: H L15 | N69: H L20 | O69: H L30 | P69: H Season | Q69: Opp stat
A70: Runs/G | B70: 4.561 | C70: 4.433 | D70: 4.85 | E70: 4.267 | F70: 3.2 | G70: 2.2 | H70: 26th | J70: 17th | K70: 3.8 | L70: 4.2 | M70: 5.133 | N70: 4.55 | O70: 4.267 | P70: 4.108 | Q70: Opp Runs/G
A71: Hits/G | B71: 7.528 | C71: 7.69 | D71: 8.15 | E71: 8.4 | F71: 7.5 | G71: 6.8 | H71: 20th | J71: 15th | K71: 7.4 | L71: 7.3 | M71: 8.533 | N71: 8.1 | O71: 7.767 | P71: 7.649 | Q71: Opp Hits/G
A72: HR/G | B72: 1.333 | C72: 1.379 | D72: 1.45 | E72: 1.067 | F72: 0.6 | G72: 0.6 | H72: 23rd | J72: — | K72: — | L72: — | M72: — | N72: — | O72: — | P72: — | Q72: Opp HR/G
A73: Batter K/G | B73: 9.667 | C73: 9.69 | D73: 9.7 | E73: 10.467 | F73: 11 | G73: 11 | H73: 29th | J73: 22nd | K73: 7.6 | L73: 7.4 | M73: 7.6 | N73: 8.05 | O73: 7.933 | P73: 7.838 | Q73: Opp Batter K/G
A74: 1st Inn R/G | B74: 0.75 | C74: 0.759 | D74: 0.65 | E74: 0.533 | F74: 0.2 | G74: 0 | H74: 27th | J74: 4th | K74: 0 | L74: 0.6 | M74: 0.4 | N74: 0.35 | O74: 0.433 | P74: 0.432 | Q74: Opp 1st Inn R/G

Sheet MLB Mets @ Jays
A1: New York Mets @ Toronto Blue Jays
A2: MLB · 2026-06-29 · L5 window
A63: New York Mets offense vs Toronto Blue Jays defense
A64: Stat | B64: A Season | C64: A L30 | D64: A L20 | E64: A L15 | F64: A L10 | G64: A L5 | H64: A Rk | I64: Adv | J64: H Rk | K64: H L5 | L64: H L10 | M64: H L15 | N64: H L20 | O64: H L30 | P64: H Season | Q64: Opp stat
A65: Runs/G | B65: 3.357 | C65: 2.667 | D65: 2.85 | E65: 3 | F65: 2.8 | G65: 2.8 | H65: 22nd | J65: 3rd | K65: 2 | L65: 2 | M65: 2.8 | N65: 3.1 | O65: 4 | P65: 4.135 | Q65: Opp Runs/G
A66: Hits/G | B66: 7.053 | C66: 6.586 | D66: 6.55 | E66: 6.333 | F66: 5.6 | G66: 5.8 | H66: 26th | J66: 2nd | K66: 5.2 | L66: 6.111 | M66: 7 | N66: 7.316 | O66: 7.828 | P66: 7.889 | Q66: Opp Hits/G
A67: HR/G | B67: 0.737 | C67: 0.69 | D67: 0.7 | E67: 0.733 | F67: 0.8 | G67: 1.2 | H67: 9th | J67: — | K67: — | L67: — | M67: — | N67: — | O67: — | P67: — | Q67: Opp HR/G
A68: Batter K/G | B68: 8.395 | C68: 8.448 | D68: 8.85 | E68: 8.867 | F68: 9.5 | G68: 10 | H68: 23rd | J68: 1st | K68: 12 | L68: 11.444 | M68: 10.143 | N68: 9.579 | O68: 9.414 | P68: 10.222 | Q68: Opp Batter K/G
A69: 1st Inn R/G | B69: 0.553 | C69: 0.414 | D69: 0.4 | E69: 0.533 | F69: 0.4 | G69: 0.8 | H69: 10th | J69: 6th | K69: 0.2 | L69: 0.111 | M69: 0.429 | N69: 0.421 | O69: 0.517 | P69: 0.444 | Q69: Opp 1st Inn R/G
A71: Toronto Blue Jays offense vs New York Mets defense
A72: Stat | B72: A Season | C72: A L30 | D72: A L20 | E72: A L15 | F72: A L10 | G72: A L5 | H72: A Rk | I72: Adv | J72: H Rk | K72: H L5 | L72: H L10 | M72: H L15 | N72: H L20 | O72: H L30 | P72: H Season | Q72: Opp stat
A73: Runs/G | B73: 4.054 | C73: 3.967 | D73: 4.15 | E73: 4.133 | F73: 4 | G73: 3.8 | H73: 16th | I73: ★ | J73: 22nd | K73: 4.8 | L73: 4.1 | M73: 4.067 | N73: 4.6 | O73: 4.5 | P73: 4.214 | Q73: Opp Runs/G
A74: Hits/G | B74: 8.5 | C74: 8.414 | D74: 8.684 | E74: 8.357 | F74: 8.111 | G74: 8 | H74: 15th | J74: 12th | K74: 7.4 | L74: 7.4 | M74: 7.6 | N74: 7.9 | O74: 7.862 | P74: 7.842 | Q74: Opp Hits/G
A75: HR/G | B75: 0.833 | C75: 0.724 | D75: 0.737 | E75: 0.786 | F75: 0.778 | G75: 0.6 | H75: 19th | J75: — | K75: — | L75: — | M75: — | N75: — | O75: — | P75: — | Q75: Opp HR/G
A76: Batter K/G | B76: 7.167 | C76: 6.966 | D76: 7.421 | E76: 7.571 | F76: 7.778 | G76: 9.4 | H76: 20th | I76: ★★ | J76: 27th | K76: 6.4 | L76: 8.5 | M76: 8.933 | N76: 8.7 | O76: 8.69 | P76: 8.921 | Q76: Opp Batter K/G
A77: 1st Inn R/G | B77: 0.583 | C77: 0.69 | D77: 0.789 | E77: 0.429 | F77: 0.222 | G77: 0.4 | H77: 16th | I77: ★ | J77: 20th | K77: 0.6 | L77: 0.3 | M77: 0.267 | N77: 0.4 | O77: 0.379 | P77: 0.474 | Q77: Opp 1st Inn R/G

Sheet MLB Nationals @ Sox
A1: Washington Nationals @ Boston Red Sox
A2: MLB · 2026-06-29 · L5 window
A64: Washington Nationals offense vs Boston Red Sox defense
A65: Stat | B65: A Season | C65: A L30 | D65: A L20 | E65: A L15 | F65: A L10 | G65: A L5 | H65: A Rk | I65: Adv | J65: H Rk | K65: H L5 | L65: H L10 | M65: H L15 | N65: H L20 | O65: H L30 | P65: H Season | Q65: Opp stat
A66: Runs/G | B66: 5.317 | C66: 4.933 | D66: 5 | E66: 4.8 | F66: 5.7 | G66: 4.8 | H66: 10th | I66: ★ | J66: 15th | K66: 3.6 | L66: 3.3 | M66: 4.067 | N66: 4.1 | O66: 4.2 | P66: 4.324 | Q66: Opp Runs/G
A67: Hits/G | B67: 8.462 | C67: 7.893 | D67: 7.611 | E67: 7.571 | F67: 8.5 | G67: 8.2 | H67: 14th | I67: ★★ | J67: 22nd | K67: 8 | L67: 7.6 | M67: 8.8 | N67: 8.6 | O67: 8.345 | P67: 8.306 | Q67: Opp Hits/G
A68: HR/G | B68: 1.256 | C68: 1.179 | D68: 1.444 | E68: 1.357 | F68: 1.5 | G68: 1.6 | H68: 3rd | J68: — | K68: — | L68: — | M68: — | N68: — | O68: — | P68: — | Q68: Opp HR/G
A69: Batter K/G | B69: 8.026 | C69: 7.714 | D69: 8.056 | E69: 7.571 | F69: 7 | G69: 8.2 | H69: 14th | I69: ★ | J69: 17th | K69: 8.2 | L69: 8.3 | M69: 8.667 | N69: 8.3 | O69: 8.034 | P69: 8.139 | Q69: Opp Batter K/G
A70: 1st Inn R/G | B70: 1 | C70: 0.929 | D70: 1.056 | E70: 0.714 | F70: 0.9 | G70: 0.6 | H70: 15th | I70: ★★ | J70: 24th | K70: 1 | L70: 0.6 | M70: 0.867 | N70: 0.85 | O70: 0.724 | P70: 0.75 | Q70: Opp 1st Inn R/G
A72: Boston Red Sox offense vs Washington Nationals defense
A73: Stat | B73: A Season | C73: A L30 | D73: A L20 | E73: A L15 | F73: A L10 | G73: A L5 | H73: A Rk | I73: Adv | J73: H Rk | K73: H L5 | L73: H L10 | M73: H L15 | N73: H L20 | O73: H L30 | P73: H Season | Q73: Opp stat
A74: Runs/G | B74: 4.027 | C74: 4.233 | D74: 3.95 | E74: 4.4 | F74: 5.2 | G74: 4.4 | H74: 13th | J74: 12th | K74: 3.4 | L74: 3.7 | M74: 3.933 | N74: 4.45 | O74: 5.033 | P74: 5.439 | Q74: Opp Runs/G
A75: Hits/G | B75: 7.833 | C75: 7.966 | D75: 7.85 | E75: 8.2 | F75: 8.8 | G75: 9 | H75: 5th | I75: ★ | J75: 9th | K75: 7 | L75: 7.9 | M75: 8 | N75: 8 | O75: 8.643 | P75: 9 | Q75: Opp Hits/G
A76: HR/G | B76: 0.694 | C76: 0.586 | D76: 0.7 | E76: 0.8 | F76: 1 | G76: 0.6 | H76: 22nd | J76: — | K76: — | L76: — | M76: — | N76: — | O76: — | P76: — | Q76: Opp HR/G
A77: Batter K/G | B77: 8.306 | C77: 7.724 | D77: 7.9 | E77: 7.2 | F77: 7.7 | G77: 8.4 | H77: 16th | J77: 8th | K77: 9.6 | L77: 9.4 | M77: 9.929 | N77: 8.944 | O77: 8.643 | P77: 8.333 | Q77: Opp Batter K/G
A78: 1st Inn R/G | B78: 0.278 | C78: 0.31 | D78: 0.3 | E78: 0.333 | F78: 0.5 | G78: 1 | H78: 4th | I78: ★★★ | J78: 19th | K78: 0.6 | L78: 0.5 | M78: 0.357 | N78: 0.333 | O78: 0.429 | P78: 0.436 | Q78: Opp 1st Inn R/G

Sheet MLB Rangers @ Guardians
A1: Texas Rangers @ Cleveland Guardians
A2: MLB · 2026-06-29 · L5 window
A61: Texas Rangers offense vs Cleveland Guardians defense
A62: Stat | B62: A Season | C62: A L30 | D62: A L20 | E62: A L15 | F62: A L10 | G62: A L5 | H62: A Rk | I62: Adv | J62: H Rk | K62: H L5 | L62: H L10 | M62: H L15 | N62: H L20 | O62: H L30 | P62: H Season | Q62: Opp stat
A63: Runs/G | B63: 3.909 | C63: 4.1 | D63: 3.6 | E63: 3.467 | F63: 3.4 | G63: 4.6 | H63: 11th | J63: 2nd | K63: 1.8 | L63: 3.1 | M63: 3.533 | N63: 3.8 | O63: 4.2 | P63: 4 | Q63: Opp Runs/G
A64: Hits/G | B64: 7.919 | C64: 7.96 | D64: 7.5 | E64: 7.692 | F64: 7.8 | G64: 9.8 | H64: 2nd | I64: ★ | J64: 5th | K64: 6 | L64: 7.3 | M64: 7.533 | N64: 7.3 | O64: 7.833 | P64: 7.538 | Q64: Opp Hits/G
A65: HR/G | B65: 1 | C65: 1.04 | D65: 0.812 | E65: 0.923 | F65: 0.9 | G65: 1.2 | H65: 10th | J65: — | K65: — | L65: — | M65: — | N65: — | O65: — | P65: — | Q65: Opp HR/G
A66: Batter K/G | B66: 8.595 | C66: 8.44 | D66: 7.5 | E66: 6.846 | F66: 7 | G66: 7.2 | H66: 3rd | J66: 3rd | K66: 11.2 | L66: 10.3 | M66: 9.133 | N66: 9.45 | O66: 9.233 | P66: 9.487 | Q66: Opp Batter K/G
A67: 1st Inn R/G | B67: 0.297 | C67: 0.32 | D67: 0.125 | E67: 0.154 | F67: 0.2 | G67: 0.4 | H67: 19th | J67: 3rd | K67: 0 | L67: 0.1 | M67: 0.467 | N67: 0.45 | O67: 0.367 | P67: 0.308 | Q67: Opp 1st Inn R/G
A69: Cleveland Guardians offense vs Texas Rangers defense
A70: Stat | B70: A Season | C70: A L30 | D70: A L20 | E70: A L15 | F70: A L10 | G70: A L5 | H70: A Rk | I70: Adv | J70: H Rk | K70: H L5 | L70: H L10 | M70: H L15 | N70: H L20 | O70: H L30 | P70: H Season | Q70: Opp stat
A71: Runs/G | B71: 4 | C71: 4.367 | D71: 4.1 | E71: 4 | F71: 3.9 | G71: 2.2 | H71: 27th | J71: 18th | K71: 4 | L71: 4.2 | M71: 4.2 | N71: 4.3 | O71: 4.133 | P71: 3.773 | Q71: Opp Runs/G
A72: Hits/G | B72: 7.308 | C72: 7.733 | D72: 7.15 | E72: 7.267 | F72: 6.6 | G72: 5.4 | H72: 28th | J72: 13th | K72: 7.4 | L72: 8 | M72: 7.769 | N72: 7.75 | O72: 8 | P72: 7.703 | Q72: Opp Hits/G
A73: HR/G | B73: 0.949 | C73: 0.967 | D73: 0.9 | E73: 0.8 | F73: 0.7 | G73: 0.6 | H73: 26th | J73: — | K73: — | L73: — | M73: — | N73: — | O73: — | P73: — | Q73: Opp HR/G
A74: Batter K/G | B74: 7.821 | C74: 7.5 | D74: 8.1 | E74: 7.933 | F74: 7.7 | G74: 7.8 | H74: 10th | I74: ★★★ | J74: 23rd | K74: 7.4 | L74: 6.8 | M74: 7.385 | N74: 7.562 | O74: 7.84 | P74: 8.514 | Q74: Opp Batter K/G
A75: 1st Inn R/G | B75: 0.641 | C75: 0.767 | D75: 0.8 | E75: 0.867 | F75: 0.7 | G75: 0 | H75: 30th | J75: 29th | K75: 1.4 | L75: 1.3 | M75: 1.231 | N75: 1.188 | O75: 1.04 | P75: 0.892 | Q75: Opp 1st Inn R/G

Sheet MLB Reds @ Brewers
A1: Cincinnati Reds @ Milwaukee Brewers
A2: MLB · 2026-06-29 · L5 window
A64: Cincinnati Reds offense vs Milwaukee Brewers defense
A65: Stat | B65: A Season | C65: A L30 | D65: A L20 | E65: A L15 | F65: A L10 | G65: A L5 | H65: A Rk | I65: Adv | J65: H Rk | K65: H L5 | L65: H L10 | M65: H L15 | N65: H L20 | O65: H L30 | P65: H Season | Q65: Opp stat
A66: Runs/G | B66: 4.132 | C66: 4.433 | D66: 4.65 | E66: 4.867 | F66: 3.9 | G66: 5 | H66: 8th | I66: ★ | J66: 11th | K66: 3 | L66: 2.7 | M66: 3.267 | N66: 3.3 | O66: 4.033 | P66: 3.784 | Q66: Opp Runs/G
A67: Hits/G | B67: 7.216 | C67: 7.345 | D67: 7.632 | E67: 8 | F67: 7.667 | G67: 7.8 | H67: 16th | J67: 4th | K67: 5.6 | L67: 5.75 | M67: 6.308 | N67: 6.722 | O67: 7.536 | P67: 7.371 | Q67: Opp Hits/G
A68: HR/G | B68: 1.216 | C68: 1.241 | D68: 1.263 | E68: 1.643 | F68: 0.889 | G68: 1 | H68: 13th | J68: — | K68: — | L68: — | M68: — | N68: — | O68: — | P68: — | Q68: Opp HR/G
A69: Batter K/G | B69: 9.27 | C69: 9.103 | D69: 9.421 | E69: 9.286 | F69: 8.889 | G69: 9.6 | H69: 22nd | J69: 5th | K69: 10 | L69: 10.625 | M69: 10.538 | N69: 10 | O69: 8.929 | P69: 9.571 | Q69: Opp Batter K/G
A70: 1st Inn R/G | B70: 0.595 | C70: 0.621 | D70: 0.421 | E70: 0.429 | F70: 0 | G70: 0 | H70: 26th | J70: 5th | K70: 0 | L70: 0.125 | M70: 0.231 | N70: 0.333 | O70: 0.357 | P70: 0.486 | Q70: Opp 1st Inn R/G
A72: Milwaukee Brewers offense vs Cincinnati Reds defense
A73: Stat | B73: A Season | C73: A L30 | D73: A L20 | E73: A L15 | F73: A L10 | G73: A L5 | H73: A Rk | I73: Adv | J73: H Rk | K73: H L5 | L73: H L10 | M73: H L15 | N73: H L20 | O73: H L30 | P73: H Season | Q73: Opp stat
A74: Runs/G | B74: 4.703 | C74: 4.133 | D74: 4.25 | E74: 3.733 | F74: 4.2 | G74: 4 | H74: 15th | I74: ★★ | J74: 25th | K74: 5.2 | L74: 6 | M74: 6 | N74: 5.15 | O74: 4.933 | P74: 4.658 | Q74: Opp Runs/G
A75: Hits/G | B75: 7.629 | C75: 7.143 | D75: 7.389 | E75: 7 | F75: 7.625 | G75: 7.6 | H75: 18th | I75: ★ | J75: 21st | K75: 8 | L75: 8 | M75: 8.714 | N75: 8.263 | O75: 8.207 | P75: 8.054 | Q75: Opp Hits/G
A76: HR/G | B76: 0.657 | C76: 0.5 | D76: 0.278 | E76: 0.308 | F76: 0.5 | G76: 0.6 | H76: 28th | J76: — | K76: — | L76: — | M76: — | N76: — | O76: — | P76: — | Q76: Opp HR/G
A77: Batter K/G | B77: 8.229 | C77: 8.179 | D77: 7.944 | E77: 8.077 | F77: 7.875 | G77: 8 | H77: 12th | I77: ★ | J77: 16th | K77: 8.4 | L77: 6.667 | M77: 7.143 | N77: 7.105 | O77: 6.966 | P77: 7.432 | Q77: Opp Batter K/G
A78: 1st Inn R/G | B78: 0.629 | C78: 0.536 | D78: 0.5 | E78: 0.692 | F78: 1.125 | G78: 1.6 | H78: 2nd | I78: ★ | J78: 8th | K78: 0.2 | L78: 0.111 | M78: 0.286 | N78: 0.421 | O78: 0.483 | P78: 0.459 | Q78: Opp 1st Inn R/G

Sheet MLB Padres @ Cubs
A1: San Diego Padres @ Chicago Cubs
A2: MLB · 2026-06-29 · L5 window
A63: San Diego Padres offense vs Chicago Cubs defense
A64: Stat | B64: A Season | C64: A L30 | D64: A L20 | E64: A L15 | F64: A L10 | G64: A L5 | H64: A Rk | I64: Adv | J64: H Rk | K64: H L5 | L64: H L10 | M64: H L15 | N64: H L20 | O64: H L30 | P64: H Season | Q64: Opp stat
A65: Runs/G | B65: 4.279 | C65: 4.433 | D65: 3.55 | E65: 3.733 | F65: 2.9 | G65: 3 | H65: 19th | I65: ★ | J65: 24th | K65: 5 | L65: 4.6 | M65: 5 | N65: 4.25 | O65: 4.767 | P65: 4.5 | Q65: Opp Runs/G
A66: Hits/G | B66: 7.139 | C66: 7.167 | D66: 6.444 | E66: 6.357 | F66: 5.111 | G66: 5.8 | H66: 27th | J66: 25th | K66: 8.4 | L66: 7.7 | M66: 8 | N66: 7.9 | O66: 7.966 | P66: 7.595 | Q66: Opp Hits/G
A67: HR/G | B67: 0.972 | C67: 1.167 | D67: 1 | E67: 1.286 | F67: 1.111 | G67: 1 | H67: 15th | J67: — | K67: — | L67: — | M67: — | N67: — | O67: — | P67: — | Q67: Opp HR/G
A68: Batter K/G | B68: 8.139 | C68: 8.042 | D68: 9 | E68: 8.714 | F68: 7.889 | G68: 7.2 | H68: 5th | I68: ★★★ | J68: 25th | K68: 7.4 | L68: 7.3 | M68: 7.2 | N68: 7.35 | O68: 7.552 | P68: 7.838 | Q68: Opp Batter K/G
A69: 1st Inn R/G | B69: 0.222 | C69: 0.292 | D69: 0.333 | E69: 0.429 | F69: 0.556 | G69: 0.8 | H69: 11th | I69: ★★★ | J69: 28th | K69: 1.2 | L69: 0.9 | M69: 0.6 | N69: 0.5 | O69: 0.414 | P69: 0.405 | Q69: Opp 1st Inn R/G
A71: Chicago Cubs offense vs San Diego Padres defense
A72: Stat | B72: A Season | C72: A L30 | D72: A L20 | E72: A L15 | F72: A L10 | G72: A L5 | H72: A Rk | I72: Adv | J72: H Rk | K72: H L5 | L72: H L10 | M72: H L15 | N72: H L20 | O72: H L30 | P72: H Season | Q72: Opp stat
A73: Runs/G | B73: 4.947 | C73: 5.2 | D73: 4.9 | E73: 4.267 | F73: 3.2 | G73: 1.4 | H73: 30th | J73: 4th | K73: 2.4 | L73: 3.4 | M73: 4.4 | N73: 3.95 | O73: 3.667 | P73: 3.674 | Q73: Opp Runs/G
A74: Hits/G | B74: 8.432 | C74: 8.966 | D74: 8.7 | E74: 8.333 | F74: 6.2 | G74: 4.6 | H74: 30th | J74: 19th | K74: 7.8 | L74: 7.778 | M74: 8.857 | N74: 8.444 | O74: 8.125 | P74: 8.111 | Q74: Opp Hits/G
A75: HR/G | B75: 1.135 | C75: 1.241 | D75: 1.25 | E75: 1.133 | F75: 0.5 | G75: 0.6 | H75: 24th | J75: — | K75: — | L75: — | M75: — | N75: — | O75: — | P75: — | Q75: Opp HR/G
A76: Batter K/G | B76: 8.541 | C76: 8.517 | D76: 8.2 | E76: 8.6 | F76: 8.5 | G76: 10 | H76: 25th | J76: 24th | K76: 7.4 | L76: 8.333 | M76: 7.5 | N76: 8.167 | O76: 8.708 | P76: 8.806 | Q76: Opp Batter K/G
A77: 1st Inn R/G | B77: 0.297 | C77: 0.276 | D77: 0.35 | E77: 0.2 | F77: 0.2 | G77: 0 | H77: 29th | J77: 25th | K77: 1 | L77: 0.556 | M77: 0.429 | N77: 0.333 | O77: 0.333 | P77: 0.417 | Q77: Opp 1st Inn R/G

Sheet MLB Twins @ Astros
A1: Minnesota Twins @ Houston Astros
A2: MLB · 2026-06-29 · L5 window
A61: Minnesota Twins offense vs Houston Astros defense
A62: Stat | B62: A Season | C62: A L30 | D62: A L20 | E62: A L15 | F62: A L10 | G62: A L5 | H62: A Rk | I62: Adv | J62: H Rk | K62: H L5 | L62: H L10 | M62: H L15 | N62: H L20 | O62: H L30 | P62: H Season | Q62: Opp stat
A63: Runs/G | B63: 4.405 | C63: 4.233 | D63: 3.55 | E63: 3.4 | F63: 3.3 | G63: 3.6 | H63: 17th | J63: 1st | K63: 1.4 | L63: 2 | M63: 3.333 | N63: 3.85 | O63: 5.167 | P63: 5.077 | Q63: Opp Runs/G
A64: Hits/G | B64: 7.73 | C64: 7.9 | D64: 7.95 | E64: 8 | F64: 8.1 | G64: 8.4 | H64: 10th | J64: 1st | K64: 4.2 | L64: 4.889 | M64: 6.643 | N64: 7.053 | O64: 8.25 | P64: 8.027 | Q64: Opp Hits/G
A65: HR/G | B65: 1.108 | C65: 1.1 | D65: 1 | E65: 1 | F65: 0.9 | G65: 1 | H65: 14th | J65: — | K65: — | L65: — | M65: — | N65: — | O65: — | P65: — | Q65: Opp HR/G
A66: Batter K/G | B66: 8.973 | C66: 8.667 | D66: 8.75 | E66: 9.267 | F66: 8.9 | G66: 8.2 | H66: 15th | I66: ★★ | J66: 26th | K66: 6.4 | L66: 7.333 | M66: 7.214 | N66: 8.105 | O66: 7.857 | P66: 8.73 | Q66: Opp Batter K/G
A67: 1st Inn R/G | B67: 0.595 | C67: 0.733 | D67: 0.45 | E67: 0.267 | F67: 0.3 | G67: 0.4 | H67: 18th | J67: 2nd | K67: 0 | L67: 0 | M67: 0.357 | N67: 0.421 | O67: 0.679 | P67: 0.568 | Q67: Opp 1st Inn R/G
A69: Houston Astros offense vs Minnesota Twins defense
A70: Stat | B70: A Season | C70: A L30 | D70: A L20 | E70: A L15 | F70: A L10 | G70: A L5 | H70: A Rk | I70: Adv | J70: H Rk | K70: H L5 | L70: H L10 | M70: H L15 | N70: H L20 | O70: H L30 | P70: H Season | Q70: Opp stat
A71: Runs/G | B71: 5.026 | C71: 4.533 | D71: 4.35 | E71: 4.533 | F71: 4.5 | G71: 2.4 | H71: 24th | J71: 5th | K71: 2.6 | L71: 3.4 | M71: 4.133 | N71: 4.25 | O71: 4.333 | P71: 4.378 | Q71: Opp Runs/G
A72: Hits/G | B72: 8.27 | C72: 7.821 | D72: 7.158 | E72: 7.571 | F72: 6.556 | G72: 6 | H72: 24th | J72: 3rd | K72: 5.4 | L72: 6.3 | M72: 6.667 | N72: 7.05 | O72: 7.667 | P72: 7.811 | Q72: Opp Hits/G
A73: HR/G | B73: 1.378 | C73: 1.429 | D73: 1.632 | E73: 1.714 | F73: 1.778 | G73: 1 | H73: 12th | J73: — | K73: — | L73: — | M73: — | N73: — | O73: — | P73: — | Q73: Opp HR/G
A74: Batter K/G | B74: 7.595 | C74: 7.429 | D74: 7.474 | E74: 7.071 | F74: 7.111 | G74: 9.2 | H74: 19th | J74: 6th | K74: 9.8 | L74: 7.9 | M74: 7.667 | N74: 8.15 | O74: 8.033 | P74: 8.054 | Q74: Opp Batter K/G
A75: 1st Inn R/G | B75: 0.73 | C75: 0.714 | D75: 0.947 | E75: 0.929 | F75: 0.889 | G75: 0.8 | H75: 8th | I75: ★★★ | J75: 27th | K75: 1.2 | L75: 1.1 | M75: 1.067 | N75: 0.8 | O75: 0.633 | P75: 0.568 | Q75: Opp 1st Inn R/G

Sheet MLB Marlins @ Rockies
A1: Miami Marlins @ Colorado Rockies
A2: MLB · 2026-06-29 · L5 window
A63: Miami Marlins offense vs Colorado Rockies defense
A64: Stat | B64: A Season | C64: A L30 | D64: A L20 | E64: A L15 | F64: A L10 | G64: A L5 | H64: A Rk | I64: Adv | J64: H Rk | K64: H L5 | L64: H L10 | M64: H L15 | N64: H L20 | O64: H L30 | P64: H Season | Q64: Opp stat
A65: Runs/G | B65: 4.25 | C65: 3.9 | D65: 3.9 | E65: 3.867 | F65: 4 | G65: 2.8 | H65: 21st | J65: 23rd | K65: 4.8 | L65: 5.3 | M65: 4.667 | N65: 4.95 | O65: 4.933 | P65: 4.725 | Q65: Opp Runs/G
A66: Hits/G | B66: 8.237 | C66: 7.966 | D66: 7.895 | E66: 8 | F66: 7.6 | G66: 6.2 | H66: 23rd | I66: ★★ | J66: 30th | K66: 10.2 | L66: 10.2 | M66: 9.533 | N66: 10 | O66: 9.207 | P66: 9.231 | Q66: Opp Hits/G
A67: HR/G | B67: 0.895 | C67: 0.897 | D67: 1.053 | E67: 1.214 | F67: 1.4 | G67: 1.2 | H67: 7th | J67: — | K67: — | L67: — | M67: — | N67: — | O67: — | P67: — | Q67: Opp HR/G
A68: Batter K/G | B68: 7.842 | C68: 7.828 | D68: 7.737 | E68: 7.714 | F68: 8.4 | G68: 9.6 | H68: 21st | I68: ★★ | J68: 28th | K68: 6.4 | L68: 6.5 | M68: 7.067 | N68: 7.55 | O68: 7.31 | P68: 7.462 | Q68: Opp Batter K/G
A69: 1st Inn R/G | B69: 0.737 | C69: 0.655 | D69: 0.789 | E69: 0.786 | F69: 0.8 | G69: 0.8 | H69: 7th | I69: ★★ | J69: 17th | K69: 0.4 | L69: 0.8 | M69: 0.6 | N69: 0.6 | O69: 0.586 | P69: 0.718 | Q69: Opp 1st Inn R/G
A71: Colorado Rockies offense vs Miami Marlins defense
A72: Stat | B72: A Season | C72: A L30 | D72: A L20 | E72: A L15 | F72: A L10 | G72: A L5 | H72: A Rk | I72: Adv | J72: H Rk | K72: H L5 | L72: H L10 | M72: H L15 | N72: H L20 | O72: H L30 | P72: H Season | Q72: Opp stat
A73: Runs/G | B73: 3.9 | C73: 3.9 | D73: 3.9 | E73: 4.067 | F73: 3.5 | G73: 2.4 | H73: 25th | I73: ★ | J73: 28th | K73: 5.6 | L73: 5.3 | M73: 4.733 | N73: 4.7 | O73: 4.633 | P73: 4.725 | Q73: Opp Runs/G
A74: Hits/G | B74: 8.128 | C74: 8.207 | D74: 8.2 | E74: 8.4 | F74: 7.6 | G74: 6.8 | H74: 21st | J74: 20th | K74: 8 | L74: 8.7 | M74: 8.643 | N74: 8.158 | O74: 8.207 | P74: 7.711 | Q74: Opp Hits/G
A75: HR/G | B75: 0.846 | C75: 0.828 | D75: 0.65 | E75: 0.667 | F75: 0.6 | G75: 0.2 | H75: 30th | J75: — | K75: — | L75: — | M75: — | N75: — | O75: — | P75: — | Q75: Opp HR/G
A76: Batter K/G | B76: 9.103 | C76: 8.517 | D76: 8.05 | E76: 8.4 | F76: 8.3 | G76: 7.2 | H76: 4th | I76: ★ | J76: 9th | K76: 9.4 | L76: 8.5 | M76: 8.071 | N76: 8.579 | O76: 8.207 | P76: 8.632 | Q76: Opp Batter K/G
A77: 1st Inn R/G | B77: 0.462 | C77: 0.414 | D77: 0.4 | E77: 0.4 | F77: 0.5 | G77: 0.2 | H77: 23rd | J77: 23rd | K77: 1 | L77: 1.3 | M77: 0.929 | N77: 0.737 | O77: 0.724 | P77: 0.763 | Q77: Opp 1st Inn R/G
